image_path,label,contrast_mean,contrast_std,dissimilarity_mean,dissimilarity_std,homogeneity_mean,homogeneity_std,energy_mean,energy_std,correlation_mean,correlation_std,ASM_mean,ASM_std
C:\Users\Fakhri\Downloads\klasifikasi_jenis_kain_glcm_knn\klasifikasi_jenis_kain_glcm_knn\dataset\Blended\blended_001.png,Blended,35.92288367885834,21.708229968173846,4.394590359017253,1.4921832522294765,0.22999257597864312,0.07219136418306818,0.045072813430589866,0.007280674233666815,0.7485091692762694,0.1519468296160762,0.002084566727845542,0.0006751553384566749
C:\Users\Fakhri\Downloads\klasifikasi_jenis_kain_glcm_knn\klasifikasi_jenis_kain_glcm_knn\dataset\Blended\blended_002.png,Blended,33.581680349789536,20.4645960672814,4.2149685226006195,1.432062843966156,0.23990606940806483,0.07429742721712955,0.04960088389150503,0.008072123104519676,0.7349575742124189,0.16142952656624804,0.002525406854233083,0.0008244736268345659
C:\Users\Fakhri\Downloads\klasifikasi_jenis_kain_glcm_knn\klasifikasi_jenis_kain_glcm_knn\dataset\Blended\blended_003.png,Blended,33.581680349789536,20.4645960672814,4.2149685226006195,1.432062843966156,0.23990606940806483,0.07429742721712955,0.04960088389150503,0.008072123104519676,0.7349575742124189,0.16142952656624804,0.002525406854233083,0.0008244736268345659
C:\Users\Fakhri\Downloads\klasifikasi_jenis_kain_glcm_knn\klasifikasi_jenis_kain_glcm_knn\dataset\Blended\blended_004.png,Blended,33.6828857535978,20.874746644905137,4.242685716897976,1.477788015847806,0.23938069486876964,0.07593935052367982,0.04613711931813622,0.007762748094073548,0.7789327899829415,0.1371027720364585,0.002188894036947982,0.0007366274962306666
C:\Users\Fakhri\Downloads\klasifikasi_jenis_kain_glcm_knn\klasifikasi_jenis_kain_glcm_knn\dataset\Blended\blended_005.png,Blended,31.282393219550016,20.848298201152048,4.0369205501232175,1.4941102600569418,0.25701247930219784,0.08447326035895217,0.05110329722232997,0.009229877868668435,0.8148256541894119,0.12361883520209152,0.0026967376324643325,0.0009767357755715766
C:\Users\Fakhri\Downloads\klasifikasi_jenis_kain_glcm_knn\klasifikasi_jenis_kain_glcm_knn\dataset\Blended\blended_006.png,Blended,38.48543482327434,23.498312345694675,4.549152396870538,1.5636859669440135,0.2251227368777106,0.07258585245980394,0.04569545025796152,0.007428307259361237,0.7208868300103451,0.1704400682759195,0.002143253923017315,0.0006992052840363068
C:\Users\Fakhri\Downloads\klasifikasi_jenis_kain_glcm_knn\klasifikasi_jenis_kain_glcm_knn\dataset\Blended\blended_007.png,Blended,32.68637170978635,19.43002847050184,4.14788229517211,1.3939131869633226,0.24835151797772936,0.07642464897656591,0.05355534856464008,0.008791111962451924,0.7184436826346765,0.16720680685845749,0.0029454590094164616,0.000966168995443772
C:\Users\Fakhri\Downloads\klasifikasi_jenis_kain_glcm_knn\klasifikasi_jenis_kain_glcm_knn\dataset\Blended\blended_008.png,Blended,38.031372502106564,22.900596225590274,4.5032410173222175,1.5287121985690657,0.2297477245353083,0.07284548559543146,0.045484450720451854,0.007505508767058208,0.7386750509431842,0.15740241280035053,0.002125167919193601,0.0007050775306575906
C:\Users\Fakhri\Downloads\klasifikasi_jenis_kain_glcm_knn\klasifikasi_jenis_kain_glcm_knn\dataset\Blended\blended_009.png,Blended,33.479136580232634,20.11795968686037,4.182912593817252,1.4297504849018083,0.24871551018562532,0.07667564596117774,0.0505766902059206,0.008649552485707741,0.7735682869096426,0.13623054308277907,0.0026328163503886778,0.0008979374070925864
C:\Users\Fakhri\Downloads\klasifikasi_jenis_kain_glcm_knn\klasifikasi_jenis_kain_glcm_knn\dataset\Blended\blended_010.png,Blended,17.67927460287527,8.578130694088067,2.894777255991036,0.8109511217537695,0.3249699293516449,0.07276723348665516,0.07125703618998426,0.009607010117796088,0.7322171397234617,0.12991702522192405,0.005169859849984162,0.001400780658986962
C:\Users\Fakhri\Downloads\klasifikasi_jenis_kain_glcm_knn\klasifikasi_jenis_kain_glcm_knn\dataset\Blended\blended_011.png,Blended,14.402802813660067,8.008027114118946,2.537703014220987,0.8323427075982993,0.3612347522380986,0.09286888775341684,0.0888795630031356,0.014190907508666927,0.6644555045335757,0.1861225822577898,0.008100958575547887,0.0027103730091565005
C:\Users\Fakhri\Downloads\klasifikasi_jenis_kain_glcm_knn\klasifikasi_jenis_kain_glcm_knn\dataset\Blended\blended_012.png,Blended,16.413170076839325,8.000571582801916,2.8766265254124925,0.8018976493236891,0.3177584791114553,0.07194297386173114,0.06256568328629095,0.00855437100911813,0.8128166567877453,0.09127935613916265,0.003987641988442107,0.001094595476188417
C:\Users\Fakhri\Downloads\klasifikasi_jenis_kain_glcm_knn\klasifikasi_jenis_kain_glcm_knn\dataset\Blended\blended_013.png,Blended,25.030879166489115,15.293953031245213,3.5658993480580015,1.222471825432982,0.2750301915095958,0.08375227396402415,0.05006974869281081,0.00881218769592536,0.8119026409199755,0.11525696566240234,0.002584634386149449,0.0009582399040267456
C:\Users\Fakhri\Downloads\klasifikasi_jenis_kain_glcm_knn\klasifikasi_jenis_kain_glcm_knn\dataset\Blended\blended_014.png,Blended,3.2610670653728504,1.9751288268635974,1.2754288681415809,0.4378651105341628,0.5334569151675239,0.09995543786437008,0.12664847347729086,0.018571918223356264,0.9186662671514249,0.049404263915864256,0.016384751980623082,0.004794754641883417
C:\Users\Fakhri\Downloads\klasifikasi_jenis_kain_glcm_knn\klasifikasi_jenis_kain_glcm_knn\dataset\Blended\blended_015.png,Blended,4.316671625209376,2.6402471604206035,1.5191601466937648,0.5285986150932209,0.4759679353539618,0.10658680532952229,0.10117444436813285,0.01653529381089502,0.8939888446758842,0.06490001249317462,0.010509684134613033,0.0034554235444927217
C:\Users\Fakhri\Downloads\klasifikasi_jenis_kain_glcm_knn\klasifikasi_jenis_kain_glcm_knn\dataset\Blended\blended_016.png,Blended,2.2637656405654014,1.3876154874507862,1.0026471616386365,0.3523177302401779,0.610397469557444,0.09270612081791689,0.1760769413758758,0.02081023770021353,0.9564599743642846,0.02683891167178065,0.03143615527742299,0.007420679453580991
C:\Users\Fakhri\Downloads\klasifikasi_jenis_kain_glcm_knn\klasifikasi_jenis_kain_glcm_knn\dataset\Blended\blended_017.png,Blended,2.515603901195849,1.4232239848677781,0.9649389499291418,0.31347029067467375,0.6482831457109056,0.07305392485992529,0.2812320951353953,0.014512072646870275,0.9628362073163053,0.021206795665333365,0.0793020915867521,0.008165553253167016
C:\Users\Fakhri\Downloads\klasifikasi_jenis_kain_glcm_knn\klasifikasi_jenis_kain_glcm_knn\dataset\Blended\blended_018.png,Blended,6.339984049567515,3.363870005943294,1.6726258910152072,0.5014552229362179,0.4764099775732152,0.08521601256011391,0.0899002545206589,0.012311737349968516,0.9531864196546326,0.024956738899502503,0.008233634639453863,0.0022608851728391087
C:\Users\Fakhri\Downloads\klasifikasi_jenis_kain_glcm_knn\klasifikasi_jenis_kain_glcm_knn\dataset\Blended\blended_019.png,Blended,7.285354348089258,4.304353042176546,1.9153989273226832,0.6476614709269659,0.4190627939265225,0.10017435958542632,0.0754370544222779,0.012988054412996634,0.9267207908653,0.04324600698932295,0.005859438737344679,0.0020900373438013957
C:\Users\Fakhri\Downloads\klasifikasi_jenis_kain_glcm_knn\klasifikasi_jenis_kain_glcm_knn\dataset\Blended\blended_020.png,Blended,5.808112225052901,3.0467199086177543,1.5278604690512545,0.4575051711020321,0.5225167642894855,0.07875835156096939,0.11985129918502309,0.013220028505875484,0.9670859388809737,0.017264484271303546,0.01453910307003408,0.0032148676047316156
C:\Users\Fakhri\Downloads\klasifikasi_jenis_kain_glcm_knn\klasifikasi_jenis_kain_glcm_knn\dataset\Blended\blended_021.png,Blended,8.432160624304414,5.016593443619446,1.7209594406043598,0.5773029026180241,0.5324020918624888,0.07686858944271649,0.21138965236519125,0.013913230961074415,0.9597277544761865,0.024024667746382327,0.04487916312285261,0.005879670219112536
C:\Users\Fakhri\Downloads\klasifikasi_jenis_kain_glcm_knn\klasifikasi_jenis_kain_glcm_knn\dataset\Blended\blended_022.png,Blended,6.370551327536891,4.033078750389187,1.903858427415085,0.706525018288394,0.4055533398661935,0.1217960386001503,0.10011424664226581,0.01829021643983987,0.7854908276242324,0.13642893589880214,0.010357394398164622,0.003841914047716916
C:\Users\Fakhri\Downloads\klasifikasi_jenis_kain_glcm_knn\klasifikasi_jenis_kain_glcm_knn\dataset\Blended\blended_023.png,Blended,7.467723278367615,4.9180447653481325,2.0532184526134354,0.7845306669900383,0.3885862271506528,0.12118138843301665,0.09101981169638834,0.017570097547430986,0.8011246583051185,0.1311360282170133,0.008593314449072234,0.0033635782447820777
C:\Users\Fakhri\Downloads\klasifikasi_jenis_kain_glcm_knn\klasifikasi_jenis_kain_glcm_knn\dataset\Blended\blended_024.png,Blended,8.504598965312958,5.556055975702329,2.1674764367191295,0.8223597870901644,0.3800106229573739,0.11714225419955264,0.08036953401120796,0.01577936331339112,0.8384919399650467,0.1056599026454032,0.006708250303754707,0.002667396812922597
C:\Users\Fakhri\Downloads\klasifikasi_jenis_kain_glcm_knn\klasifikasi_jenis_kain_glcm_knn\dataset\Blended\blended_025.png,Blended,8.25195326740768,5.134482113186633,2.138805517843507,0.7647758331741445,0.380187583769032,0.1098308157527675,0.06991999384872662,0.012691953858678115,0.9137701827575011,0.05375318710209303,0.005049891232556783,0.0018401717421265929
C:\Users\Fakhri\Downloads\klasifikasi_jenis_kain_glcm_knn\klasifikasi_jenis_kain_glcm_knn\dataset\Blended\blended_026.png,Blended,7.458071247701343,4.597054325299897,2.020025672582688,0.6990338447762294,0.3957978333573149,0.10682214072585808,0.09557467025425354,0.017493726161565235,0.7967841292844758,0.12498718721811852,0.009440548049225126,0.0036702155841852216
C:\Users\Fakhri\Downloads\klasifikasi_jenis_kain_glcm_knn\klasifikasi_jenis_kain_glcm_knn\dataset\Blended\blended_027.png,Blended,11.97962197376764,8.14364702551003,2.6388617155363274,1.0257635358392825,0.3209082986947077,0.12120858037922827,0.0846507924757197,0.016854479074496182,0.6341710060466629,0.2485628622196501,0.007449830131639989,0.0033104318786927236
C:\Users\Fakhri\Downloads\klasifikasi_jenis_kain_glcm_knn\klasifikasi_jenis_kain_glcm_knn\dataset\Blended\blended_028.png,Blended,8.279634654494183,5.074742988884473,2.1275621050075646,0.732982125987151,0.3833387874296293,0.104566831363799,0.0852046380510118,0.015470780133313149,0.8402659676631795,0.09781537910156579,0.007499175383337244,0.0028489446400069445
C:\Users\Fakhri\Downloads\klasifikasi_jenis_kain_glcm_knn\klasifikasi_jenis_kain_glcm_knn\dataset\Blended\blended_029.png,Blended,15.858098921726556,11.105919130216876,3.0206456208174366,1.211704186417624,0.2937363927007409,0.12012739744937273,0.06726274513707135,0.01429744217512727,0.7526413447373886,0.17352965350990307,0.004728693736125724,0.0022426871801546067
C:\Users\Fakhri\Downloads\klasifikasi_jenis_kain_glcm_knn\klasifikasi_jenis_kain_glcm_knn\dataset\Blended\blended_030.png,Blended,3.0664339897552453,1.269503818015489,1.0948587132794991,0.2740951830599548,0.6026734551133115,0.06734017610133418,0.20554889753474412,0.021059222591669105,0.6811049864914884,0.13193142254729393,0.0426938401339142,0.008778469034913585
C:\Users\Fakhri\Downloads\klasifikasi_jenis_kain_glcm_knn\klasifikasi_jenis_kain_glcm_knn\dataset\Blended\blended_031.png,Blended,4.657816160556027,1.9450917786596698,1.3835389849323494,0.34252406230437193,0.5418187995908288,0.06949842199616305,0.1790963846322489,0.01915725930360943,0.6814610230016042,0.1327730120867215,0.032442515572368165,0.006967327753027454
C:\Users\Fakhri\Downloads\klasifikasi_jenis_kain_glcm_knn\klasifikasi_jenis_kain_glcm_knn\dataset\Blended\blended_032.png,Blended,4.238185757738268,1.7866896285853442,1.3092188850197541,0.33103627576681494,0.557154213340348,0.07096299219128206,0.18541544794884998,0.02026941126740377,0.6760237404153561,0.1363584029409442,0.03478973737119986,0.007632194499725943
C:\Users\Fakhri\Downloads\klasifikasi_jenis_kain_glcm_knn\klasifikasi_jenis_kain_glcm_knn\dataset\Blended\blended_033.png,Blended,4.376739840585096,1.8036584866725371,1.2997888108371036,0.31855580958613916,0.5681266838753208,0.06606240906928032,0.19227747270793374,0.019345495631373163,0.7190753064870942,0.1158389029270866,0.037344874712173674,0.00753601680841879
C:\Users\Fakhri\Downloads\klasifikasi_jenis_kain_glcm_knn\klasifikasi_jenis_kain_glcm_knn\dataset\Blended\blended_034.png,Blended,7.119922904950809,4.195653822816503,1.875156787669065,0.6183850428687542,0.43526404599917407,0.09326191690084522,0.0798008909721005,0.012585239727735936,0.9010208327605441,0.05837700320873134,0.006526570458945652,0.002047525266707719
C:\Users\Fakhri\Downloads\klasifikasi_jenis_kain_glcm_knn\klasifikasi_jenis_kain_glcm_knn\dataset\Blended\blended_035.png,Blended,5.097784755455208,3.574103611808738,1.4739706690612533,0.5633829698325948,0.529080002589518,0.09719541945413587,0.15246924565058953,0.019207446456829765,0.9153327000445559,0.059439425125844145,0.023615796868651787,0.005899619646054337
C:\Users\Fakhri\Downloads\klasifikasi_jenis_kain_glcm_knn\klasifikasi_jenis_kain_glcm_knn\dataset\Blended\blended_036.png,Blended,5.2404909482264985,3.004558205159514,1.560300532732323,0.509634738703747,0.4932536940227759,0.09289301110523578,0.09972796493964309,0.014553694554832554,0.9416646410503126,0.03355494472588774,0.01015747701619804,0.0029440957224474316
C:\Users\Fakhri\Downloads\klasifikasi_jenis_kain_glcm_knn\klasifikasi_jenis_kain_glcm_knn\dataset\Blended\blended_037.png,Blended,6.6937222986144675,4.710233937808147,1.5850739680866266,0.5993402221570161,0.5422911305201029,0.08509095986904625,0.21769719337460972,0.01498877037657933,0.970549686639753,0.020730443669807346,0.04761673124058404,0.006461426404874947
C:\Users\Fakhri\Downloads\klasifikasi_jenis_kain_glcm_knn\klasifikasi_jenis_kain_glcm_knn\dataset\Blended\blended_038.png,Blended,6.597089312643308,3.9567769156248507,1.8085738070622153,0.6072829288303774,0.44481246506061617,0.09566018465690858,0.08769694277322643,0.013877996782028484,0.8978256849644017,0.061490508368841734,0.007883352566452543,0.0024864137348266546
C:\Users\Fakhri\Downloads\klasifikasi_jenis_kain_glcm_knn\klasifikasi_jenis_kain_glcm_knn\dataset\Blended\blended_039.png,Blended,5.9258521972946445,3.879677833901553,1.6563314725443619,0.6051937741395143,0.4828234098647073,0.10094265761527116,0.11319101106211,0.01773779929069568,0.8838582488628366,0.0761990738323157,0.013126834508939719,0.004088270384056214
C:\Users\Fakhri\Downloads\klasifikasi_jenis_kain_glcm_knn\klasifikasi_jenis_kain_glcm_knn\dataset\Blended\blended_040.png,Blended,6.021967021234041,3.5398220562357396,1.6917905221996001,0.5585609839638994,0.4711956238633664,0.09273902700541398,0.09058991908575843,0.013769358876583164,0.9441995019242652,0.03294828794509665,0.008396128683836398,0.002539575340115805
C:\Users\Fakhri\Downloads\klasifikasi_jenis_kain_glcm_knn\klasifikasi_jenis_kain_glcm_knn\dataset\Blended\blended_041.png,Blended,5.799419253707145,3.9253106898489527,1.4984796978141957,0.5659262413410382,0.5442215289887385,0.09220919077959103,0.2013597773088952,0.020413149231484278,0.957782763344571,0.028745780575678163,0.040962456579434724,0.008142522805937568
C:\Users\Fakhri\Downloads\klasifikasi_jenis_kain_glcm_knn\klasifikasi_jenis_kain_glcm_knn\dataset\Blended\blended_042.png,Blended,14.6522918621236,9.75285584961481,2.750146452858901,0.9900551505198114,0.33322488701376146,0.09221466108483274,0.06564582347864946,0.011188903700851755,0.8039130678805497,0.1305715690798432,0.004434565706216939,0.0015397528111143067
C:\Users\Fakhri\Downloads\klasifikasi_jenis_kain_glcm_knn\klasifikasi_jenis_kain_glcm_knn\dataset\Blended\blended_043.png,Blended,9.15098751254782,5.10980001044477,2.1223953308734633,0.6711183762855464,0.4059824826623921,0.08869956231103322,0.08172001667744806,0.01242942821171665,0.8309115266995878,0.0945826752541751,0.006832651811432606,0.0020764177658901266
C:\Users\Fakhri\Downloads\klasifikasi_jenis_kain_glcm_knn\klasifikasi_jenis_kain_glcm_knn\dataset\Blended\blended_044.png,Blended,9.836122922158546,6.291800582844666,2.2370620600337734,0.7852012662960717,0.38681468350059106,0.09586223446034532,0.07996529900324972,0.013160434442312099,0.8473805978108886,0.09791925647454854,0.006567646079389525,0.0021898733997846396
C:\Users\Fakhri\Downloads\klasifikasi_jenis_kain_glcm_knn\klasifikasi_jenis_kain_glcm_knn\dataset\Blended\blended_045.png,Blended,9.965674468254822,5.705277908341963,2.143633228305245,0.6949319094539602,0.4224356457997378,0.08691781282214377,0.09905392174348893,0.01432975816353354,0.8897052215457192,0.06327173920356328,0.010017021381790586,0.0028589772784360697
C:\Users\Fakhri\Downloads\klasifikasi_jenis_kain_glcm_knn\klasifikasi_jenis_kain_glcm_knn\dataset\Blended\blended_046.png,Blended,31.342443151562875,14.211826936949562,3.885315021106678,1.0082657179534447,0.2667416178038946,0.06197734274150935,0.060563057072760405,0.007679512647460035,0.6510995197307702,0.1580024239129812,0.003726858796500933,0.0009635622509294369
C:\Users\Fakhri\Downloads\klasifikasi_jenis_kain_glcm_knn\klasifikasi_jenis_kain_glcm_knn\dataset\Blended\blended_047.png,Blended,36.95737205821819,20.409640340558223,4.244977184192008,1.308593547859184,0.25232990816538275,0.06986242093978243,0.05451579652544953,0.008402207228232685,0.677908646593703,0.17749737009831149,0.00304256915711038,0.0009780059837199604
C:\Users\Fakhri\Downloads\klasifikasi_jenis_kain_glcm_knn\klasifikasi_jenis_kain_glcm_knn\dataset\Blended\blended_048.png,Blended,34.203011690052115,15.570962835451848,3.9308611352164298,1.0335631375775143,0.27629771376951806,0.06363159517553543,0.06074212027876378,0.00812847552419278,0.6784710781537052,0.14611837835857133,0.0037556772903072078,0.0010175544126947056
C:\Users\Fakhri\Downloads\klasifikasi_jenis_kain_glcm_knn\klasifikasi_jenis_kain_glcm_knn\dataset\Blended\blended_049.png,Blended,45.4879798896092,25.06215006418383,4.748953580057599,1.4650121715227646,0.2307677633319282,0.06639584990550985,0.04716325217196745,0.007424200318026969,0.6920108529480241,0.1692368322187254,0.002279491105798784,0.0007511017745830034
C:\Users\Fakhri\Downloads\klasifikasi_jenis_kain_glcm_knn\klasifikasi_jenis_kain_glcm_knn\dataset\Blended\blended_050.png,Blended,19.584976618372398,12.56982059989785,3.3676591663258164,1.2199590603876582,0.26453562114623885,0.0913324449942194,0.06019174150993541,0.009641956716660903,0.7380947757315526,0.16814710403375238,0.0037160130753248442,0.001195259563882029
C:\Users\Fakhri\Downloads\klasifikasi_jenis_kain_glcm_knn\klasifikasi_jenis_kain_glcm_knn\dataset\Blended\blended_051.png,Blended,20.13894081299181,13.553938814033376,3.432603682478886,1.3212526210044988,0.2602223688573177,0.09951452654561987,0.06382864783961906,0.010334881925623396,0.6628725879491869,0.22702940770249608,0.004180906069450684,0.001374086165915024
C:\Users\Fakhri\Downloads\klasifikasi_jenis_kain_glcm_knn\klasifikasi_jenis_kain_glcm_knn\dataset\Blended\blended_052.png,Blended,18.090826483638015,11.216433483319811,3.251863162534279,1.1332597115137724,0.27040619415049244,0.08881915040935459,0.056771381543899935,0.009003644604616404,0.8062669182721199,0.12015241229966368,0.0033040553785693007,0.0010504040097993226
C:\Users\Fakhri\Downloads\klasifikasi_jenis_kain_glcm_knn\klasifikasi_jenis_kain_glcm_knn\dataset\Blended\blended_053.png,Blended,27.36285654814432,19.334155053073818,3.945543853079354,1.6416731653925034,0.23904308725626486,0.10499337492528506,0.053371152193325805,0.009825712167760231,0.746258807494566,0.17971977131407355,0.002945024506046817,0.0011027330279801048
C:\Users\Fakhri\Downloads\klasifikasi_jenis_kain_glcm_knn\klasifikasi_jenis_kain_glcm_knn\dataset\Blended\blended_054.png,Blended,26.747235671509454,18.722345157980932,3.8735385888880374,1.5660283129231565,0.24276025490074624,0.1006443581115203,0.05755600912603625,0.009956177667627849,0.6431252002747915,0.24991165622943073,0.0034118196602657383,0.0012367093991486043
C:\Users\Fakhri\Downloads\klasifikasi_jenis_kain_glcm_knn\klasifikasi_jenis_kain_glcm_knn\dataset\Blended\blended_055.png,Blended,12.925189197859401,7.219076489785771,2.7650665819905775,0.857240582920441,0.30240354554089394,0.08176411520507125,0.07155214283900631,0.010075740280913644,0.7456153380197218,0.1425688964015031,0.005221229687061987,0.0014935584016518202
C:\Users\Fakhri\Downloads\klasifikasi_jenis_kain_glcm_knn\klasifikasi_jenis_kain_glcm_knn\dataset\Blended\blended_056.png,Blended,24.253446966138085,16.824462476589847,3.7286398541199266,1.471158228068773,0.2466492998632822,0.09658197408988027,0.05552124940195405,0.009308090722115773,0.7223842019042412,0.19309279010315716,0.003169249688045121,0.0011060306539425059
C:\Users\Fakhri\Downloads\klasifikasi_jenis_kain_glcm_knn\klasifikasi_jenis_kain_glcm_knn\dataset\Blended\blended_057.png,Blended,18.31812153657642,10.865833545256333,3.2373194656061375,1.065890952655235,0.2758580016076894,0.08153444292102606,0.0563367993771526,0.008699037864927164,0.8107489633837138,0.11230849529466011,0.003249508223836977,0.0010136567753126387
C:\Users\Fakhri\Downloads\klasifikasi_jenis_kain_glcm_knn\klasifikasi_jenis_kain_glcm_knn\dataset\Blended\blended_058.png,Blended,13.161241289688595,5.647248112424476,2.530280412792717,0.6690923434759372,0.3704640462361141,0.08115156196763314,0.12644566043816563,0.015200636656431652,0.30187020503744233,0.2989865483960328,0.016219564398404735,0.004085877220330841
C:\Users\Fakhri\Downloads\klasifikasi_jenis_kain_glcm_knn\klasifikasi_jenis_kain_glcm_knn\dataset\Blended\blended_059.png,Blended,14.985369618094381,5.954278045671236,2.7047127440052985,0.653115297382542,0.36418866463567734,0.06874908428503981,0.12428061513088363,0.015785185097758263,0.3996880885615839,0.2378929277732482,0.015694843365881308,0.004013951502428647
C:\Users\Fakhri\Downloads\klasifikasi_jenis_kain_glcm_knn\klasifikasi_jenis_kain_glcm_knn\dataset\Blended\blended_060.png,Blended,14.778229513790327,6.337804503520162,2.654024342924817,0.7126230129708074,0.3737636643548412,0.0822831225647277,0.12448445063508988,0.018275436677960357,0.3919698113720311,0.2600189035500267,0.015830370035690263,0.004727551539645688
C:\Users\Fakhri\Downloads\klasifikasi_jenis_kain_glcm_knn\klasifikasi_jenis_kain_glcm_knn\dataset\Blended\blended_061.png,Blended,13.976567036224926,5.9058854282708655,2.3934053811633333,0.6260195518093261,0.44332856869193243,0.07110034838138261,0.17555823685087923,0.022617509105226977,0.5447511504885518,0.19222996121516034,0.03133224624431444,0.007915667424070112
C:\Users\Fakhri\Downloads\klasifikasi_jenis_kain_glcm_knn\klasifikasi_jenis_kain_glcm_knn\dataset\Blended\blended_062.png,Blended,10.584785779611918,4.634050903537854,2.138644327122783,0.5713857638225569,0.4478412767128313,0.07635816272653526,0.16324138012010692,0.02254504095295277,0.5223392476506342,0.20881350631766044,0.02715602705508757,0.007359452045939626
C:\Users\Fakhri\Downloads\klasifikasi_jenis_kain_glcm_knn\klasifikasi_jenis_kain_glcm_knn\dataset\Blended\blended_063.png,Blended,14.561103128743321,6.750713659881508,2.7399602014943922,0.7626405056456685,0.34205912049580633,0.0826267778374654,0.11490566726568878,0.014653333882657438,0.3392298683318949,0.30579079927706215,0.013418032563649812,0.0035938878489635085
C:\Users\Fakhri\Downloads\klasifikasi_jenis_kain_glcm_knn\klasifikasi_jenis_kain_glcm_knn\dataset\Blended\blended_064.png,Blended,14.152949608303622,5.905508187752009,2.577038696418199,0.6504109120648655,0.3788274162184675,0.07226868676553043,0.12673473104992858,0.01633222620240096,0.4693919236396555,0.22105243674010264,0.01632843366702412,0.004248981329777959
C:\Users\Fakhri\Downloads\klasifikasi_jenis_kain_glcm_knn\klasifikasi_jenis_kain_glcm_knn\dataset\Blended\blended_065.png,Blended,17.13341084991546,8.077328665770283,2.910864413832686,0.8349580083918272,0.34654106757274455,0.08360220741841715,0.10727070723123354,0.017134644170345402,0.443281195734178,0.2620740869850874,0.01180060066073337,0.003846649342292143
C:\Users\Fakhri\Downloads\klasifikasi_jenis_kain_glcm_knn\klasifikasi_jenis_kain_glcm_knn\dataset\Blended\blended_066.png,Blended,3.8918721526820765,1.9555195105621976,1.3159697870094222,0.3884690612797824,0.5430758988758742,0.08462552458931731,0.19219359725451493,0.02332101636268182,0.5582502294424795,0.2219748445698845,0.03748224862981917,0.009142327977766523
C:\Users\Fakhri\Downloads\klasifikasi_jenis_kain_glcm_knn\klasifikasi_jenis_kain_glcm_knn\dataset\Blended\blended_067.png,Blended,4.817338373723014,2.3565514527072287,1.4593199454274222,0.4159441711758213,0.5216478267789451,0.08031489280917357,0.1826782152302446,0.02182117220189763,0.5905610663454952,0.20022264111345234,0.03384749387597245,0.008083841291180489
C:\Users\Fakhri\Downloads\klasifikasi_jenis_kain_glcm_knn\klasifikasi_jenis_kain_glcm_knn\dataset\Blended\blended_068.png,Blended,5.7625256795013895,2.979879960124862,1.63621333771865,0.49162757409998814,0.48355091825245067,0.08808236811081518,0.1646564391609913,0.02116757822562209,0.5240128781013188,0.24592052553438226,0.02755980932511506,0.007155526767130772
C:\Users\Fakhri\Downloads\klasifikasi_jenis_kain_glcm_knn\klasifikasi_jenis_kain_glcm_knn\dataset\Blended\blended_069.png,Blended,6.6582816575181285,3.1520977946878603,1.7029528868240436,0.468536504938236,0.48794350878043197,0.07668961764250315,0.16600854224781328,0.020335655754741038,0.5729230954811289,0.20190965950654952,0.02797237499421935,0.006829939828674884
C:\Users\Fakhri\Downloads\klasifikasi_jenis_kain_glcm_knn\klasifikasi_jenis_kain_glcm_knn\dataset\Blended\blended_070.png,Blended,3.5827344323871677,1.739141108265665,1.2167205326700827,0.34465625664623195,0.5755018598525952,0.07573466322782264,0.2153614291321003,0.02373997094327858,0.6199132956341419,0.18447415489491864,0.04694413137820838,0.010314963985657493
C:\Users\Fakhri\Downloads\klasifikasi_jenis_kain_glcm_knn\klasifikasi_jenis_kain_glcm_knn\dataset\Blended\blended_071.png,Blended,4.041313249067044,2.009855236315938,1.3663908830032472,0.389362296685147,0.528488121200502,0.08109767964743071,0.17895891956585164,0.02118746168511916,0.6254109324470186,0.18620246228638,0.03247520342483535,0.007720451915506801
C:\Users\Fakhri\Downloads\klasifikasi_jenis_kain_glcm_knn\klasifikasi_jenis_kain_glcm_knn\dataset\Blended\blended_072.png,Blended,5.594036420452565,2.8523702411406617,1.585082853172816,0.46451486799118685,0.5001244320240579,0.08197622428446373,0.16972380662437211,0.021169997925254584,0.61626481504762,0.1954485749873168,0.029254339347222536,0.007278837054701023
C:\Users\Fakhri\Downloads\klasifikasi_jenis_kain_glcm_knn\klasifikasi_jenis_kain_glcm_knn\dataset\Blended\blended_073.png,Blended,5.158001266517014,2.6453085610056903,1.5688239252761422,0.46208599464451705,0.49127721773850186,0.08465424501038532,0.16005738847997514,0.020447905531859267,0.6452599123698133,0.18193006889598534,0.02603648444766951,0.006662277976826048
C:\Users\Fakhri\Downloads\klasifikasi_jenis_kain_glcm_knn\klasifikasi_jenis_kain_glcm_knn\dataset\Blended\blended_074.png,Blended,18.99660502713236,11.80679908020611,3.139566981578119,1.057053369204897,0.30039830168074416,0.08065377416856308,0.0644474738932825,0.01001646146383383,0.757824925971884,0.15043716901049844,0.004253806391481796,0.0013303401521117275
C:\Users\Fakhri\Downloads\klasifikasi_jenis_kain_glcm_knn\klasifikasi_jenis_kain_glcm_knn\dataset\Blended\blended_075.png,Blended,17.391937018265082,10.939411967678977,3.04447213539639,1.0420065160832421,0.3023500151750366,0.08367079864122634,0.06496296854740403,0.01029620561468607,0.7625484904430987,0.1491888390911275,0.0043261991325509,0.0013787528842887716
C:\Users\Fakhri\Downloads\klasifikasi_jenis_kain_glcm_knn\klasifikasi_jenis_kain_glcm_knn\dataset\Blended\blended_076.png,Blended,20.767704526293016,12.448292574377398,3.27796753901071,1.0752461425883395,0.2910616538123461,0.07832407639268552,0.06094152562718991,0.009338336049332393,0.7798589639980668,0.13184596824033487,0.003801074065939705,0.0011726996004677772
C:\Users\Fakhri\Downloads\klasifikasi_jenis_kain_glcm_knn\klasifikasi_jenis_kain_glcm_knn\dataset\Blended\blended_077.png,Blended,26.985878324299595,17.768108158286495,3.7721915502891075,1.3527139076740886,0.25954057618203086,0.07924165311808307,0.051377566313717815,0.008621942119767603,0.782810246612969,0.1430069827203774,0.0027139922062370953,0.0009132829990268138
C:\Users\Fakhri\Downloads\klasifikasi_jenis_kain_glcm_knn\klasifikasi_jenis_kain_glcm_knn\dataset\Blended\blended_078.png,Blended,20.318686039896335,14.706393975989917,3.2709658842616545,1.2523636537855953,0.2881706699494752,0.08993046203142899,0.05911163811968579,0.010552299488057958,0.7804078774207204,0.15891949452382634,0.00360553678567836,0.001333703603443602
C:\Users\Fakhri\Downloads\klasifikasi_jenis_kain_glcm_knn\klasifikasi_jenis_kain_glcm_knn\dataset\Blended\blended_079.png,Blended,15.962530327896522,9.424451254538162,2.8762777852406143,0.9308219335657064,0.32051179658385626,0.08047763867358027,0.06888298192951935,0.010326059344606984,0.7862594306962417,0.12615506933183257,0.004851492701090833,0.0014545445846457642
C:\Users\Fakhri\Downloads\klasifikasi_jenis_kain_glcm_knn\klasifikasi_jenis_kain_glcm_knn\dataset\Blended\blended_080.png,Blended,23.19372271387868,16.677901102961943,3.5188775896536413,1.3403426235601283,0.26978460728143105,0.08600405703608241,0.05352724474358638,0.009579337363754378,0.7947851994634364,0.14752049855878913,0.002956929634168415,0.0010917631838761417
C:\Users\Fakhri\Downloads\klasifikasi_jenis_kain_glcm_knn\klasifikasi_jenis_kain_glcm_knn\dataset\Blended\blended_081.png,Blended,20.210943514608847,11.823429426751781,3.2392849823862986,1.0343648802571928,0.29361924563370545,0.0747792701596189,0.05711708301553178,0.00864583878201429,0.8323405575809892,0.09805584939613708,0.0033371117004477313,0.0010096725384137442
C:\Users\Fakhri\Downloads\klasifikasi_jenis_kain_glcm_knn\klasifikasi_jenis_kain_glcm_knn\dataset\Blended\blended_082.png,Blended,61.07244002107938,36.73970141354707,5.505882477920967,1.9155804051535994,0.21306904380385172,0.06879269952140427,0.04348690966703783,0.007643553500066275,0.7109943357529955,0.17358600969829507,0.0019495352224974834,0.0006962566418640814
C:\Users\Fakhri\Downloads\klasifikasi_jenis_kain_glcm_knn\klasifikasi_jenis_kain_glcm_knn\dataset\Blended\blended_083.png,Blended,61.448755758513215,34.879291965444594,5.591389891047274,1.830786799746869,0.21045864824878616,0.0625016020172912,0.04290431610805409,0.007073562766362105,0.7149243742219801,0.16178435464833676,0.0018908156309094938,0.0006218743535069912
C:\Users\Fakhri\Downloads\klasifikasi_jenis_kain_glcm_knn\klasifikasi_jenis_kain_glcm_knn\dataset\Blended\blended_084.png,Blended,66.55262297585017,41.210019993247734,5.720400784252132,2.045228083287671,0.21082011107621637,0.07012322650718945,0.04141141480116455,0.0075236516230062075,0.7326222628582295,0.16547173590762188,0.0017715106095784747,0.0006564572897117446
C:\Users\Fakhri\Downloads\klasifikasi_jenis_kain_glcm_knn\klasifikasi_jenis_kain_glcm_knn\dataset\Blended\blended_085.png,Blended,61.66229500041931,37.57617462674175,5.554943747701972,1.9314118195070025,0.21370868613005498,0.06642506397474482,0.038721388600129324,0.006687930941492911,0.7642440475346164,0.14393721453750524,0.0015440743554004036,0.0005350555138410668
C:\Users\Fakhri\Downloads\klasifikasi_jenis_kain_glcm_knn\klasifikasi_jenis_kain_glcm_knn\dataset\Blended\blended_086.png,Blended,48.4279510193302,28.95984907029282,4.959423523738894,1.6794138111700998,0.22889205232420648,0.06724200696375855,0.03771080574291812,0.0064442851965738285,0.842653302051882,0.094050981695656,0.001463633681474887,0.0004975939665233365
C:\Users\Fakhri\Downloads\klasifikasi_jenis_kain_glcm_knn\klasifikasi_jenis_kain_glcm_knn\dataset\Blended\blended_087.png,Blended,53.42588066591671,32.84961739417559,5.240508579260314,1.825087707592986,0.21645005182078778,0.06831178365166102,0.037261825502708755,0.006606863738896536,0.8185475938013536,0.11161486550473104,0.0014320942882586627,0.000507998323144706
C:\Users\Fakhri\Downloads\klasifikasi_jenis_kain_glcm_knn\klasifikasi_jenis_kain_glcm_knn\dataset\Blended\blended_088.png,Blended,52.710332212785424,32.38850239846694,5.1539028942386205,1.7821810397355147,0.22078952707468388,0.06659051982445714,0.037538268273365094,0.006439497253605064,0.8106660650885105,0.11633682861647866,0.001450588709842316,0.0004949346434017978
C:\Users\Fakhri\Downloads\klasifikasi_jenis_kain_glcm_knn\klasifikasi_jenis_kain_glcm_knn\dataset\Blended\blended_089.png,Blended,54.22905937328277,33.36226083178719,5.258792257594348,1.843231220481983,0.21501782140258383,0.06815928092311649,0.03617007277251176,0.006294206701309145,0.8033133802646913,0.12116407285459731,0.0013478912023676016,0.00047014371591110916
C:\Users\Fakhri\Downloads\klasifikasi_jenis_kain_glcm_knn\klasifikasi_jenis_kain_glcm_knn\dataset\Blended\blended_090.png,Blended,9.461420123309514,5.7001793374297005,2.1811154336171077,0.7186587076596884,0.3907437192801589,0.09128018103269556,0.0845904107180823,0.013166722478461205,0.7902443785153989,0.1262577413018589,0.007328900166278668,0.0023327484222223117
C:\Users\Fakhri\Downloads\klasifikasi_jenis_kain_glcm_knn\klasifikasi_jenis_kain_glcm_knn\dataset\Blended\blended_091.png,Blended,7.6896151517142926,4.008882260085226,1.977842994704661,0.5801027224718599,0.4153650976280528,0.0845180211207098,0.09152248185341964,0.012790712702500427,0.8061423588671793,0.10100769029312875,0.008539967016047435,0.0023935206082313577
C:\Users\Fakhri\Downloads\klasifikasi_jenis_kain_glcm_knn\klasifikasi_jenis_kain_glcm_knn\dataset\Blended\blended_092.png,Blended,10.544595937575517,6.387126640199721,2.286129336736377,0.7605612907160476,0.38269805525014505,0.09114630508018377,0.07855042656333953,0.012586371024110131,0.8121434114893685,0.11378315707997429,0.006328586248839156,0.0020698910788389457
C:\Users\Fakhri\Downloads\klasifikasi_jenis_kain_glcm_knn\klasifikasi_jenis_kain_glcm_knn\dataset\Blended\blended_093.png,Blended,9.896726066314912,5.057470165835132,2.223421065535179,0.6425428654145948,0.38767000560539583,0.08145474973251192,0.07787126480353092,0.011024731457071113,0.8369462030123783,0.08331481311423804,0.0061854785858021675,0.001755263229873166
C:\Users\Fakhri\Downloads\klasifikasi_jenis_kain_glcm_knn\klasifikasi_jenis_kain_glcm_knn\dataset\Blended\blended_094.png,Blended,8.631572746373811,5.17171340173431,2.0655451545127788,0.679435635578553,0.4088786963965274,0.09098664859400772,0.08367854366105805,0.012969972684810482,0.8436020920445925,0.0937412057305999,0.0071703188606803275,0.0022091980734745996
C:\Users\Fakhri\Downloads\klasifikasi_jenis_kain_glcm_knn\klasifikasi_jenis_kain_glcm_knn\dataset\Blended\blended_095.png,Blended,10.693920219021388,6.5385991848429,2.3709521842060908,0.7880034794444173,0.3628363488932513,0.0906081081770499,0.07465783088028927,0.012074868691917305,0.8310317672608316,0.10318818035388001,0.005719594165676918,0.0018686018009131502
C:\Users\Fakhri\Downloads\klasifikasi_jenis_kain_glcm_knn\klasifikasi_jenis_kain_glcm_knn\dataset\Blended\blended_096.png,Blended,9.214866453659575,5.370895943523114,2.108692487857454,0.6785395747327858,0.40746376327909056,0.08903769520776504,0.08170682330291312,0.012451373489574197,0.8655882453551942,0.07837335241948115,0.006831041676030338,0.002069532193193541
C:\Users\Fakhri\Downloads\klasifikasi_jenis_kain_glcm_knn\klasifikasi_jenis_kain_glcm_knn\dataset\Blended\blended_097.png,Blended,13.949860335131904,8.426301633576339,2.6661319948114657,0.890219968421581,0.3399943696257391,0.08856107779479608,0.06306568444044287,0.010462349752024,0.8509454669526484,0.09014532687182518,0.004086741316275194,0.0013697757542773643
C:\Users\Fakhri\Downloads\klasifikasi_jenis_kain_glcm_knn\klasifikasi_jenis_kain_glcm_knn\dataset\Blended\blended_098.png,Blended,11.799605706774111,6.765015574343488,2.436337415748722,0.7744189958104342,0.3637947717182919,0.08654725118034787,0.07644480116391747,0.011876776691784921,0.7924592942833764,0.11898544812893493,0.005984865449577405,0.0019074398444490664
C:\Users\Fakhri\Downloads\klasifikasi_jenis_kain_glcm_knn\klasifikasi_jenis_kain_glcm_knn\dataset\Blended\blended_099.png,Blended,9.658794119275196,5.020399570887117,2.192922166303843,0.6373789773009776,0.39129542731498956,0.08207705488979863,0.08738208838576068,0.012194923206115229,0.7814931643013353,0.11361235863945716,0.007784345522659941,0.0021804066120422955
C:\Users\Fakhri\Downloads\klasifikasi_jenis_kain_glcm_knn\klasifikasi_jenis_kain_glcm_knn\dataset\Blended\blended_100.png,Blended,13.370571879345128,7.763283543923275,2.588133017128214,0.8292688946097462,0.34840873249943455,0.08534838473477141,0.07145501864350605,0.01125272934982222,0.7940366503503573,0.1194434261016414,0.0052324436071641495,0.0016939332475622328
C:\Users\Fakhri\Downloads\klasifikasi_jenis_kain_glcm_knn\klasifikasi_jenis_kain_glcm_knn\dataset\Blended\blended_101.png,Blended,11.559905594197382,5.593291819068295,2.3509309536316425,0.6561139962959247,0.37954082781650783,0.07894970466516443,0.07851596527894969,0.01076941310198261,0.8068273520786843,0.09350284703409449,0.0062807370622463875,0.001731451116251326
C:\Users\Fakhri\Downloads\klasifikasi_jenis_kain_glcm_knn\klasifikasi_jenis_kain_glcm_knn\dataset\Blended\blended_102.png,Blended,2.208324584055846,1.096255036653792,0.9772540808194692,0.2850759458794435,0.6177613325624178,0.07742210755754665,0.20980998537000026,0.023467150294795156,0.7560739210083073,0.12124893275875226,0.04457093710391822,0.00993651064798179
C:\Users\Fakhri\Downloads\klasifikasi_jenis_kain_glcm_knn\klasifikasi_jenis_kain_glcm_knn\dataset\Blended\blended_103.png,Blended,3.1401953185869895,1.568435495218296,1.1740577018138212,0.3350458747566422,0.5753898714126808,0.07619681350920651,0.18456144800121496,0.020865500894597204,0.7723899989771482,0.1135142052824628,0.0344982972158876,0.007763698885165946
C:\Users\Fakhri\Downloads\klasifikasi_jenis_kain_glcm_knn\klasifikasi_jenis_kain_glcm_knn\dataset\Blended\blended_104.png,Blended,2.8341812556264476,1.4459263425134037,1.1105747894397113,0.3300053590566113,0.5879913759744951,0.08026524849980059,0.19273540610941142,0.022409427469403224,0.7756181745675791,0.1143900525578015,0.037649119207666185,0.00871032364327225
C:\Users\Fakhri\Downloads\klasifikasi_jenis_kain_glcm_knn\klasifikasi_jenis_kain_glcm_knn\dataset\Blended\blended_105.png,Blended,3.0970443439992974,1.5409414406330757,1.1482784269079003,0.3263779422690056,0.585142488126364,0.07446700715608907,0.2012799809775967,0.021101869919911937,0.7979214903235734,0.1003962426525192,0.040958919656458564,0.008547949962398195
C:\Users\Fakhri\Downloads\klasifikasi_jenis_kain_glcm_knn\klasifikasi_jenis_kain_glcm_knn\dataset\Blended\blended_106.png,Blended,3.1520823370991633,1.462695885673577,1.1215247558500356,0.306596647778031,0.5986410433164694,0.0717208075959003,0.21915017173970455,0.02296063890173771,0.7109524963322967,0.13408155800779947,0.048553988712318,0.010098088696178604
C:\Users\Fakhri\Downloads\klasifikasi_jenis_kain_glcm_knn\klasifikasi_jenis_kain_glcm_knn\dataset\Blended\blended_107.png,Blended,3.101760648984371,1.396734031492943,1.1785586843348652,0.31066313838068543,0.5690288957063685,0.07424283554430185,0.18680904231426076,0.020903965085086594,0.7187084891779388,0.12654930946146936,0.035334594046649785,0.007935150475724514
C:\Users\Fakhri\Downloads\klasifikasi_jenis_kain_glcm_knn\klasifikasi_jenis_kain_glcm_knn\dataset\Blended\blended_108.png,Blended,3.7429610925639545,1.758606205552297,1.2275146108567327,0.33878673577835916,0.5789676742090836,0.0722711299532729,0.20741170918835958,0.02117295394360219,0.7392059061932601,0.12249599337273452,0.04346791108713454,0.008809401649020727
C:\Users\Fakhri\Downloads\klasifikasi_jenis_kain_glcm_knn\klasifikasi_jenis_kain_glcm_knn\dataset\Blended\blended_109.png,Blended,3.371633141289257,1.5164748198996456,1.2253596664789057,0.32363268128380995,0.5608158174416098,0.07459005569757782,0.1819638431816153,0.020644264424530292,0.7313594677902916,0.12087899278907384,0.03353702587905342,0.007637429631888568
C:\Users\Fakhri\Downloads\klasifikasi_jenis_kain_glcm_knn\klasifikasi_jenis_kain_glcm_knn\dataset\Blended\blended_110.png,Blended,12.671069589982077,6.619757454073934,2.594292032737156,0.7819400613085208,0.3402888237779375,0.08479182574890644,0.08993932668847476,0.01172306856071124,0.5587187205846088,0.23028911543589076,0.008226512821655324,0.0021810596332978507
C:\Users\Fakhri\Downloads\klasifikasi_jenis_kain_glcm_knn\klasifikasi_jenis_kain_glcm_knn\dataset\Blended\blended_111.png,Blended,12.938794031683207,6.253358786699576,2.5922170112605136,0.7258942737944991,0.344697317159043,0.07904226933191068,0.08918290720237095,0.011562052817571862,0.611616674694493,0.18750434352013348,0.008087272002423032,0.00211602189318491
C:\Users\Fakhri\Downloads\klasifikasi_jenis_kain_glcm_knn\klasifikasi_jenis_kain_glcm_knn\dataset\Blended\blended_112.png,Blended,12.463866490845056,6.343293578969314,2.5224626389549454,0.7352941001920753,0.3517039309192826,0.08115852103327506,0.08393930208730775,0.011699453795000167,0.6791826266381338,0.16344624595694832,0.007182683654005648,0.0020276949271378015
C:\Users\Fakhri\Downloads\klasifikasi_jenis_kain_glcm_knn\klasifikasi_jenis_kain_glcm_knn\dataset\Blended\blended_113.png,Blended,14.23258658129923,7.68271705413328,2.7081711151958126,0.839184078613607,0.3361238341070519,0.08522429281301268,0.07901749798008692,0.011719656573242412,0.664824502489992,0.18093396691211414,0.0063811153372277845,0.0019018107157633371
C:\Users\Fakhri\Downloads\klasifikasi_jenis_kain_glcm_knn\klasifikasi_jenis_kain_glcm_knn\dataset\Blended\blended_114.png,Blended,12.891022564579222,7.029059648005725,2.594866614369364,0.8118387688548644,0.3425110244428682,0.08814360157872347,0.08993577672267876,0.012431343125773224,0.5674416829923675,0.2356374319055907,0.008242982226622234,0.0023371603387792807
C:\Users\Fakhri\Downloads\klasifikasi_jenis_kain_glcm_knn\klasifikasi_jenis_kain_glcm_knn\dataset\Blended\blended_115.png,Blended,11.955500751879894,5.669645633601132,2.4813778429789877,0.6820101334647646,0.3565280010533027,0.07787628885403854,0.09823328235158363,0.012144212669510233,0.5574708341652098,0.20977505153867734,0.009797259662928243,0.0024481772212326756
C:\Users\Fakhri\Downloads\klasifikasi_jenis_kain_glcm_knn\klasifikasi_jenis_kain_glcm_knn\dataset\Blended\blended_116.png,Blended,17.39147551840014,9.09603676084794,3.037645986809876,0.9330249484348234,0.30230254106230375,0.0839417818577201,0.07966925164815292,0.01061207607874599,0.5363382526506901,0.24252082921763835,0.006459805816877808,0.0017678670601178263
C:\Users\Fakhri\Downloads\klasifikasi_jenis_kain_glcm_knn\klasifikasi_jenis_kain_glcm_knn\dataset\Blended\blended_117.png,Blended,12.526720989659987,5.831655416002177,2.506247877918565,0.6691852544701395,0.35958110464130627,0.07400789055909544,0.08213472205267976,0.010742591083901949,0.7162148268256215,0.1322337841581864,0.006861515829866889,0.0018072574911754391
C:\Users\Fakhri\Downloads\klasifikasi_jenis_kain_glcm_knn\klasifikasi_jenis_kain_glcm_knn\dataset\Blended\blended_118.png,Blended,18.073411627021425,12.91953855116572,3.0590399091419567,1.2032734212643574,0.305002702001754,0.0988973405523158,0.06424122658470842,0.01172041002328642,0.7555537390127522,0.17477002437822092,0.004264303204221799,0.0015534025057483793
C:\Users\Fakhri\Downloads\klasifikasi_jenis_kain_glcm_knn\klasifikasi_jenis_kain_glcm_knn\dataset\Blended\blended_119.png,Blended,16.565455233910168,12.546413812596747,2.899477821244631,1.2057043547338986,0.324037927255745,0.10606824689355149,0.06678733940757367,0.01299344248333573,0.7918091579554253,0.1576581734564184,0.004629378252710197,0.0017954991746929891
C:\Users\Fakhri\Downloads\klasifikasi_jenis_kain_glcm_knn\klasifikasi_jenis_kain_glcm_knn\dataset\Blended\blended_120.png,Blended,13.889155399691207,8.85973432732835,2.7264911362784487,0.9873613806502638,0.32525658027375876,0.09899728887296527,0.06508568636432352,0.011380490969442224,0.8286204082521249,0.10937685376389504,0.004365662144220643,0.0015188782861613153
C:\Users\Fakhri\Downloads\klasifikasi_jenis_kain_glcm_knn\klasifikasi_jenis_kain_glcm_knn\dataset\Blended\blended_121.png,Blended,17.626674189789274,13.529587391234323,3.0138302406519486,1.288383503901076,0.31537995764907467,0.11174578434755401,0.06294087924491502,0.012927918175961941,0.8418200183065286,0.12159013585796845,0.0041286853484873405,0.0016894727438461585
C:\Users\Fakhri\Downloads\klasifikasi_jenis_kain_glcm_knn\klasifikasi_jenis_kain_glcm_knn\dataset\Blended\blended_122.png,Blended,9.032798974994837,6.139714614557185,2.2004658901230796,0.7906559936911784,0.37721706020561085,0.09821563373396597,0.07731290877912789,0.01320504836113517,0.8424113646025085,0.10735034007893138,0.006151659166109667,0.0021700652715810074
C:\Users\Fakhri\Downloads\klasifikasi_jenis_kain_glcm_knn\klasifikasi_jenis_kain_glcm_knn\dataset\Blended\blended_123.png,Blended,6.960158715071324,4.143229934114391,1.925535644372533,0.6247588160533353,0.41308284129340506,0.09143554434514051,0.09210486424888947,0.013783600264088938,0.8086375917066624,0.11393601713091696,0.008673293654546553,0.0026204813676380507
C:\Users\Fakhri\Downloads\klasifikasi_jenis_kain_glcm_knn\klasifikasi_jenis_kain_glcm_knn\dataset\Blended\blended_124.png,Blended,11.447245986578329,7.923214854958387,2.4864657882111856,0.9258072444031744,0.3472576238446626,0.10018682598185823,0.07132851719014903,0.0127647234333731,0.8258313787627155,0.12063871996191458,0.00525069552887589,0.0019540129433103085
C:\Users\Fakhri\Downloads\klasifikasi_jenis_kain_glcm_knn\klasifikasi_jenis_kain_glcm_knn\dataset\Blended\blended_125.png,Blended,6.8857100241231715,3.8391568162099956,1.9332869329071514,0.5916851978348635,0.40687979583759026,0.08739433298193808,0.07583980750781878,0.011004422075828153,0.9233685565437595,0.042815562240908656,0.005872773708045978,0.0017082491236971966
C:\Users\Fakhri\Downloads\klasifikasi_jenis_kain_glcm_knn\klasifikasi_jenis_kain_glcm_knn\dataset\Blended\blended_126.png,Blended,17.731245110188173,10.351312716903353,3.099547889550655,1.0105375525411255,0.2960670520067381,0.08401240735941043,0.07665119576072271,0.010362995073985576,0.5273872177837731,0.27535981042430796,0.005982797478452085,0.0017206160154165481
C:\Users\Fakhri\Downloads\klasifikasi_jenis_kain_glcm_knn\klasifikasi_jenis_kain_glcm_knn\dataset\Blended\blended_127.png,Blended,14.266141939006955,7.263833871881507,2.784579506136733,0.8013341845482096,0.3206722579487084,0.07673845733116795,0.08233363742422896,0.010232744601492564,0.5728227166300199,0.21697589224250355,0.006883536913583769,0.0017542550009740266
C:\Users\Fakhri\Downloads\klasifikasi_jenis_kain_glcm_knn\klasifikasi_jenis_kain_glcm_knn\dataset\Blended\blended_128.png,Blended,21.25434103289466,12.07112988336396,3.408583009271178,1.0835186264249852,0.27472984782004434,0.07871610753410213,0.06949677526307893,0.009339371691300183,0.5440739542525561,0.25819659003180684,0.00491702563555516,0.0013922137061939655
C:\Users\Fakhri\Downloads\klasifikasi_jenis_kain_glcm_knn\klasifikasi_jenis_kain_glcm_knn\dataset\Blended\blended_129.png,Blended,18.764237227158414,8.788564758427016,3.194551360728397,0.8463350964565423,0.2876956132354888,0.06668797655152303,0.06729237569737863,0.008262315822465172,0.6638814963017882,0.15767283464085377,0.0045965296897473125,0.0011472268421302168
C:\Users\Fakhri\Downloads\klasifikasi_jenis_kain_glcm_knn\klasifikasi_jenis_kain_glcm_knn\dataset\Blended\blended_130.png,Blended,27.139426995902763,17.714834473522075,3.881001651408278,1.4022555941677939,0.24452063429515436,0.08522852748649022,0.056865966022392626,0.009535260968958736,0.6309858952872346,0.2408400702548547,0.00332465929340606,0.0012048687818993066
C:\Users\Fakhri\Downloads\klasifikasi_jenis_kain_glcm_knn\klasifikasi_jenis_kain_glcm_knn\dataset\Blended\blended_131.png,Blended,21.072343679514386,11.458580120806646,3.3818497511036196,1.0242274024302551,0.2750821105921054,0.07423338425664638,0.06141838331398753,0.00890325982013797,0.700933040840812,0.162523375349593,0.0038514858443287857,0.0011546630833479366
C:\Users\Fakhri\Downloads\klasifikasi_jenis_kain_glcm_knn\klasifikasi_jenis_kain_glcm_knn\dataset\Blended\blended_132.png,Blended,33.032165938689836,21.586334252076302,4.2861937162617645,1.5572048148910809,0.22679742814505888,0.08145539645758204,0.04998474019339447,0.008630372347437947,0.6657824824178171,0.21838651156232136,0.002572957579056567,0.000955570141836422
C:\Users\Fakhri\Downloads\klasifikasi_jenis_kain_glcm_knn\klasifikasi_jenis_kain_glcm_knn\dataset\Blended\blended_133.png,Blended,23.43330741528089,12.178803087314781,3.6029194986160857,1.0497694212947635,0.26097217772668674,0.06893794897741481,0.05217186256960515,0.007403658391347136,0.7709489622911366,0.11894703631629963,0.0027767174015575317,0.0008091394352082378
C:\Users\Fakhri\Downloads\klasifikasi_jenis_kain_glcm_knn\klasifikasi_jenis_kain_glcm_knn\dataset\Blended\blended_134.png,Blended,24.76586047250041,17.019121470874683,3.7030024216880117,1.391412310579614,0.2560521010111627,0.08874592510964623,0.05959624684761896,0.009928658312958053,0.6250161989489722,0.25798459730211226,0.0036502908942178044,0.0013017769325844393
C:\Users\Fakhri\Downloads\klasifikasi_jenis_kain_glcm_knn\klasifikasi_jenis_kain_glcm_knn\dataset\Blended\blended_135.png,Blended,21.169332687195112,12.259562720861798,3.4129933124122562,1.1029179872040031,0.2725465950149985,0.07795079875381802,0.06184252256297516,0.009154742412401428,0.6757221354725186,0.18788350397446482,0.0039083069055895125,0.0011860784809630957
C:\Users\Fakhri\Downloads\klasifikasi_jenis_kain_glcm_knn\klasifikasi_jenis_kain_glcm_knn\dataset\Blended\blended_136.png,Blended,29.85444726877471,20.612483034879016,4.051792531051086,1.5435966441932647,0.24094230162084307,0.08759608223755694,0.04899800734976961,0.008858842416489744,0.7307457339180607,0.18618311811099325,0.0024792838132082756,0.0009524139134520226
C:\Users\Fakhri\Downloads\klasifikasi_jenis_kain_glcm_knn\klasifikasi_jenis_kain_glcm_knn\dataset\Blended\blended_137.png,Blended,20.10379011192718,10.858810570059667,3.319527982740848,1.0079759176763807,0.2796070641733704,0.07482400530678379,0.05187029559134795,0.007666285743742499,0.8313686297827566,0.09107952554065407,0.002749299501838519,0.0008272519883561505
C:\Users\Fakhri\Downloads\klasifikasi_jenis_kain_glcm_knn\klasifikasi_jenis_kain_glcm_knn\dataset\Blended\blended_138.png,Blended,5.341721881774145,2.7211845318701897,1.5633046663068388,0.4483596743126602,0.4966091780941793,0.07986747010193307,0.1408997202793942,0.017665291786925386,0.729581514822418,0.13781153997585946,0.020164793708728746,0.0050591012217384886
C:\Users\Fakhri\Downloads\klasifikasi_jenis_kain_glcm_knn\klasifikasi_jenis_kain_glcm_knn\dataset\Blended\blended_139.png,Blended,6.906855860399332,3.697501241378753,1.7765841755072262,0.5268703258212536,0.4662493688013889,0.08056565977965507,0.1302432049422569,0.01694095706896349,0.7112806649616666,0.15446765555413725,0.01725028846004321,0.004500766788350663
C:\Users\Fakhri\Downloads\klasifikasi_jenis_kain_glcm_knn\klasifikasi_jenis_kain_glcm_knn\dataset\Blended\blended_140.png,Blended,5.876619938464191,3.0253236187797192,1.6230060209449304,0.4708297423781883,0.48986905186598845,0.07986747081530743,0.14185976514263265,0.017575108214948912,0.7602625920222601,0.1233810633549689,0.020433077395090066,0.00506213832253093
C:\Users\Fakhri\Downloads\klasifikasi_jenis_kain_glcm_knn\klasifikasi_jenis_kain_glcm_knn\dataset\Blended\blended_141.png,Blended,7.335816959503635,3.933633209548919,1.795641047156967,0.5344210164857284,0.4712257976533459,0.07966271177510258,0.13014635335931926,0.016632596423264024,0.7674246334422792,0.12482766481853713,0.01721471655650797,0.004415192667110813
C:\Users\Fakhri\Downloads\klasifikasi_jenis_kain_glcm_knn\klasifikasi_jenis_kain_glcm_knn\dataset\Blended\blended_142.png,Blended,7.6468215838434945,3.5831980341554277,1.7849965193140083,0.4799712530708612,0.4823132037522544,0.07304115645430845,0.14647262602126992,0.01754185105456036,0.6370385307037035,0.17007232286438526,0.021761946711987182,0.0052203441115810335
C:\Users\Fakhri\Downloads\klasifikasi_jenis_kain_glcm_knn\klasifikasi_jenis_kain_glcm_knn\dataset\Blended\blended_143.png,Blended,6.4432061201820945,3.1054413773884786,1.7292361369096427,0.4723019821766324,0.47072283947717336,0.07672313444904032,0.1400011891374833,0.017273566698047305,0.6484877236088924,0.16936980369225257,0.01989870906638126,0.0049519614252848294
C:\Users\Fakhri\Downloads\klasifikasi_jenis_kain_glcm_knn\klasifikasi_jenis_kain_glcm_knn\dataset\Blended\blended_144.png,Blended,8.706000903074445,4.073044367161827,1.8835378994888565,0.5057281438087993,0.47450118626383103,0.07227118636952719,0.14833910205423226,0.017752588574336172,0.6565472432317235,0.1607861601987236,0.022319643599345598,0.0053505757465259
C:\Users\Fakhri\Downloads\klasifikasi_jenis_kain_glcm_knn\klasifikasi_jenis_kain_glcm_knn\dataset\Blended\blended_145.png,Blended,7.866158100842326,3.822219581739511,1.922707424514287,0.5323314021866349,0.44484247403045835,0.0769984483235664,0.12480295005788973,0.01585158201818676,0.7025964191340761,0.1447063576201615,0.015827048995631424,0.004051967458062484
C:\Users\Fakhri\Downloads\klasifikasi_jenis_kain_glcm_knn\klasifikasi_jenis_kain_glcm_knn\dataset\Blended\blended_146.png,Blended,22.270738494826542,13.158299097624214,3.405052110725924,1.1071368380548294,0.28175530659561165,0.07947794604486677,0.07063899671656808,0.009938450684742195,0.5420675263850866,0.27040847855054434,0.005088640659136367,0.001524211557135603
C:\Users\Fakhri\Downloads\klasifikasi_jenis_kain_glcm_knn\klasifikasi_jenis_kain_glcm_knn\dataset\Blended\blended_147.png,Blended,23.960507688455234,12.6694923999524,3.5158679347581008,1.0373431066253216,0.2772370464166271,0.07016797310390022,0.06717822672467642,0.008985024903326005,0.5874460240392347,0.2180046379599439,0.0045936448183854185,0.001266231616414688
C:\Users\Fakhri\Downloads\klasifikasi_jenis_kain_glcm_knn\klasifikasi_jenis_kain_glcm_knn\dataset\Blended\blended_148.png,Blended,25.067188224203765,14.65169031434465,3.6614587353087114,1.181426070685629,0.2616790175437516,0.07669256622725602,0.06097573258376939,0.009139438240439574,0.6289798563138899,0.21677575992709833,0.0038015692954781652,0.0012033705705847217
C:\Users\Fakhri\Downloads\klasifikasi_jenis_kain_glcm_knn\klasifikasi_jenis_kain_glcm_knn\dataset\Blended\blended_149.png,Blended,19.720532434507682,9.897003868229556,3.201302476431262,0.8920331120612318,0.29500768532647464,0.06905849532288265,0.06153082457522372,0.008321302247561627,0.7543513289113006,0.12332930134778618,0.003855286444002228,0.0010573415201582924
C:\Users\Fakhri\Downloads\klasifikasi_jenis_kain_glcm_knn\klasifikasi_jenis_kain_glcm_knn\dataset\Blended\blended_150.png,Blended,8.064378598755255,4.505104352490369,2.034433965082548,0.6359778113032811,0.40913221352082824,0.0870294420930267,0.09211803170454201,0.013231399413449264,0.7960317431728429,0.1139479168986389,0.008660801695557233,0.00248739328914318
C:\Users\Fakhri\Downloads\klasifikasi_jenis_kain_glcm_knn\klasifikasi_jenis_kain_glcm_knn\dataset\Blended\blended_151.png,Blended,13.456086800387704,9.378531542489748,2.5969783551238383,1.0086025987564067,0.35343998633250945,0.10481292399583426,0.08334452805488883,0.014943141344736755,0.7351175042521055,0.18434467895154028,0.007169607829940933,0.0026643646524037133
C:\Users\Fakhri\Downloads\klasifikasi_jenis_kain_glcm_knn\klasifikasi_jenis_kain_glcm_knn\dataset\Blended\blended_152.png,Blended,9.725026799802453,5.47156776391689,2.22029013043717,0.6950558825043797,0.3889254421627197,0.08500406118606076,0.08596896702192107,0.012570401944959802,0.8172088731292882,0.10289834436147044,0.007548678295874002,0.0022033165418105503
C:\Users\Fakhri\Downloads\klasifikasi_jenis_kain_glcm_knn\klasifikasi_jenis_kain_glcm_knn\dataset\Blended\blended_153.png,Blended,17.219622142770294,12.676410883360727,2.9874576298879716,1.2269900253880368,0.3152068178825333,0.10842692283198724,0.06692610982682824,0.013141948774380574,0.7865836489354884,0.1570046165205727,0.004651814994141119,0.0019176001340679705
C:\Users\Fakhri\Downloads\klasifikasi_jenis_kain_glcm_knn\klasifikasi_jenis_kain_glcm_knn\dataset\Blended\blended_154.png,Blended,10.526491862915575,4.580985011295437,2.3625489247742797,0.6026174328681836,0.3598421099768321,0.07487169065148969,0.0971490957807396,0.010582996499741105,0.5288643407607485,0.2049236362543506,0.009549946625928852,0.002132884150766043
C:\Users\Fakhri\Downloads\klasifikasi_jenis_kain_glcm_knn\klasifikasi_jenis_kain_glcm_knn\dataset\Blended\blended_155.png,Blended,12.456661280387488,5.631730912186284,2.6470442363879223,0.6758615190522163,0.3240701884288691,0.07051336586862389,0.09177236786047832,0.00922587070271618,0.4728772825919864,0.2380329572898279,0.008507284192942189,0.0017736124192970634
C:\Users\Fakhri\Downloads\klasifikasi_jenis_kain_glcm_knn\klasifikasi_jenis_kain_glcm_knn\dataset\Blended\blended_156.png,Blended,13.975675364831652,6.3562157505037975,2.7445858619381984,0.7228030815740741,0.32260723758843624,0.0724229627440551,0.08102463503903885,0.009438872526670306,0.5828262235357974,0.18968159829924697,0.006654083797784176,0.001584736367576422
C:\Users\Fakhri\Downloads\klasifikasi_jenis_kain_glcm_knn\klasifikasi_jenis_kain_glcm_knn\dataset\Blended\blended_157.png,Blended,11.501161472012948,4.724228067513278,2.5016160965461425,0.5932106783282404,0.34194244420084946,0.06757818289262449,0.08298158826555178,0.009221166485739592,0.6654408495047627,0.13756890937323785,0.006970973902431289,0.0015855554850762413
C:\Users\Fakhri\Downloads\klasifikasi_jenis_kain_glcm_knn\klasifikasi_jenis_kain_glcm_knn\dataset\Blended\blended_158.png,Blended,5.4466852879237235,3.4047727348368446,1.5689505487759927,0.5452824487832693,0.5006211484332427,0.09396462832402089,0.10417036347950687,0.013979339076386805,0.9559164519410243,0.027530947883627446,0.011046886548465177,0.0029373900185414516
C:\Users\Fakhri\Downloads\klasifikasi_jenis_kain_glcm_knn\klasifikasi_jenis_kain_glcm_knn\dataset\Blended\blended_159.png,Blended,5.800506499056582,4.518169876352519,1.5382395515619691,0.6471309834495377,0.5274739113073734,0.10423478249579529,0.16496450763822817,0.020579604165758505,0.929805330770173,0.05470945307188339,0.027636808887942347,0.006791609002997386
C:\Users\Fakhri\Downloads\klasifikasi_jenis_kain_glcm_knn\klasifikasi_jenis_kain_glcm_knn\dataset\Blended\blended_160.png,Blended,4.561558323377306,2.798447324672797,1.3838995079026033,0.47823609718104376,0.547353123002338,0.08782534572338563,0.15715962397702643,0.014620882492782728,0.9692741608187839,0.01886785613621809,0.024912917613468102,0.004590101456046331
C:\Users\Fakhri\Downloads\klasifikasi_jenis_kain_glcm_knn\klasifikasi_jenis_kain_glcm_knn\dataset\Blended\blended_161.png,Blended,6.870722938082635,5.319404647636529,1.6327993227699065,0.6836627972463579,0.5328428418837922,0.09561206657072589,0.21946226363373741,0.01742141978038041,0.9498103746199565,0.03889413343775654,0.048467191026408285,0.007543595135741983
C:\Users\Fakhri\Downloads\klasifikasi_jenis_kain_glcm_knn\klasifikasi_jenis_kain_glcm_knn\dataset\Blended\blended_162.png,Blended,41.904382371863264,32.94204471482337,4.272844652955527,1.76110182417224,0.2735393119903885,0.08090645108687791,0.04455848953842153,0.007521063816324076,0.9234519284911326,0.060173092483101015,0.0020420253908748393,0.0006942002823090557
C:\Users\Fakhri\Downloads\klasifikasi_jenis_kain_glcm_knn\klasifikasi_jenis_kain_glcm_knn\dataset\Blended\blended_163.png,Blended,48.67098767481124,33.68242620228443,4.614480231130977,1.6891951771087357,0.26359647137645476,0.06972892738702237,0.04354559347379324,0.006963305042648825,0.9184809169593388,0.05639079050041825,0.0019447063281018433,0.000620031869784728
C:\Users\Fakhri\Downloads\klasifikasi_jenis_kain_glcm_knn\klasifikasi_jenis_kain_glcm_knn\dataset\Blended\blended_164.png,Blended,48.253320493152444,36.348274764221394,4.442962770466733,1.7825912312789343,0.2736303428368126,0.08020455533686825,0.041788818834864516,0.007216671985356325,0.9181974847730463,0.06160212586246005,0.0017983857341573534,0.0006216952202909553
C:\Users\Fakhri\Downloads\klasifikasi_jenis_kain_glcm_knn\klasifikasi_jenis_kain_glcm_knn\dataset\Blended\blended_165.png,Blended,49.31587352551177,33.15990297471701,4.6152939193768905,1.6511347011416972,0.2698458191968087,0.06870695594626097,0.043200299599313874,0.006873138801412617,0.9210790321077323,0.05307567282616814,0.0019135059224539618,0.0006067507213483885
C:\Users\Fakhri\Downloads\klasifikasi_jenis_kain_glcm_knn\klasifikasi_jenis_kain_glcm_knn\dataset\Blended\blended_166.png,Blended,10.570878783559325,5.822154006062151,2.3065922529826732,0.701881906006861,0.3756752125909995,0.08320237290293489,0.06978461218049065,0.01034717926539569,0.8773648193274081,0.06757883358308471,0.004976956215931719,0.0014796147082930156
C:\Users\Fakhri\Downloads\klasifikasi_jenis_kain_glcm_knn\klasifikasi_jenis_kain_glcm_knn\dataset\Blended\blended_167.png,Blended,8.869050222221999,4.662303732071126,2.1236803950582686,0.6239959234748645,0.3950903118267743,0.08309105847983261,0.07313425032954289,0.010488362156490433,0.8871754261155521,0.059349462854998807,0.005458624311989946,0.001567824273652798
C:\Users\Fakhri\Downloads\klasifikasi_jenis_kain_glcm_knn\klasifikasi_jenis_kain_glcm_knn\dataset\Blended\blended_168.png,Blended,9.533391848845424,5.2117907390715805,2.1990833130320055,0.6680820461586998,0.387169024059391,0.08487561094393818,0.06528019455586845,0.009793995490361225,0.9128343917367273,0.04771599649314261,0.004357426148917252,0.0013109750799714845
C:\Users\Fakhri\Downloads\klasifikasi_jenis_kain_glcm_knn\klasifikasi_jenis_kain_glcm_knn\dataset\Blended\blended_169.png,Blended,10.719358169377351,5.598931492068781,2.3305961668768895,0.6813442362158062,0.37363196689038686,0.08088708646271274,0.060036213530972216,0.008804058344040138,0.9233163914348488,0.04009187962204118,0.0036818583784617525,0.0010809579316844752
C:\Users\Fakhri\Downloads\klasifikasi_jenis_kain_glcm_knn\klasifikasi_jenis_kain_glcm_knn\dataset\Blended\blended_170.png,Blended,7.170624590050164,3.9406765161030752,1.9062031418817422,0.583713433559786,0.42244123811080264,0.08798181015453412,0.0734322350681125,0.010957308101995317,0.9195840769013639,0.04425819837917691,0.005512355747940581,0.0016443065884471214
C:\Users\Fakhri\Downloads\klasifikasi_jenis_kain_glcm_knn\klasifikasi_jenis_kain_glcm_knn\dataset\Blended\blended_171.png,Blended,7.049648659762238,4.107880590663603,1.8732283156296081,0.5986894086409525,0.43036518319110345,0.09076942764341193,0.07763871052184446,0.0119452855620118,0.9098085034902303,0.05257647297393815,0.006170459218652769,0.0019063815962601753
C:\Users\Fakhri\Downloads\klasifikasi_jenis_kain_glcm_knn\klasifikasi_jenis_kain_glcm_knn\dataset\Blended\blended_172.png,Blended,7.019339625858159,3.8530492554065026,1.8856633507323701,0.5782664739451889,0.4245642446275603,0.08911766318775276,0.0682245262280801,0.010263808153589743,0.940210092890986,0.032865400147553105,0.0047599317368596855,0.0014309466195353158
C:\Users\Fakhri\Downloads\klasifikasi_jenis_kain_glcm_knn\klasifikasi_jenis_kain_glcm_knn\dataset\Blended\blended_173.png,Blended,8.481069248011748,4.886461624319594,2.072354796793905,0.6625511826321477,0.4031848867123314,0.08998665950067167,0.06230406341579583,0.009846604593460302,0.9458673830226525,0.03124592580827733,0.003978751940139461,0.0012619462382264645
C:\Users\Fakhri\Downloads\klasifikasi_jenis_kain_glcm_knn\klasifikasi_jenis_kain_glcm_knn\dataset\Blended\blended_174.png,Blended,17.36228561298957,11.106400393551196,3.0424518135011263,1.0539568651031461,0.3033210469013101,0.08829007769763975,0.07322410667265665,0.011425572107173187,0.6224206981371444,0.24145462768830983,0.005492313495984817,0.0018263272924543697
C:\Users\Fakhri\Downloads\klasifikasi_jenis_kain_glcm_knn\klasifikasi_jenis_kain_glcm_knn\dataset\Blended\blended_175.png,Blended,18.21943230934397,10.410057276732802,3.1007825588098608,0.9726823520713561,0.30006112205372265,0.07786445147428074,0.07193400523732058,0.010172672318436144,0.6311656985280515,0.21050899260577446,0.0052779843715811394,0.0015339593751855448
C:\Users\Fakhri\Downloads\klasifikasi_jenis_kain_glcm_knn\klasifikasi_jenis_kain_glcm_knn\dataset\Blended\blended_176.png,Blended,22.892833574762744,14.505015464530281,3.467354507967112,1.2004949285280833,0.278632912756911,0.08375283962467418,0.06489775603724482,0.010334676417066351,0.6227001019614307,0.23884911019256463,0.004318524275315215,0.0014541184670401898
C:\Users\Fakhri\Downloads\klasifikasi_jenis_kain_glcm_knn\klasifikasi_jenis_kain_glcm_knn\dataset\Blended\blended_177.png,Blended,17.413038228934212,9.4672404582686,3.0168946898935793,0.8976035707833679,0.3055963080214412,0.07381987383569252,0.0644527383322872,0.009207682498979007,0.7709854135979906,0.12438927955558482,0.004238936895532288,0.0012286145604255693
C:\Users\Fakhri\Downloads\klasifikasi_jenis_kain_glcm_knn\klasifikasi_jenis_kain_glcm_knn\dataset\Blended\blended_178.png,Blended,21.344429657062175,13.31881739054795,3.403730108021657,1.161079665193614,0.2754828593414354,0.08236945658190413,0.07261021730360291,0.009945052443195792,0.4992314283198114,0.3122195389397328,0.0053711477249743485,0.001549314090669802
C:\Users\Fakhri\Downloads\klasifikasi_jenis_kain_glcm_knn\klasifikasi_jenis_kain_glcm_knn\dataset\Blended\blended_179.png,Blended,24.96673332239722,14.05367481877788,3.633659071414115,1.1561020850539656,0.2694759638794731,0.07585160975301555,0.0660941745149581,0.009218386241708083,0.5536783325454345,0.2510890768919597,0.004453418549715048,0.0012683761084117228
C:\Users\Fakhri\Downloads\klasifikasi_jenis_kain_glcm_knn\klasifikasi_jenis_kain_glcm_knn\dataset\Blended\blended_180.png,Blended,26.513306950142745,16.608215190026122,3.7907728426247496,1.3162138102588057,0.25543654020755396,0.0805777413738733,0.06309869405008314,0.009373759751110117,0.5465630173668266,0.28384939910364204,0.004069312562697529,0.0012590970513986267
C:\Users\Fakhri\Downloads\klasifikasi_jenis_kain_glcm_knn\klasifikasi_jenis_kain_glcm_knn\dataset\Blended\blended_181.png,Blended,25.208244456295684,13.717435540707053,3.688521107061669,1.1307045936939197,0.25926487074385235,0.07181968899172254,0.05894183422644377,0.008390417569450878,0.6765372259247511,0.1761179849467001,0.003544538928967328,0.0010210008682058776
C:\Users\Fakhri\Downloads\klasifikasi_jenis_kain_glcm_knn\klasifikasi_jenis_kain_glcm_knn\dataset\Blended\blended_182.png,Blended,14.420726749837499,7.522773140575222,2.6908350592330046,0.8211668230130095,0.33884582967581417,0.08589879986172065,0.08047953041246257,0.01150798206029154,0.6928179639803588,0.16013825519258876,0.006609388466510481,0.0019044716171274228
C:\Users\Fakhri\Downloads\klasifikasi_jenis_kain_glcm_knn\klasifikasi_jenis_kain_glcm_knn\dataset\Blended\blended_183.png,Blended,15.136678862947747,7.077437877254514,2.757308457963539,0.751964792252293,0.3295596985795909,0.07463948807568835,0.0801701022405076,0.01060419004236251,0.7020388304336627,0.13915860525732443,0.0065396941397079834,0.0017472223715761382
C:\Users\Fakhri\Downloads\klasifikasi_jenis_kain_glcm_knn\klasifikasi_jenis_kain_glcm_knn\dataset\Blended\blended_184.png,Blended,15.938337741759433,8.157776737544506,2.8302989587150638,0.8599057993032887,0.32618540592761347,0.085360137789367,0.07742811826790054,0.011208763902840984,0.705233878564013,0.15057996516839836,0.006120749886737625,0.0017822603821838372
C:\Users\Fakhri\Downloads\klasifikasi_jenis_kain_glcm_knn\klasifikasi_jenis_kain_glcm_knn\dataset\Blended\blended_185.png,Blended,19.88944220112631,9.151857728674246,3.1792287121672627,0.8594419383878863,0.2973782585919002,0.07069512589065138,0.061524823395005986,0.008456420583903139,0.7563185021544551,0.11222232159687198,0.0038568149428785375,0.0010767353526790235
C:\Users\Fakhri\Downloads\klasifikasi_jenis_kain_glcm_knn\klasifikasi_jenis_kain_glcm_knn\dataset\Blended\blended_186.png,Blended,13.625454399896617,7.547540989173302,2.5610357435949536,0.8191939538803162,0.3595740101866147,0.08984072579000846,0.059418157340422086,0.00891689106494402,0.9640029214099356,0.01995160903917862,0.003610028367995233,0.0010912399820933387
C:\Users\Fakhri\Downloads\klasifikasi_jenis_kain_glcm_knn\klasifikasi_jenis_kain_glcm_knn\dataset\Blended\blended_187.png,Blended,12.918630975813969,6.771665691240507,2.5601066908028614,0.7586745845790116,0.3469623120617538,0.08038626574223036,0.05654418590687008,0.00790028235506022,0.9667275394484395,0.017449496614252685,0.003259659421160363,0.0009149742557240472
C:\Users\Fakhri\Downloads\klasifikasi_jenis_kain_glcm_knn\klasifikasi_jenis_kain_glcm_knn\dataset\Blended\blended_188.png,Blended,15.013865840692631,8.43577318075437,2.76218351299624,0.8865022713113224,0.3348606864245994,0.08746833782957732,0.05559700258398222,0.008288592332920702,0.9439340817777925,0.03150502376759377,0.003159727459184677,0.0009537327823785659
C:\Users\Fakhri\Downloads\klasifikasi_jenis_kain_glcm_knn\klasifikasi_jenis_kain_glcm_knn\dataset\Blended\blended_189.png,Blended,13.982822393388048,7.302363633312297,2.6154446737878407,0.777341709781892,0.3556528282871216,0.07979587081380943,0.057444657587062686,0.007843649400682615,0.9675547153013303,0.01695334891747699,0.003361411521215708,0.0009206874515208656
C:\Users\Fakhri\Downloads\klasifikasi_jenis_kain_glcm_knn\klasifikasi_jenis_kain_glcm_knn\dataset\Blended\blended_190.png,Blended,10.352238867856757,6.22808707697056,2.3620466848938904,0.7887228074270425,0.3583154706038221,0.09453126610838966,0.07686111362595653,0.01199177749878567,0.8189889267500287,0.10921861821622712,0.006051433515402583,0.0019073033266264786
C:\Users\Fakhri\Downloads\klasifikasi_jenis_kain_glcm_knn\klasifikasi_jenis_kain_glcm_knn\dataset\Blended\blended_191.png,Blended,8.381950416332794,4.761306919649955,2.1597381671152758,0.6890430876750206,0.3750283334589726,0.09248415364015694,0.08603087146187299,0.012640417277923834,0.8006268628844854,0.11353268175563865,0.0075610909934493474,0.0022285330364901403
C:\Users\Fakhri\Downloads\klasifikasi_jenis_kain_glcm_knn\klasifikasi_jenis_kain_glcm_knn\dataset\Blended\blended_192.png,Blended,11.021045485619561,6.46438976079713,2.4483184019569237,0.8014821720588168,0.34776740862175687,0.09197433552497271,0.06956229100237911,0.010899817964313017,0.8484965511146373,0.0889129493442977,0.004957718361154836,0.0015694047952420028
C:\Users\Fakhri\Downloads\klasifikasi_jenis_kain_glcm_knn\klasifikasi_jenis_kain_glcm_knn\dataset\Blended\blended_193.png,Blended,11.021785455760543,6.325475280869527,2.4295146079662273,0.7883015189284369,0.35389017600732053,0.09166470297880917,0.06614634309448639,0.010226479036701847,0.8966600138916032,0.05951566194813813,0.004479919578261609,0.0013869083355177434
C:\Users\Fakhri\Downloads\klasifikasi_jenis_kain_glcm_knn\klasifikasi_jenis_kain_glcm_knn\dataset\Blended\blended_194.png,Blended,6.705827757551506,3.925430810496407,1.8771308479422724,0.6248436294684204,0.422442177589376,0.09930305625029714,0.09500201678189095,0.014656242235791326,0.8223132384187628,0.1043566930363556,0.009240188629100882,0.002841876186676308
C:\Users\Fakhri\Downloads\klasifikasi_jenis_kain_glcm_knn\klasifikasi_jenis_kain_glcm_knn\dataset\Blended\blended_195.png,Blended,5.117114479895283,3.147918725801846,1.6399448456701726,0.5665513916413802,0.45769690982313227,0.10346160719266177,0.1042005141837722,0.016066587459215523,0.8447179601160162,0.09635820995196762,0.011115882388747134,0.003434490536978042
C:\Users\Fakhri\Downloads\klasifikasi_jenis_kain_glcm_knn\klasifikasi_jenis_kain_glcm_knn\dataset\Blended\blended_196.png,Blended,6.3474435902075825,3.883894821528278,1.7897771606590753,0.6238142993627876,0.4438493622509796,0.10280485131172903,0.09103102807409598,0.014423763150220308,0.8897227809117482,0.06771360050748793,0.008494693015640504,0.002673820625033489
C:\Users\Fakhri\Downloads\klasifikasi_jenis_kain_glcm_knn\klasifikasi_jenis_kain_glcm_knn\dataset\Blended\blended_197.png,Blended,6.504653413621154,3.854185904183014,1.7716502994317285,0.5941842149616501,0.45392470853431516,0.09952461231998513,0.10321084649209998,0.015521514897745808,0.9017646801907818,0.05862321219616931,0.01089339625833677,0.003273331017500102
C:\Users\Fakhri\Downloads\klasifikasi_jenis_kain_glcm_knn\klasifikasi_jenis_kain_glcm_knn\dataset\Blended\blended_198.png,Blended,13.701832495283794,7.842373410677454,2.645535947818343,0.8563634522243448,0.3403330040760917,0.08920984027204902,0.06594645586784782,0.010297335357161463,0.9010017337828105,0.05688718322195529,0.00445497015698785,0.0013939851069657947
C:\Users\Fakhri\Downloads\klasifikasi_jenis_kain_glcm_knn\klasifikasi_jenis_kain_glcm_knn\dataset\Blended\blended_199.png,Blended,14.098194062621987,7.691036238920738,2.727664045710714,0.8382678741427715,0.32787270966849275,0.08184487121574566,0.06283554654747704,0.00943799115889226,0.9031753685723957,0.05296182526403169,0.0040373815870354815,0.0012182172507317342
C:\Users\Fakhri\Downloads\klasifikasi_jenis_kain_glcm_knn\klasifikasi_jenis_kain_glcm_knn\dataset\Blended\blended_200.png,Blended,15.295960702847635,8.88155429544898,2.796829313671836,0.9225722534084461,0.32716270883547277,0.08937430558931264,0.05864658577813375,0.009467539210951642,0.8949997570048779,0.06092484679243248,0.0035290563221429083,0.0011408970316007768
C:\Users\Fakhri\Downloads\klasifikasi_jenis_kain_glcm_knn\klasifikasi_jenis_kain_glcm_knn\dataset\Blended\blended_201.png,Blended,19.654410489564665,10.399093984586465,3.198228122956077,0.9582786224631697,0.2947252008113002,0.07498151619816175,0.05249852459200041,0.00795684857104775,0.8715939214160091,0.06799731366717505,0.0028194065235194582,0.0008611829022520645
C:\Users\Fakhri\Downloads\klasifikasi_jenis_kain_glcm_knn\klasifikasi_jenis_kain_glcm_knn\dataset\Cotton\cotton_001.png,Cotton,30.484750946989223,16.745671586025875,4.095961021924193,1.2435714428864544,0.23541326345148503,0.06537701518102079,0.05572482600151884,0.007170478886022897,0.651533842398226,0.19132581749429098,0.0031566720003544497,0.0008251780459306119
C:\Users\Fakhri\Downloads\klasifikasi_jenis_kain_glcm_knn\klasifikasi_jenis_kain_glcm_knn\dataset\Cotton\cotton_002.png,Cotton,41.611314523117244,22.3255084792221,4.657798427960267,1.4035662589764406,0.22181146927477702,0.06176027889000575,0.051015165778126176,0.00684159411049896,0.6811689890511717,0.17101377927250205,0.0026493545493425103,0.0007156612862594209
C:\Users\Fakhri\Downloads\klasifikasi_jenis_kain_glcm_knn\klasifikasi_jenis_kain_glcm_knn\dataset\Cotton\cotton_003.png,Cotton,37.532473241971516,20.612866455657905,4.472462774985336,1.362262495821649,0.22646521467684347,0.0626852807755827,0.051986373681447894,0.006902525453685009,0.6568699984499797,0.18825203922739994,0.002750227906185908,0.000740582282514418
C:\Users\Fakhri\Downloads\klasifikasi_jenis_kain_glcm_knn\klasifikasi_jenis_kain_glcm_knn\dataset\Cotton\cotton_004.png,Cotton,36.56444676913874,18.626117564699296,4.432307099328605,1.2537134169637545,0.22400972063553568,0.057472272198631776,0.050685685925156175,0.006284638448192781,0.7252074117796038,0.1401154782575879,0.0026085354381280763,0.0006546472332748458
C:\Users\Fakhri\Downloads\klasifikasi_jenis_kain_glcm_knn\klasifikasi_jenis_kain_glcm_knn\dataset\Cotton\cotton_005.png,Cotton,51.54268763854399,28.452793115150346,5.091646154607447,1.5494656120155526,0.21403637021746955,0.05716748840311504,0.035169014107809836,0.00520842621443649,0.8562901612086229,0.07925135967551956,0.0012639872569465565,0.0003751459105498981
C:\Users\Fakhri\Downloads\klasifikasi_jenis_kain_glcm_knn\klasifikasi_jenis_kain_glcm_knn\dataset\Cotton\cotton_006.png,Cotton,58.87936287788521,33.9038003379856,5.423780903384781,1.7369249880134634,0.20445735009004828,0.059718126892703116,0.033721588963556315,0.005331756344522507,0.8481020233644361,0.08732782413721359,0.001165573187944399,0.00037266113217457493
C:\Users\Fakhri\Downloads\klasifikasi_jenis_kain_glcm_knn\klasifikasi_jenis_kain_glcm_knn\dataset\Cotton\cotton_007.png,Cotton,54.38734055407903,30.118813821281158,5.274424794689709,1.608939575729783,0.20441215848003633,0.05589788972773719,0.03493401017193181,0.004941627027862079,0.8636299776583994,0.0754811070452822,0.001244804744375132,0.0003539057385247627
C:\Users\Fakhri\Downloads\klasifikasi_jenis_kain_glcm_knn\klasifikasi_jenis_kain_glcm_knn\dataset\Cotton\cotton_008.png,Cotton,62.33437583801322,34.38849312559833,5.58471070270684,1.731449523794427,0.20120736863965927,0.05823271829411406,0.03143103493286735,0.004758574248736691,0.8750257428185839,0.06893973787069509,0.0010105539858318677,0.0003106361589152935
C:\Users\Fakhri\Downloads\klasifikasi_jenis_kain_glcm_knn\klasifikasi_jenis_kain_glcm_knn\dataset\Cotton\cotton_009.png,Cotton,3.1189427692998737,1.7998651756172341,1.2046930035415861,0.3971948737750578,0.5578191071695501,0.0925385315291065,0.17718604293863868,0.023398322380534645,0.7239181966074208,0.15927418119323997,0.031942375302476546,0.008397490159078685
C:\Users\Fakhri\Downloads\klasifikasi_jenis_kain_glcm_knn\klasifikasi_jenis_kain_glcm_knn\dataset\Cotton\cotton_010.png,Cotton,3.0664026337255943,1.8680865706519019,1.2244933153726607,0.4243150614541769,0.5454535954084917,0.1003772324365256,0.16731597160594955,0.023900158936331857,0.7197831699296025,0.17051102065470378,0.02856585195162484,0.008183762576326619
C:\Users\Fakhri\Downloads\klasifikasi_jenis_kain_glcm_knn\klasifikasi_jenis_kain_glcm_knn\dataset\Cotton\cotton_011.png,Cotton,3.1180080788210507,1.7429015961533187,1.1870873267411142,0.37575263580616,0.5665966538563102,0.08606670292725051,0.18267817244067874,0.022057067245429492,0.7852483501465833,0.11998065667122444,0.033857828901735755,0.00814369625460628
C:\Users\Fakhri\Downloads\klasifikasi_jenis_kain_glcm_knn\klasifikasi_jenis_kain_glcm_knn\dataset\Cotton\cotton_012.png,Cotton,3.554541389302862,2.286249859314643,1.3192324571837446,0.4786907949370119,0.527554568221211,0.10448387332051394,0.1557344269799474,0.023043320766003433,0.7725450801980133,0.1463583740116463,0.024784206378697504,0.00733191529660002
C:\Users\Fakhri\Downloads\klasifikasi_jenis_kain_glcm_knn\klasifikasi_jenis_kain_glcm_knn\dataset\Cotton\cotton_013.png,Cotton,2.098005359213201,1.0933155041127525,0.967764877932577,0.2879168691270981,0.6154222236545315,0.07892047433270669,0.20160725949186423,0.02155838876068897,0.8187773206100296,0.09434240743453678,0.04111025120577689,0.008805847198560339
C:\Users\Fakhri\Downloads\klasifikasi_jenis_kain_glcm_knn\klasifikasi_jenis_kain_glcm_knn\dataset\Cotton\cotton_014.png,Cotton,3.0427390135232257,1.901938034520591,1.218818171111842,0.42336651371018896,0.5472893099441726,0.09846584690589832,0.17058045003373348,0.023676528062672553,0.726798657690598,0.17056624441417623,0.02965826791481357,0.008335682776720487
C:\Users\Fakhri\Downloads\klasifikasi_jenis_kain_glcm_knn\klasifikasi_jenis_kain_glcm_knn\dataset\Cotton\cotton_015.png,Cotton,3.7074731441154127,2.029838657912085,1.3035403734952717,0.4018193021862281,0.541014128360434,0.08541390923619858,0.16579491790203071,0.020940117344520143,0.7457203201965608,0.13907145950405117,0.02792644331654338,0.007048781838151292
C:\Users\Fakhri\Downloads\klasifikasi_jenis_kain_glcm_knn\klasifikasi_jenis_kain_glcm_knn\dataset\Cotton\cotton_016.png,Cotton,3.842837982601932,2.5170386140109833,1.3751955245680634,0.5021728107740808,0.5168297601849906,0.1046481680283161,0.15031478278275778,0.022477154119171342,0.7706481132289915,0.15032740421676322,0.023099756380324632,0.006996701146307931
C:\Users\Fakhri\Downloads\klasifikasi_jenis_kain_glcm_knn\klasifikasi_jenis_kain_glcm_knn\dataset\Cotton\cotton_017.png,Cotton,5.711004634325369,3.224807888920734,1.7024512943016517,0.545561732081934,0.4533660532495274,0.09542637507876253,0.09205523177949139,0.013804512742923401,0.9338699072273656,0.037576565990736076,0.008664730270045417,0.002612464241778569
C:\Users\Fakhri\Downloads\klasifikasi_jenis_kain_glcm_knn\klasifikasi_jenis_kain_glcm_knn\dataset\Cotton\cotton_018.png,Cotton,4.256497262258893,2.85932173548439,1.4308267148763998,0.544960225112315,0.5083477873904124,0.11272905870209142,0.11932886135507058,0.020064541971658627,0.957562219147658,0.028765679172708288,0.0146419629968301,0.0049828843673901425
C:\Users\Fakhri\Downloads\klasifikasi_jenis_kain_glcm_knn\klasifikasi_jenis_kain_glcm_knn\dataset\Cotton\cotton_019.png,Cotton,4.499864057272446,2.518501652939801,1.4532534867840612,0.4666415218444259,0.5061030495304991,0.0951056450254675,0.11193851651519043,0.01564425185640986,0.9577992162637337,0.02380932064252492,0.012774974095768344,0.0035879215910766767
C:\Users\Fakhri\Downloads\klasifikasi_jenis_kain_glcm_knn\klasifikasi_jenis_kain_glcm_knn\dataset\Cotton\cotton_020.png,Cotton,6.433703780719682,4.782680825672283,1.6579024440663632,0.6856814968765651,0.5024253842624199,0.1094070028151437,0.1455861834071255,0.02071478324997116,0.947118521112161,0.039494595032313416,0.021624439044146477,0.006067887512248338
C:\Users\Fakhri\Downloads\klasifikasi_jenis_kain_glcm_knn\klasifikasi_jenis_kain_glcm_knn\dataset\Cotton\cotton_021.png,Cotton,4.781834426227889,3.5320853672171046,1.526205476551018,0.6293086016203521,0.4912428952505728,0.1203360236020642,0.11219858079296967,0.020373919812851953,0.9075864300694941,0.06852303417600895,0.01300361814049706,0.004782554021132109
C:\Users\Fakhri\Downloads\klasifikasi_jenis_kain_glcm_knn\klasifikasi_jenis_kain_glcm_knn\dataset\Cotton\cotton_022.png,Cotton,1.9967365001469324,1.077240778285752,0.9266482511863702,0.29809141875139594,0.630039076448166,0.08570925538899168,0.186519277856416,0.022566949076988682,0.9114576411219742,0.04798266303587219,0.03529870820272232,0.00849692099026993
C:\Users\Fakhri\Downloads\klasifikasi_jenis_kain_glcm_knn\klasifikasi_jenis_kain_glcm_knn\dataset\Cotton\cotton_023.png,Cotton,3.7300510192441956,2.5980858825624216,1.3090637979561361,0.5193385529513721,0.5409516817560113,0.11232768463374278,0.13546445835277146,0.022333886016039264,0.9261391513122602,0.051503920634249065,0.01884942194138717,0.00621909765348154
C:\Users\Fakhri\Downloads\klasifikasi_jenis_kain_glcm_knn\klasifikasi_jenis_kain_glcm_knn\dataset\Cotton\cotton_024.png,Cotton,2.540980654649517,1.552340274798344,0.9568419991768984,0.33271415276500277,0.650290407957559,0.07803009854856065,0.26237172495059885,0.016169018477707492,0.9622116496057798,0.023126069129391427,0.06910035921208513,0.008440923388366824
C:\Users\Fakhri\Downloads\klasifikasi_jenis_kain_glcm_knn\klasifikasi_jenis_kain_glcm_knn\dataset\Cotton\cotton_025.png,Cotton,58.37512611324852,35.353135367035016,5.663898588675983,1.9154249027166121,0.18048771449586284,0.058661128586034006,0.03231936127595159,0.005128940587130122,0.7973696222343759,0.12287746450494602,0.00107084714483179,0.0003462782260912799
C:\Users\Fakhri\Downloads\klasifikasi_jenis_kain_glcm_knn\klasifikasi_jenis_kain_glcm_knn\dataset\Cotton\cotton_026.png,Cotton,54.135265640470465,32.0923764569645,5.458617897293306,1.814306016660453,0.1871550078866783,0.06216539233606834,0.032530047402286925,0.005248078488783373,0.8349496171633369,0.09806345506059408,0.0010857463118194648,0.0003633938232754942
C:\Users\Fakhri\Downloads\klasifikasi_jenis_kain_glcm_knn\klasifikasi_jenis_kain_glcm_knn\dataset\Cotton\cotton_027.png,Cotton,61.593912873638054,37.85183928689672,5.810848200328852,1.9908045494803508,0.17871286875733638,0.05886013278188956,0.031553897118634495,0.005091976449284031,0.790243183586495,0.12878113716328027,0.0010215766475334335,0.00033678567457497073
C:\Users\Fakhri\Downloads\klasifikasi_jenis_kain_glcm_knn\klasifikasi_jenis_kain_glcm_knn\dataset\Cotton\cotton_028.png,Cotton,66.14078350998689,39.63663977270476,5.988467005716689,2.04391737171658,0.17797022663291986,0.06332751601728114,0.03191422761893576,0.005429060556656454,0.7642246456382656,0.14149248784820515,0.0010479926230410853,0.00037251775955589317
C:\Users\Fakhri\Downloads\klasifikasi_jenis_kain_glcm_knn\klasifikasi_jenis_kain_glcm_knn\dataset\Cotton\cotton_029.png,Cotton,10.016480269792105,5.423748128150312,1.9634990945018123,0.6144741324279615,0.46295026222919805,0.08633156290029727,0.1454760139305995,0.019942949493733958,0.6791758222341565,0.17357039851789843,0.0215609918636456,0.005938741939165427
C:\Users\Fakhri\Downloads\klasifikasi_jenis_kain_glcm_knn\klasifikasi_jenis_kain_glcm_knn\dataset\Cotton\cotton_030.png,Cotton,9.754449909388768,5.11112429502283,1.8690509746722974,0.563620767280866,0.4989855545382597,0.077013308581382,0.1744157048523669,0.021242186038909497,0.7115488937234621,0.15084385142520093,0.0308720685668596,0.00746653878761234
C:\Users\Fakhri\Downloads\klasifikasi_jenis_kain_glcm_knn\klasifikasi_jenis_kain_glcm_knn\dataset\Cotton\cotton_031.png,Cotton,12.17590437486362,6.7163985734347085,2.234604139749783,0.7078296869009515,0.42185850267309405,0.08716163101576599,0.12523391325049846,0.018061508511245557,0.6756670934126329,0.17851032911761142,0.016009751117735168,0.004642487953974434
C:\Users\Fakhri\Downloads\klasifikasi_jenis_kain_glcm_knn\klasifikasi_jenis_kain_glcm_knn\dataset\Cotton\cotton_032.png,Cotton,8.833823778914843,4.827115165473811,1.9746207910638816,0.6019788797635387,0.4461483217565892,0.08112982592712378,0.12884853641055308,0.016778350482778363,0.7316693748144728,0.1467463028108399,0.016883458380064567,0.004386187281442785
C:\Users\Fakhri\Downloads\klasifikasi_jenis_kain_glcm_knn\klasifikasi_jenis_kain_glcm_knn\dataset\Cotton\cotton_033.png,Cotton,10.0436729261338,5.580298311501165,1.974607930243612,0.6317459316520555,0.45717646056401917,0.08992634497288983,0.13777253741526563,0.0194334299241574,0.7093051462863111,0.16117350907014527,0.019358930264457907,0.005446729749269349
C:\Users\Fakhri\Downloads\klasifikasi_jenis_kain_glcm_knn\klasifikasi_jenis_kain_glcm_knn\dataset\Cotton\cotton_034.png,Cotton,10.656691854476366,5.802502097279845,1.9532405224435525,0.6072701367283537,0.49408040010322757,0.07785836772841039,0.17318603074161046,0.021543053407483016,0.7506844239406606,0.13547893681055542,0.030457504394151704,0.007513822336686209
C:\Users\Fakhri\Downloads\klasifikasi_jenis_kain_glcm_knn\klasifikasi_jenis_kain_glcm_knn\dataset\Cotton\cotton_035.png,Cotton,15.462576554202807,8.530668581762615,2.400803460346976,0.7586737579429708,0.41891288129688103,0.08494589078816807,0.12410321432707305,0.017932573655089278,0.7050859460120696,0.16239695070241147,0.015723185004206632,0.004526271421339098
C:\Users\Fakhri\Downloads\klasifikasi_jenis_kain_glcm_knn\klasifikasi_jenis_kain_glcm_knn\dataset\Cotton\cotton_036.png,Cotton,12.426576928216022,7.21971317098709,2.2944272304534885,0.7579577250038398,0.4199727134755038,0.08612104899101185,0.11938614759782962,0.01750955306896558,0.7308379084018769,0.1562180218197683,0.014559636686925675,0.004234471904804453
C:\Users\Fakhri\Downloads\klasifikasi_jenis_kain_glcm_knn\klasifikasi_jenis_kain_glcm_knn\dataset\Cotton\cotton_037.png,Cotton,9.67328805365876,6.000634649836927,2.3147166963791537,0.802024370308261,0.359210112757576,0.09877839537860371,0.076737943519508,0.012441014493527514,0.8185162359139198,0.11264482808419064,0.006043490817231362,0.0019730566662646254
C:\Users\Fakhri\Downloads\klasifikasi_jenis_kain_glcm_knn\klasifikasi_jenis_kain_glcm_knn\dataset\Cotton\cotton_038.png,Cotton,10.941155995240578,7.962807951459192,2.468630411350022,0.9697933153297668,0.3438880122216479,0.10716386813509594,0.07461431387380221,0.013463256870941178,0.7981521403556465,0.1471380057532286,0.005748555120431216,0.0021315106136735778
C:\Users\Fakhri\Downloads\klasifikasi_jenis_kain_glcm_knn\klasifikasi_jenis_kain_glcm_knn\dataset\Cotton\cotton_039.png,Cotton,8.665603155637207,5.28664492952299,2.1974141143889727,0.7521956724697784,0.3709250483566613,0.09939987299477004,0.07223786701182212,0.011889365886565171,0.8827222682864613,0.07163195102695781,0.005359666451602318,0.001769675773236019
C:\Users\Fakhri\Downloads\klasifikasi_jenis_kain_glcm_knn\klasifikasi_jenis_kain_glcm_knn\dataset\Cotton\cotton_040.png,Cotton,12.163209433461885,8.858365836545255,2.536536410726904,1.0040786921166747,0.35073908754872646,0.10658209333855988,0.07359177232064218,0.013855455009153748,0.8568889003630052,0.10454002751097206,0.00560772258680392,0.00214623174221237
C:\Users\Fakhri\Downloads\klasifikasi_jenis_kain_glcm_knn\klasifikasi_jenis_kain_glcm_knn\dataset\Cotton\cotton_041.png,Cotton,8.941017816507125,5.499398837511554,2.2339491457303584,0.761285511457828,0.3671122440072203,0.09719404522411948,0.0840389347870084,0.013453765434806246,0.7870678842685787,0.13095370129614095,0.0072435463645098355,0.002402491866369131
C:\Users\Fakhri\Downloads\klasifikasi_jenis_kain_glcm_knn\klasifikasi_jenis_kain_glcm_knn\dataset\Cotton\cotton_042.png,Cotton,11.777143165240181,8.606922499937312,2.574569719453957,1.0193691089783292,0.3305640521443554,0.10939161737567257,0.07800648347084299,0.014527396213929523,0.7322911500529509,0.19543452239153034,0.006296056704243393,0.002507647175381266
C:\Users\Fakhri\Downloads\klasifikasi_jenis_kain_glcm_knn\klasifikasi_jenis_kain_glcm_knn\dataset\Cotton\cotton_043.png,Cotton,9.562348463908684,6.081300909142996,2.301565037706542,0.8015620989707897,0.3612585974362131,0.09754815157438908,0.07257173072274604,0.01224972322940295,0.8598838133858,0.08907042068439097,0.005416711819291737,0.001892878697836958
C:\Users\Fakhri\Downloads\klasifikasi_jenis_kain_glcm_knn\klasifikasi_jenis_kain_glcm_knn\dataset\Cotton\cotton_044.png,Cotton,12.352364613738635,8.786121090957487,2.5863796273488084,1.0091496532910345,0.3383501117301911,0.1088381419200797,0.0689092430398983,0.013451643388414576,0.8598001483450318,0.09997708580144084,0.00492943048618085,0.002043252339553817
C:\Users\Fakhri\Downloads\klasifikasi_jenis_kain_glcm_knn\klasifikasi_jenis_kain_glcm_knn\dataset\Cotton\cotton_045.png,Cotton,7.136338572958479,4.329642232241867,1.967087761154766,0.6717090219249157,0.40522447502445336,0.10062630293244407,0.08714290125103791,0.014215246997185288,0.838475950752153,0.09789334408055499,0.007795958485639129,0.0025772179736467883
C:\Users\Fakhri\Downloads\klasifikasi_jenis_kain_glcm_knn\klasifikasi_jenis_kain_glcm_knn\dataset\Cotton\cotton_046.png,Cotton,7.671673731438052,5.976340584072674,1.9425145443565295,0.8404560886242307,0.4342584373263925,0.12444257111683892,0.11570734338086698,0.02347595396419532,0.8026177560930413,0.1538936911687838,0.013939309726786883,0.005887098149806428
C:\Users\Fakhri\Downloads\klasifikasi_jenis_kain_glcm_knn\klasifikasi_jenis_kain_glcm_knn\dataset\Cotton\cotton_047.png,Cotton,6.0486067865471504,3.6785250812696764,1.7696931644434788,0.6062550191755707,0.4418955247465977,0.10153689153904044,0.09762547861532772,0.01571041124669089,0.8971222390115566,0.06261682501280759,0.009777551096411962,0.0031819338804141106
C:\Users\Fakhri\Downloads\klasifikasi_jenis_kain_glcm_knn\klasifikasi_jenis_kain_glcm_knn\dataset\Cotton\cotton_048.png,Cotton,8.745315952590149,6.759917904227342,1.9414142773269392,0.8319993422322739,0.46810522458906245,0.11310381107881011,0.16806800357161733,0.024352231429860163,0.9241933127292287,0.058664280646065374,0.02883988500016264,0.008286558607228985
C:\Users\Fakhri\Downloads\klasifikasi_jenis_kain_glcm_knn\klasifikasi_jenis_kain_glcm_knn\dataset\Cotton\cotton_049.png,Cotton,7.8632444129655354,4.849850367020137,2.0559448217102867,0.7043682984493452,0.3954937951960082,0.09823645882293428,0.08577608331020163,0.013767375759145472,0.8391564237031144,0.09934805929575197,0.007547077103332157,0.002462417104326374
C:\Users\Fakhri\Downloads\klasifikasi_jenis_kain_glcm_knn\klasifikasi_jenis_kain_glcm_knn\dataset\Cotton\cotton_050.png,Cotton,9.533818523472258,7.083889869071168,2.225748945471389,0.9157195264032549,0.38587904820123403,0.11831983109449544,0.09779116833223934,0.01927067339747358,0.7942281750525314,0.15334613960295065,0.009934471456976466,0.004134505040548653
C:\Users\Fakhri\Downloads\klasifikasi_jenis_kain_glcm_knn\klasifikasi_jenis_kain_glcm_knn\dataset\Cotton\cotton_051.png,Cotton,7.372599679286318,4.717538273617625,1.953346570922423,0.6890068854241783,0.41817836347099574,0.10008162304366267,0.08908761148974158,0.014611225079123056,0.8926665615642145,0.06874097619500598,0.008150090419259928,0.002717416297697104
C:\Users\Fakhri\Downloads\klasifikasi_jenis_kain_glcm_knn\klasifikasi_jenis_kain_glcm_knn\dataset\Cotton\cotton_052.png,Cotton,10.022685747706896,7.115162858793543,2.1650729739864913,0.8567050599142484,0.4234362565203255,0.1063941078804256,0.13355004050894917,0.021010855797114168,0.8831412454315125,0.0835326449225085,0.01827706938126908,0.0057405815822858435
C:\Users\Fakhri\Downloads\klasifikasi_jenis_kain_glcm_knn\klasifikasi_jenis_kain_glcm_knn\dataset\Cotton\cotton_053.png,Cotton,20.93080669541462,14.725622506931362,3.3889887594914705,1.3266680317962134,0.2769933845973792,0.09599757788250662,0.058746283495094524,0.010488800730395393,0.7441068412678832,0.18005465421753736,0.003561140765247958,0.0012815053798323863
C:\Users\Fakhri\Downloads\klasifikasi_jenis_kain_glcm_knn\klasifikasi_jenis_kain_glcm_knn\dataset\Cotton\cotton_054.png,Cotton,22.358790230086736,14.643424645446355,3.5306941367532407,1.2671769693817845,0.2646284425204599,0.08306530828073631,0.05190319425461556,0.00879388771188935,0.7938584760069646,0.13504285466562935,0.002771274034921676,0.0009421719598672689
C:\Users\Fakhri\Downloads\klasifikasi_jenis_kain_glcm_knn\klasifikasi_jenis_kain_glcm_knn\dataset\Cotton\cotton_055.png,Cotton,27.615271923849093,18.78953412587382,3.920050940498129,1.4838201341530692,0.2449150134650728,0.08610749713284978,0.0465742202308374,0.008362985573325793,0.7988874788481651,0.13692748085984927,0.0022390975178101986,0.0008086421901521566
C:\Users\Fakhri\Downloads\klasifikasi_jenis_kain_glcm_knn\klasifikasi_jenis_kain_glcm_knn\dataset\Cotton\cotton_056.png,Cotton,24.669549094032053,16.6458555867375,3.6945220830436227,1.3651698884960868,0.2583381898359496,0.08409663378511875,0.046113849888871794,0.008196963042089393,0.860407119735048,0.09410605678837866,0.0021936773546867815,0.000780400363112637
C:\Users\Fakhri\Downloads\klasifikasi_jenis_kain_glcm_knn\klasifikasi_jenis_kain_glcm_knn\dataset\Cotton\cotton_057.png,Cotton,26.498245206415334,17.08919276316655,3.8824951692872687,1.393309617638296,0.23902641907692782,0.0818005130587496,0.049529735384747614,0.008280874498309495,0.7629990914556112,0.15280464347056752,0.002521767569739873,0.0008504590078768107
C:\Users\Fakhri\Downloads\klasifikasi_jenis_kain_glcm_knn\klasifikasi_jenis_kain_glcm_knn\dataset\Cotton\cotton_058.png,Cotton,31.603951431245818,23.694669646440616,4.232786484957318,1.7304174266096206,0.22751912169562158,0.08806513296858022,0.0479085055291301,0.008872541796158567,0.7232722311583575,0.20742226661249552,0.00237394689995927,0.0008997431805894926
C:\Users\Fakhri\Downloads\klasifikasi_jenis_kain_glcm_knn\klasifikasi_jenis_kain_glcm_knn\dataset\Cotton\cotton_059.png,Cotton,23.54470912984159,14.880250502667904,3.653538942445532,1.2756132928574242,0.25165419745687934,0.08064731516663472,0.04694032417538377,0.007857062848064866,0.8424396560446475,0.09957774844466755,0.0022651274702885586,0.0007632990443893116
C:\Users\Fakhri\Downloads\klasifikasi_jenis_kain_glcm_knn\klasifikasi_jenis_kain_glcm_knn\dataset\Cotton\cotton_060.png,Cotton,38.88751753421276,30.1253246096087,4.655889375093187,1.9453029051428627,0.21317385808385345,0.08415954930690771,0.04168849464713581,0.008106990270530391,0.7752602995384738,0.17427369213975433,0.001803653877190745,0.000715578210110488
C:\Users\Fakhri\Downloads\klasifikasi_jenis_kain_glcm_knn\klasifikasi_jenis_kain_glcm_knn\dataset\Cotton\cotton_061.png,Cotton,8.952902285951483,7.083170059556742,2.1038487037217517,0.8993233582663867,0.4109817085903365,0.11776748412582297,0.07401397891613748,0.01511666070859899,0.9399743437662242,0.04734757887971025,0.005706582505977345,0.0024108277875336407
C:\Users\Fakhri\Downloads\klasifikasi_jenis_kain_glcm_knn\klasifikasi_jenis_kain_glcm_knn\dataset\Cotton\cotton_062.png,Cotton,4.071313840817815,2.407435848305737,1.3067634325272437,0.4346209611508302,0.5559510704134031,0.0878223094920464,0.16256052436632115,0.019706784367858013,0.9560275976062179,0.02615611522435717,0.026814281432374545,0.006479475084303321
C:\Users\Fakhri\Downloads\klasifikasi_jenis_kain_glcm_knn\klasifikasi_jenis_kain_glcm_knn\dataset\Cotton\cotton_063.png,Cotton,6.283868457157002,4.917100632029116,1.617311677925074,0.678686391054635,0.5115711850038507,0.10570222669762996,0.1447052268214476,0.020259146024594474,0.9538916074237177,0.03600423805836414,0.02135003566709244,0.005934597942903541
C:\Users\Fakhri\Downloads\klasifikasi_jenis_kain_glcm_knn\klasifikasi_jenis_kain_glcm_knn\dataset\Cotton\cotton_064.png,Cotton,5.4204135805124345,3.2109708064682354,1.5863713296273083,0.5272170899590846,0.49231817873639244,0.0914800775082977,0.11669975805303251,0.015566228028482518,0.9204849574225977,0.04718652331822718,0.013861140984671038,0.0036731946721180356
C:\Users\Fakhri\Downloads\klasifikasi_jenis_kain_glcm_knn\klasifikasi_jenis_kain_glcm_knn\dataset\Cotton\cotton_065.png,Cotton,9.573529519813729,6.08561549072701,2.1388249877071273,0.7570624925105035,0.41004415905620606,0.09749171405022031,0.07506978652465797,0.012344696142687812,0.9522674942391743,0.03037062957353371,0.005787864371713009,0.0018848850893863436
C:\Users\Fakhri\Downloads\klasifikasi_jenis_kain_glcm_knn\klasifikasi_jenis_kain_glcm_knn\dataset\Cotton\cotton_066.png,Cotton,6.63333997195839,4.204999154115763,1.7077131130608743,0.6090482748451774,0.4864027243655275,0.09638174341339623,0.11343345878305804,0.016222818077863466,0.9500165506838317,0.03169309750993974,0.013130329397875182,0.003697069498864767
C:\Users\Fakhri\Downloads\klasifikasi_jenis_kain_glcm_knn\klasifikasi_jenis_kain_glcm_knn\dataset\Cotton\cotton_067.png,Cotton,9.26286583874254,5.815991671276025,2.1630438772788776,0.760109111841126,0.39520400367093345,0.09829829046604335,0.07305595836186529,0.012528491367975231,0.9127145779069505,0.054837347271859044,0.005494136148128024,0.0018651989350978826
C:\Users\Fakhri\Downloads\klasifikasi_jenis_kain_glcm_knn\klasifikasi_jenis_kain_glcm_knn\dataset\Cotton\cotton_068.png,Cotton,10.675176695883609,7.7511360682480674,2.072637883022663,0.8200576849596786,0.47433883171850927,0.0891854259649991,0.1583062555495882,0.010777329218537067,0.9596929693876652,0.02927908114187233,0.025177021371216256,0.003395082214989093
C:\Users\Fakhri\Downloads\klasifikasi_jenis_kain_glcm_knn\klasifikasi_jenis_kain_glcm_knn\dataset\Cotton\cotton_069.png,Cotton,4.867555815121435,2.791602550548411,1.6160607846061648,0.522038713072014,0.456703886720692,0.09746061769338744,0.08659239266171372,0.013251263875908756,0.9399625651723601,0.034520055692687276,0.00767383846118938,0.0023691906175213194
C:\Users\Fakhri\Downloads\klasifikasi_jenis_kain_glcm_knn\klasifikasi_jenis_kain_glcm_knn\dataset\Cotton\cotton_070.png,Cotton,5.098337571473096,3.881987514397726,1.5739955383413562,0.6575361605637556,0.4832761182055181,0.12147469103321551,0.1123723557458639,0.021223723411870024,0.9048055816920257,0.07262308944792734,0.013077992771338547,0.005122831614741732
C:\Users\Fakhri\Downloads\klasifikasi_jenis_kain_glcm_knn\klasifikasi_jenis_kain_glcm_knn\dataset\Cotton\cotton_071.png,Cotton,3.6985914377535143,2.141573650504041,1.3892523523345837,0.4587628531790336,0.5015800591779956,0.10041626351348931,0.11464940860941543,0.017168867613721293,0.9284428813158404,0.04166490382219146,0.013439256909626192,0.004073597756674056
C:\Users\Fakhri\Downloads\klasifikasi_jenis_kain_glcm_knn\klasifikasi_jenis_kain_glcm_knn\dataset\Cotton\cotton_072.png,Cotton,6.531664879414083,5.000238438170081,1.7502306460602683,0.7347525932505548,0.47121754330229465,0.1138470138530026,0.12147573321330775,0.019064414572497423,0.9359077822763994,0.04910945012173298,0.015119805662702763,0.0047975605358263375
C:\Users\Fakhri\Downloads\klasifikasi_jenis_kain_glcm_knn\klasifikasi_jenis_kain_glcm_knn\dataset\Cotton\cotton_073.png,Cotton,5.752921287734833,3.1744734084931463,1.7642120698286323,0.5473537467609584,0.432390520508753,0.09281747840217779,0.09625140666676836,0.014152465716556508,0.8552545060943633,0.07995205174584331,0.00946462557118993,0.0028291464019585214
C:\Users\Fakhri\Downloads\klasifikasi_jenis_kain_glcm_knn\klasifikasi_jenis_kain_glcm_knn\dataset\Cotton\cotton_074.png,Cotton,7.246060741228786,5.404188505552257,1.9367052493215269,0.7963313967840502,0.41763190841832903,0.12238697924539067,0.09503883849149292,0.01942502943990018,0.8224631265482073,0.1320706943285522,0.009409712590553064,0.004104425766344288
C:\Users\Fakhri\Downloads\klasifikasi_jenis_kain_glcm_knn\klasifikasi_jenis_kain_glcm_knn\dataset\Cotton\cotton_075.png,Cotton,5.111208971252781,2.9495744099026298,1.6512198311476425,0.5319007254208298,0.4528284999255974,0.0962097881178828,0.09733729940344475,0.014708610488242076,0.8891096791682354,0.06411579897702147,0.009690893077650666,0.002983369740902319
C:\Users\Fakhri\Downloads\klasifikasi_jenis_kain_glcm_knn\klasifikasi_jenis_kain_glcm_knn\dataset\Cotton\cotton_076.png,Cotton,7.877123904186946,5.626078230987428,1.9440243342306822,0.7755456902301013,0.43783317394509025,0.11495272916481028,0.10609262881442298,0.019308722845816095,0.9093760775586937,0.06496806642148736,0.011628472666691472,0.004357498382321043
C:\Users\Fakhri\Downloads\klasifikasi_jenis_kain_glcm_knn\klasifikasi_jenis_kain_glcm_knn\dataset\Cotton\cotton_077.png,Cotton,15.417056005672839,10.041845937723625,2.937439276777599,1.0526907526259282,0.30010777527170246,0.0906697440430222,0.06592903865315114,0.010543181431216813,0.7644768373359763,0.15363652532180222,0.004457796812420252,0.0014557320463826464
C:\Users\Fakhri\Downloads\klasifikasi_jenis_kain_glcm_knn\klasifikasi_jenis_kain_glcm_knn\dataset\Cotton\cotton_078.png,Cotton,12.654939949140568,8.409050074931987,2.645689249733539,0.9745225736236619,0.3282457935566849,0.10034850507692206,0.07210443620410972,0.012326289875913346,0.7903301184002912,0.1398463969392245,0.005350987142417572,0.0018941349420354748
C:\Users\Fakhri\Downloads\klasifikasi_jenis_kain_glcm_knn\klasifikasi_jenis_kain_glcm_knn\dataset\Cotton\cotton_079.png,Cotton,15.96345248861205,10.0539378370404,2.936503583223722,1.026005801814417,0.3071684984702497,0.08940237659413332,0.05972962148022049,0.009765695512716863,0.8372378156409691,0.10270499954020505,0.003662996491017515,0.0012098218375870486
C:\Users\Fakhri\Downloads\klasifikasi_jenis_kain_glcm_knn\klasifikasi_jenis_kain_glcm_knn\dataset\Cotton\cotton_080.png,Cotton,15.421243455924293,10.13674425919919,2.818297843179416,1.0262184285701028,0.33195528897231014,0.09569962975655631,0.07375796579929243,0.012721754804159111,0.8426944589387988,0.10387629299984467,0.005602080564146739,0.0019768925745676396
C:\Users\Fakhri\Downloads\klasifikasi_jenis_kain_glcm_knn\klasifikasi_jenis_kain_glcm_knn\dataset\Cotton\cotton_081.png,Cotton,14.271813842167859,9.818112191050092,2.8189723593759184,1.0586815678887942,0.3114048914794489,0.09602678406384826,0.06579200873394293,0.011021859137357823,0.8144306007360825,0.12792726329590842,0.004450069792090981,0.0015114502122841494
C:\Users\Fakhri\Downloads\klasifikasi_jenis_kain_glcm_knn\klasifikasi_jenis_kain_glcm_knn\dataset\Cotton\cotton_082.png,Cotton,10.556493405420731,7.047642685734713,2.3994615919228512,0.8862020708349527,0.35616732040853744,0.10224224659501539,0.08444959506710405,0.014419079275724712,0.8026116905497775,0.13211824918965726,0.007339643954157476,0.0025596483869874814
C:\Users\Fakhri\Downloads\klasifikasi_jenis_kain_glcm_knn\klasifikasi_jenis_kain_glcm_knn\dataset\Cotton\cotton_083.png,Cotton,12.514830961862621,8.631258874784363,2.57888729308725,0.978402911102534,0.3422759666102984,0.1007848880504838,0.07103958427151126,0.01197639636478319,0.8729600137470069,0.08787392010599439,0.00519005660335554,0.0017598229543782304
C:\Users\Fakhri\Downloads\klasifikasi_jenis_kain_glcm_knn\klasifikasi_jenis_kain_glcm_knn\dataset\Cotton\cotton_084.png,Cotton,13.396133415597191,9.600959556138303,2.575989806569481,1.0188822279939482,0.3670792331609123,0.10375025385735503,0.09370183273532608,0.016070082771218522,0.8646005616880813,0.09733120309559191,0.00903828101823284,0.0031166960706730043
C:\Users\Fakhri\Downloads\klasifikasi_jenis_kain_glcm_knn\klasifikasi_jenis_kain_glcm_knn\dataset\Cotton\cotton_085.png,Cotton,25.650442438742726,15.481646654095064,3.533113732792549,1.2184351309206052,0.2881094538631477,0.08366073889750203,0.0635656444629311,0.010779936055305276,0.681664177110178,0.19196453610300032,0.004156798177344233,0.0014189895327889328
C:\Users\Fakhri\Downloads\klasifikasi_jenis_kain_glcm_knn\klasifikasi_jenis_kain_glcm_knn\dataset\Cotton\cotton_086.png,Cotton,23.214401702366583,15.994782175972986,3.5131078906193998,1.3105246773132224,0.2730442226204208,0.08653324884132058,0.06256364089162712,0.010424812960465765,0.6469894907031022,0.2429321519895212,0.004022885886877174,0.0013622126250163547
C:\Users\Fakhri\Downloads\klasifikasi_jenis_kain_glcm_knn\klasifikasi_jenis_kain_glcm_knn\dataset\Cotton\cotton_087.png,Cotton,30.839960172677788,17.963894510336278,3.8953643065908956,1.3122360274716276,0.26772375067615645,0.07828156211275693,0.0568643871938834,0.009504651061696769,0.7106911670327039,0.16840292437990328,0.0033238969227405036,0.0011115517430642598
C:\Users\Fakhri\Downloads\klasifikasi_jenis_kain_glcm_knn\klasifikasi_jenis_kain_glcm_knn\dataset\Cotton\cotton_088.png,Cotton,28.431937125602705,19.6095677462973,3.904392307062675,1.4708734323631785,0.2507419652453707,0.0838154601934967,0.05240329153944279,0.009227745788348589,0.7001987067387753,0.20674531669531226,0.0028312562565022217,0.0010106239100261137
C:\Users\Fakhri\Downloads\klasifikasi_jenis_kain_glcm_knn\klasifikasi_jenis_kain_glcm_knn\dataset\Cotton\cotton_089.png,Cotton,23.486115185857802,16.898135299478668,3.5175817466053476,1.3609891705813246,0.2734742346342601,0.09181849639368767,0.05936868018297936,0.010774782913226316,0.7041135474151238,0.212717599936322,0.0036407361334960396,0.0013916293111726125
C:\Users\Fakhri\Downloads\klasifikasi_jenis_kain_glcm_knn\klasifikasi_jenis_kain_glcm_knn\dataset\Cotton\cotton_090.png,Cotton,20.262392625237002,12.663790672955914,3.247733310979369,1.116100123417611,0.2942231580401517,0.08422256054981195,0.06053307056078586,0.010047078165044717,0.7586386528390595,0.1507254583109314,0.003765196411171597,0.0012753127612618895
C:\Users\Fakhri\Downloads\klasifikasi_jenis_kain_glcm_knn\klasifikasi_jenis_kain_glcm_knn\dataset\Cotton\cotton_091.png,Cotton,22.703561929184957,16.18989155059084,3.4427412493940435,1.3190703435610385,0.28080096140695027,0.09163359060672371,0.05615199048907906,0.01051061423526174,0.7797959745686862,0.15715530722799126,0.0032635190474881105,0.0012853330428581407
C:\Users\Fakhri\Downloads\klasifikasi_jenis_kain_glcm_knn\klasifikasi_jenis_kain_glcm_knn\dataset\Cotton\cotton_092.png,Cotton,18.193600875188725,11.448517600823969,3.1056289921745166,1.0605387079963273,0.2999981449602638,0.08354200769968012,0.055360644199838265,0.009236678697897661,0.8382860706760514,0.10169730128552447,0.0031501171595892836,0.001066641222200945
C:\Users\Fakhri\Downloads\klasifikasi_jenis_kain_glcm_knn\klasifikasi_jenis_kain_glcm_knn\dataset\Cotton\cotton_093.png,Cotton,21.498954419344287,14.950941514870161,3.4177188487209613,1.3106716547453003,0.2766784190175346,0.09465516928712966,0.06712438594806079,0.011340519089376767,0.6187439301605463,0.26480162133960256,0.00463429056212074,0.0016546930695745957
C:\Users\Fakhri\Downloads\klasifikasi_jenis_kain_glcm_knn\klasifikasi_jenis_kain_glcm_knn\dataset\Cotton\cotton_094.png,Cotton,18.98408691808582,10.862220206476184,3.2372376588518716,1.0296401143183513,0.2824003674808251,0.07697411441268054,0.06905212315666721,0.009699826861251148,0.6516176921554362,0.1990904451165209,0.004862282353581787,0.0013786894234074864
C:\Users\Fakhri\Downloads\klasifikasi_jenis_kain_glcm_knn\klasifikasi_jenis_kain_glcm_knn\dataset\Cotton\cotton_095.png,Cotton,23.776601444937466,16.20300791476749,3.568867820088681,1.3390827583316798,0.2701024573841146,0.09001667938161395,0.06242661892889389,0.010751351244439386,0.6894499577903758,0.21152057589919301,0.004012674304474642,0.0014361200299290936
C:\Users\Fakhri\Downloads\klasifikasi_jenis_kain_glcm_knn\klasifikasi_jenis_kain_glcm_knn\dataset\Cotton\cotton_096.png,Cotton,19.367392708974673,11.641137796648056,3.243783700741051,1.0647016092613524,0.28772485338032244,0.07776664876875827,0.06165244134264772,0.009488088090688011,0.7666095904431801,0.14036854302110865,0.003891047339125273,0.0012100289574366282
C:\Users\Fakhri\Downloads\klasifikasi_jenis_kain_glcm_knn\klasifikasi_jenis_kain_glcm_knn\dataset\Cotton\cotton_097.png,Cotton,22.84673167911463,16.011336068651715,3.545778160831397,1.3681366783676143,0.2673898407775474,0.09398697037436961,0.0645593440087749,0.011170336790724636,0.624856944263538,0.2624296098062657,0.004292685322861557,0.0015841684981647212
C:\Users\Fakhri\Downloads\klasifikasi_jenis_kain_glcm_knn\klasifikasi_jenis_kain_glcm_knn\dataset\Cotton\cotton_098.png,Cotton,18.871186696962894,10.799267268955827,3.2257284207762105,1.0285305490586716,0.28358128995256954,0.07729787057936924,0.06829543674760286,0.009722877134879513,0.6665549970928238,0.19063718194643559,0.004758801020325785,0.0013654308631342624
C:\Users\Fakhri\Downloads\klasifikasi_jenis_kain_glcm_knn\klasifikasi_jenis_kain_glcm_knn\dataset\Cotton\cotton_099.png,Cotton,24.447061729374415,17.085653046894294,3.652678674497355,1.4058456170790383,0.2629765873107961,0.09198669860654989,0.061060568592892356,0.010925534792030277,0.6796373346039544,0.22349381426328124,0.003847760347379175,0.001454862843283997
C:\Users\Fakhri\Downloads\klasifikasi_jenis_kain_glcm_knn\klasifikasi_jenis_kain_glcm_knn\dataset\Cotton\cotton_100.png,Cotton,19.76658630307389,11.716693622130753,3.2977919443642367,1.0752553457239737,0.28264933477851845,0.07660290374356707,0.06066763333411119,0.009250138396777295,0.760402655572887,0.14212027454171783,0.003766126794721693,0.0011577058274218183
C:\Users\Fakhri\Downloads\klasifikasi_jenis_kain_glcm_knn\klasifikasi_jenis_kain_glcm_knn\dataset\Cotton\cotton_101.png,Cotton,15.19561701397212,9.124268574240375,2.924801956650352,0.963549740273249,0.3024457796847296,0.08126829499753888,0.06920651152838572,0.010356604513222609,0.7463506427700516,0.15231214210715677,0.004896800494971887,0.0014821185693113974
C:\Users\Fakhri\Downloads\klasifikasi_jenis_kain_glcm_knn\klasifikasi_jenis_kain_glcm_knn\dataset\Cotton\cotton_102.png,Cotton,20.12859633282271,13.669972815176415,3.3744197076855706,1.2429881346985163,0.2708202326602791,0.08883811426650058,0.06385947126915666,0.010590593484523474,0.6852044469176773,0.21347907781080344,0.004190192741130676,0.0014618009017816093
C:\Users\Fakhri\Downloads\klasifikasi_jenis_kain_glcm_knn\klasifikasi_jenis_kain_glcm_knn\dataset\Cotton\cotton_103.png,Cotton,19.342113163000583,11.270006944830818,3.2027311414722406,1.0362522365422915,0.29608298294033547,0.07742308467795068,0.0646636526311813,0.009793389725303771,0.7385251816318813,0.1524944805646091,0.004277298453917767,0.0013011799434831293
C:\Users\Fakhri\Downloads\klasifikasi_jenis_kain_glcm_knn\klasifikasi_jenis_kain_glcm_knn\dataset\Cotton\cotton_104.png,Cotton,26.029117376360844,18.70962208221243,3.836726884741651,1.5080780368167468,0.24544658399858624,0.09157017071394193,0.05653779009524557,0.010331557941957168,0.692107887387035,0.2211258964110903,0.0033032627983620665,0.0012903845339205524
C:\Users\Fakhri\Downloads\klasifikasi_jenis_kain_glcm_knn\klasifikasi_jenis_kain_glcm_knn\dataset\Cotton\cotton_105.png,Cotton,23.69012259387958,18.810943077611768,3.648523381701479,1.577002961078478,0.25385232991545453,0.10378676260575079,0.04927994767275739,0.010122896206425229,0.8339646588555786,0.13211325384263947,0.0025309862702357637,0.0011058386916910704
C:\Users\Fakhri\Downloads\klasifikasi_jenis_kain_glcm_knn\klasifikasi_jenis_kain_glcm_knn\dataset\Cotton\cotton_106.png,Cotton,18.03586308977467,10.805814287691613,3.1951898913531895,1.061704481968444,0.27836570638238034,0.08043377863618145,0.05762058936950453,0.00910046607333046,0.8031950041331609,0.11795592236618017,0.003402950802040896,0.0010762369373363344
C:\Users\Fakhri\Downloads\klasifikasi_jenis_kain_glcm_knn\klasifikasi_jenis_kain_glcm_knn\dataset\Cotton\cotton_107.png,Cotton,21.96816212824606,17.1208189503686,3.479701047011702,1.487797322754808,0.2679564282537475,0.10523305736467552,0.05306751680735692,0.01067991714061999,0.8320955649960059,0.13110913687635334,0.0029302219702296173,0.0012491472005629746
C:\Users\Fakhri\Downloads\klasifikasi_jenis_kain_glcm_knn\klasifikasi_jenis_kain_glcm_knn\dataset\Cotton\cotton_108.png,Cotton,18.702836178082247,11.389308980394356,3.2047395702433388,1.0802330566852096,0.2883135929861788,0.08134566393485282,0.05259128890642556,0.00862306618385274,0.8826624932214368,0.07168556077698345,0.002840200939250226,0.0009308315772782005
C:\Users\Fakhri\Downloads\klasifikasi_jenis_kain_glcm_knn\klasifikasi_jenis_kain_glcm_knn\dataset\Cotton\cotton_109.png,Cotton,2.9458706224241937,1.8626264428340389,1.0957381961734498,0.3872316872529114,0.6017732619612776,0.08954520980761622,0.22991854921696095,0.026065032617421817,0.8950575976832957,0.06701161141561422,0.05354192519937936,0.012228918198805026
C:\Users\Fakhri\Downloads\klasifikasi_jenis_kain_glcm_knn\klasifikasi_jenis_kain_glcm_knn\dataset\Cotton\cotton_110.png,Cotton,1.3046313861510592,0.7393663815356583,0.6564744131763912,0.2269311975392515,0.730313080740039,0.0705317287103898,0.37730170375822225,0.027781479952457576,0.8882755994520072,0.06378011463566184,0.14312838628720612,0.020987673809562426
C:\Users\Fakhri\Downloads\klasifikasi_jenis_kain_glcm_knn\klasifikasi_jenis_kain_glcm_knn\dataset\Cotton\cotton_111.png,Cotton,2.1395889978350566,1.2994174286583495,0.8866459386678436,0.307258038149131,0.6641041730563306,0.07763647956432633,0.29715228092323015,0.02273678319495767,0.9276573245956907,0.044152202877695,0.0888164393679328,0.013516153744221783
C:\Users\Fakhri\Downloads\klasifikasi_jenis_kain_glcm_knn\klasifikasi_jenis_kain_glcm_knn\dataset\Cotton\cotton_112.png,Cotton,3.040911197639261,2.050953425280912,0.949603170882388,0.3628706218412541,0.686618396111809,0.07095593961254908,0.41848188372199885,0.01883855822225135,0.9165068166233707,0.056710280145090025,0.17548197827940573,0.01570264846054738
C:\Users\Fakhri\Downloads\klasifikasi_jenis_kain_glcm_knn\klasifikasi_jenis_kain_glcm_knn\dataset\Cotton\cotton_113.png,Cotton,2.8397147403793976,1.759750858235789,1.212991036191996,0.41257550798759046,0.5374089102027041,0.09879992812087954,0.12942722339433985,0.019132375077266128,0.8633878722974612,0.08478386862821782,0.01711745393166554,0.005084898637011361
C:\Users\Fakhri\Downloads\klasifikasi_jenis_kain_glcm_knn\klasifikasi_jenis_kain_glcm_knn\dataset\Cotton\cotton_114.png,Cotton,2.7063946891396475,1.4811894877312584,1.1945954943938704,0.3719288689396569,0.539026270385956,0.0928115763002804,0.12872292972476046,0.017741749446289954,0.8746053794741222,0.06865861294228025,0.016884362310340545,0.004640155318603528
C:\Users\Fakhri\Downloads\klasifikasi_jenis_kain_glcm_knn\klasifikasi_jenis_kain_glcm_knn\dataset\Cotton\cotton_115.png,Cotton,3.052181108184811,1.8920883626679683,1.2629613591749773,0.4268168466387782,0.5256600866088786,0.0982416268970905,0.11664327344751922,0.017334463603017203,0.8955062777761356,0.06501971012645537,0.013906136868957072,0.004146527443881876
C:\Users\Fakhri\Downloads\klasifikasi_jenis_kain_glcm_knn\klasifikasi_jenis_kain_glcm_knn\dataset\Cotton\cotton_116.png,Cotton,2.7238612309771213,1.4616045655878696,1.2001074123871192,0.3674386385570987,0.5377559506093171,0.0913655774192004,0.11080575811288347,0.015413635178587123,0.9275021506555187,0.03903464469743901,0.012515496180389414,0.0034683371170710466
C:\Users\Fakhri\Downloads\klasifikasi_jenis_kain_glcm_knn\klasifikasi_jenis_kain_glcm_knn\dataset\Cotton\cotton_117.png,Cotton,4.192758757670184,2.635727012538778,1.3229486235733723,0.46177383613461553,0.5597214742541037,0.08819629535821781,0.19613222601872574,0.022284295767344253,0.9149569276860433,0.05395602837378229,0.038964439920907,0.008847147176603672
C:\Users\Fakhri\Downloads\klasifikasi_jenis_kain_glcm_knn\klasifikasi_jenis_kain_glcm_knn\dataset\Cotton\cotton_118.png,Cotton,1.2987783506234531,0.6718671664589707,0.6846619831922361,0.21652581276069488,0.7139233098210981,0.06915308404862187,0.340668703065741,0.02808164380907051,0.8814139896704134,0.06185293941500239,0.11684374396751351,0.01920883058791081
C:\Users\Fakhri\Downloads\klasifikasi_jenis_kain_glcm_knn\klasifikasi_jenis_kain_glcm_knn\dataset\Cotton\cotton_119.png,Cotton,2.324709024011782,1.4531674902696858,0.8603996650203749,0.30362988437574917,0.6889635336107856,0.06960792299162813,0.3601753209338267,0.017319474658841694,0.9423763592759102,0.03643262639150231,0.1300262260122433,0.012432823139687061
C:\Users\Fakhri\Downloads\klasifikasi_jenis_kain_glcm_knn\klasifikasi_jenis_kain_glcm_knn\dataset\Cotton\cotton_120.png,Cotton,3.951436077002066,2.6354952178516475,1.0754644510568072,0.4010556901333567,0.6724932640342338,0.06568520695114545,0.42797206385024195,0.013599181625433816,0.9434472507444941,0.03799633978419372,0.18334502517711715,0.01158887249345339
C:\Users\Fakhri\Downloads\klasifikasi_jenis_kain_glcm_knn\klasifikasi_jenis_kain_glcm_knn\dataset\Cotton\cotton_121.png,Cotton,4.676548344644951,3.013434637762268,1.4046101588597601,0.4958508828100306,0.5440581181344616,0.08879151076021706,0.21098913152099188,0.023354955523827426,0.8698401467539408,0.08440789669405,0.045061867567502384,0.010023655578157644
C:\Users\Fakhri\Downloads\klasifikasi_jenis_kain_glcm_knn\klasifikasi_jenis_kain_glcm_knn\dataset\Cotton\cotton_122.png,Cotton,1.9685224762627833,1.0684160458713312,0.8351310290391538,0.2662557997621004,0.6801703990546139,0.07043308577955452,0.3292541353685046,0.024977431126736616,0.8581062606213304,0.07818862713783487,0.10903215772295242,0.01649527064842585
C:\Users\Fakhri\Downloads\klasifikasi_jenis_kain_glcm_knn\klasifikasi_jenis_kain_glcm_knn\dataset\Cotton\cotton_123.png,Cotton,2.7707555976475344,1.6822628720245985,1.0955651798690245,0.3812489942098052,0.597296842080819,0.08964598530302924,0.2247010259898311,0.02324046314604464,0.8775032497811832,0.0748297735557871,0.051030670208125406,0.010507387847522478
C:\Users\Fakhri\Downloads\klasifikasi_jenis_kain_glcm_knn\klasifikasi_jenis_kain_glcm_knn\dataset\Cotton\cotton_124.png,Cotton,4.30419807180676,2.8492206215384,1.1930402405539995,0.4441944743803741,0.6326434018012056,0.0753283339426801,0.3573640200020373,0.020627123001108996,0.918560309787292,0.05432952610294631,0.12813452099531938,0.01467273261686733
C:\Users\Fakhri\Downloads\klasifikasi_jenis_kain_glcm_knn\klasifikasi_jenis_kain_glcm_knn\dataset\Cotton\cotton_125.png,Cotton,16.837445020338766,11.990245572624975,2.8036077643110224,1.0213167890437114,0.3437967020685088,0.08644262682897758,0.062136920946796605,0.010143269959076818,0.9071242392821189,0.06595092774227954,0.003963882870211163,0.0013120938779095294
C:\Users\Fakhri\Downloads\klasifikasi_jenis_kain_glcm_knn\klasifikasi_jenis_kain_glcm_knn\dataset\Cotton\cotton_126.png,Cotton,16.41744885650641,10.777926493779423,2.7903153707624058,0.9452476641788122,0.3384516420491625,0.08170951146008963,0.061653693559005414,0.009473061202355772,0.9016216547123476,0.06440546147061002,0.0038909168180113244,0.0012015596695623156
C:\Users\Fakhri\Downloads\klasifikasi_jenis_kain_glcm_knn\klasifikasi_jenis_kain_glcm_knn\dataset\Cotton\cotton_127.png,Cotton,18.068548167040344,12.63361208727902,2.938529615905884,1.0518552287160814,0.32827348240358145,0.08379351953831923,0.059929049852368084,0.009519764686399462,0.9132709830363716,0.06088324643130031,0.0036821169358920384,0.0011821692953967314
C:\Users\Fakhri\Downloads\klasifikasi_jenis_kain_glcm_knn\klasifikasi_jenis_kain_glcm_knn\dataset\Cotton\cotton_128.png,Cotton,18.107668314814486,11.54448326498667,2.9410518317470764,0.9739481288679678,0.32509330742647574,0.07913693838604718,0.055984565444325445,0.00849758028340861,0.9175821952780944,0.05245193646143146,0.0032064804386629335,0.000977168579863103
C:\Users\Fakhri\Downloads\klasifikasi_jenis_kain_glcm_knn\klasifikasi_jenis_kain_glcm_knn\dataset\Cotton\cotton_129.png,Cotton,34.12052610572443,21.901761046409604,4.3934743892298584,1.5970477703154646,0.21859464842073617,0.08072459211623986,0.048338562649121675,0.00777877253820317,0.6990830084095663,0.19359578720812143,0.002397125941184165,0.0007828073260153481
C:\Users\Fakhri\Downloads\klasifikasi_jenis_kain_glcm_knn\klasifikasi_jenis_kain_glcm_knn\dataset\Cotton\cotton_130.png,Cotton,20.615460907390126,11.234761609671095,3.3650565876998275,1.0230752621338906,0.273929887633994,0.07428439206473818,0.06398215204473941,0.008611297456338205,0.6962386462798467,0.1660226364072367,0.004167870224157689,0.0011330583163717868
C:\Users\Fakhri\Downloads\klasifikasi_jenis_kain_glcm_knn\klasifikasi_jenis_kain_glcm_knn\dataset\Cotton\cotton_131.png,Cotton,26.26655958894835,15.1634558740868,3.8120271824452985,1.2956252073076833,0.25037573340805697,0.0842458825753632,0.0525500160417497,0.008413338372808134,0.8292942612740641,0.0987991834304051,0.0028322884485635167,0.0009101513686973389
C:\Users\Fakhri\Downloads\klasifikasi_jenis_kain_glcm_knn\klasifikasi_jenis_kain_glcm_knn\dataset\Cotton\cotton_132.png,Cotton,26.877401091173038,13.951043896431692,3.6982141090440535,1.1018224884862182,0.28430056173672785,0.07094989807057571,0.06633450798430271,0.009523791091070207,0.8290215369124866,0.08893693897920613,0.004490969546265868,0.0012921830035348796
C:\Users\Fakhri\Downloads\klasifikasi_jenis_kain_glcm_knn\klasifikasi_jenis_kain_glcm_knn\dataset\Cotton\cotton_133.png,Cotton,9.77134111300127,5.7864797022545655,2.279631587845776,0.7376394193476659,0.36904065479996445,0.08796259111577441,0.0634518516827102,0.009683187322376005,0.9487132045526164,0.03041363221497004,0.004119901598684875,0.001259382371238198
C:\Users\Fakhri\Downloads\klasifikasi_jenis_kain_glcm_knn\klasifikasi_jenis_kain_glcm_knn\dataset\Cotton\cotton_134.png,Cotton,14.65788050655253,10.645948462817879,2.7853892460941854,1.0693501795642082,0.3243545130746601,0.09814465097766306,0.0577617543840285,0.01087354373509705,0.9059186476793162,0.06821688312370021,0.003454654222879904,0.001363944203552069
C:\Users\Fakhri\Downloads\klasifikasi_jenis_kain_glcm_knn\klasifikasi_jenis_kain_glcm_knn\dataset\Cotton\cotton_135.png,Cotton,12.693014851436983,7.623019686855691,2.569143472043539,0.8422614469406575,0.3456695257574802,0.08532690936808188,0.05723491379909563,0.009200251620720292,0.9288321953983575,0.04279931905898306,0.0033604799874744737,0.0010865415130409816
C:\Users\Fakhri\Downloads\klasifikasi_jenis_kain_glcm_knn\klasifikasi_jenis_kain_glcm_knn\dataset\Cotton\cotton_136.png,Cotton,14.539106715051842,10.310961918548744,2.775828165584695,1.043802896570547,0.32464212218508415,0.09675581771131474,0.04777577396739786,0.008921318943102148,0.9575221316692645,0.030185616211010853,0.002362114509868445,0.0009224350902502243
C:\Users\Fakhri\Downloads\klasifikasi_jenis_kain_glcm_knn\klasifikasi_jenis_kain_glcm_knn\dataset\Cotton\cotton_137.png,Cotton,17.869707458252908,11.2497641537913,3.0651001583783155,1.0491157933701065,0.30234006030992155,0.08297408262365882,0.0577098467330141,0.009187695934246091,0.862361731066516,0.0866058173991361,0.0034148401665281413,0.0010873240532584276
C:\Users\Fakhri\Downloads\klasifikasi_jenis_kain_glcm_knn\klasifikasi_jenis_kain_glcm_knn\dataset\Cotton\cotton_138.png,Cotton,17.501933301082104,10.791464076614409,3.056172289708188,1.0163150067600097,0.30081932624134733,0.07995556160261945,0.052685821938857604,0.008273559100826071,0.8939187917877213,0.06539245934059071,0.0028442476135678726,0.0008927860280354163
C:\Users\Fakhri\Downloads\klasifikasi_jenis_kain_glcm_knn\klasifikasi_jenis_kain_glcm_knn\dataset\Cotton\cotton_139.png,Cotton,20.825634846732328,12.818203167289939,3.2957262762565467,1.1106819926806244,0.2884685699182459,0.07923129333855905,0.052975046510216874,0.00846184916630642,0.8700773563232441,0.07991972742381603,0.002877958444072961,0.000916255715230709
C:\Users\Fakhri\Downloads\klasifikasi_jenis_kain_glcm_knn\klasifikasi_jenis_kain_glcm_knn\dataset\Cotton\cotton_140.png,Cotton,21.926091884861066,14.244677579277104,3.422990926052242,1.1986382232140018,0.2769772972036481,0.07911889101614115,0.04994513333485071,0.008297646051972812,0.8577921920818526,0.09240888386493358,0.002563367273839836,0.0008505822865688641
C:\Users\Fakhri\Downloads\klasifikasi_jenis_kain_glcm_knn\klasifikasi_jenis_kain_glcm_knn\dataset\Cotton\cotton_141.png,Cotton,3.898187577815943,2.4069333608711396,1.4079117102126852,0.49069651993485114,0.5043945041281768,0.10316145115369472,0.13408396875117412,0.01960350916142189,0.8686701016472712,0.08150721791117002,0.018362808247507797,0.005361080870061835
C:\Users\Fakhri\Downloads\klasifikasi_jenis_kain_glcm_knn\klasifikasi_jenis_kain_glcm_knn\dataset\Cotton\cotton_142.png,Cotton,2.8926527429091737,1.8676401217241771,1.1849826029976462,0.4406693532364824,0.5562303550316384,0.10818487570589053,0.177145804186101,0.02512950101836293,0.8610524091167518,0.09018140445429434,0.032012127762172334,0.009173443623266754
C:\Users\Fakhri\Downloads\klasifikasi_jenis_kain_glcm_knn\klasifikasi_jenis_kain_glcm_knn\dataset\Cotton\cotton_143.png,Cotton,2.90989005338855,1.7928591289128128,1.1467443705757479,0.4051489779714421,0.5760831681805165,0.09711276655078704,0.17808980152314388,0.023460442851013105,0.9007552789238439,0.061723909680720966,0.03226636978531844,0.008473777903276749
C:\Users\Fakhri\Downloads\klasifikasi_jenis_kain_glcm_knn\klasifikasi_jenis_kain_glcm_knn\dataset\Cotton\cotton_144.png,Cotton,3.036808484656334,1.8961590233288796,1.0875020148071877,0.3929194478467919,0.6168896422261891,0.08625681128559665,0.2845209526432167,0.025370669197690498,0.926824937885463,0.04594219971671714,0.08159584334854218,0.014310472943492095
C:\Users\Fakhri\Downloads\klasifikasi_jenis_kain_glcm_knn\klasifikasi_jenis_kain_glcm_knn\dataset\Cotton\cotton_145.png,Cotton,5.799058141018428,3.69766694635109,1.7251303960439561,0.6021028451246823,0.44860668489961425,0.10247615788848094,0.11072699886717914,0.017348080083360497,0.8167287866186049,0.11727004542662453,0.012561424160710979,0.003984468088328649
C:\Users\Fakhri\Downloads\klasifikasi_jenis_kain_glcm_knn\klasifikasi_jenis_kain_glcm_knn\dataset\Cotton\cotton_146.png,Cotton,3.9879565714343532,2.4429909195276487,1.436515406260929,0.5201403151980778,0.4976916611130387,0.11267416870130856,0.14728186684858444,0.022496478801522453,0.7620799461070105,0.14616591049076752,0.022198039860871505,0.0068150889403722995
C:\Users\Fakhri\Downloads\klasifikasi_jenis_kain_glcm_knn\klasifikasi_jenis_kain_glcm_knn\dataset\Cotton\cotton_147.png,Cotton,5.602022144856067,3.6074084446346624,1.6223160924626672,0.5830163213335495,0.4890046606384016,0.09985168155535686,0.13114394374942007,0.01980868199597056,0.8542243854778143,0.09396712464138975,0.017591117864568538,0.005340850024191977
C:\Users\Fakhri\Downloads\klasifikasi_jenis_kain_glcm_knn\klasifikasi_jenis_kain_glcm_knn\dataset\Cotton\cotton_148.png,Cotton,4.047948651862691,2.2984999379443805,1.357650266905238,0.45603258302759225,0.5383319783061938,0.09526621149059504,0.18532780379461034,0.02208723408617822,0.893822416056529,0.060541048072274624,0.03483424076891123,0.008227433303764124
C:\Users\Fakhri\Downloads\klasifikasi_jenis_kain_glcm_knn\klasifikasi_jenis_kain_glcm_knn\dataset\Cotton\cotton_149.png,Cotton,12.432924828818415,6.550563664908323,2.5974146052095093,0.7725411630535174,0.3359162131369963,0.08130894762344253,0.08918962503702983,0.011499215139928675,0.6134132060315951,0.2035823360662773,0.008087021163080342,0.0021046664866207
C:\Users\Fakhri\Downloads\klasifikasi_jenis_kain_glcm_knn\klasifikasi_jenis_kain_glcm_knn\dataset\Cotton\cotton_150.png,Cotton,12.425600417645816,6.36965299227115,2.608704810028887,0.7413821485212077,0.33038928614503715,0.08050364302468654,0.09134288699639032,0.012020964616369733,0.5506385436946621,0.2301747395523857,0.008488026595143345,0.002390433866629409
C:\Users\Fakhri\Downloads\klasifikasi_jenis_kain_glcm_knn\klasifikasi_jenis_kain_glcm_knn\dataset\Cotton\cotton_151.png,Cotton,14.319364188188025,7.464974734085147,2.8019381411975335,0.8283154564832235,0.3152383949285182,0.0785524639112063,0.08070632926368278,0.010378716924541377,0.6254103186819742,0.1952199336488996,0.006621229348217741,0.0017195112444187343
C:\Users\Fakhri\Downloads\klasifikasi_jenis_kain_glcm_knn\klasifikasi_jenis_kain_glcm_knn\dataset\Cotton\cotton_152.png,Cotton,15.975465093072964,7.855377328623325,2.9837316126122015,0.811129978174595,0.29749062867265014,0.07272221222185792,0.07296874017291297,0.009638208343986467,0.6455109897230507,0.1743406643049933,0.005417332102504171,0.0015217541590095247
C:\Users\Fakhri\Downloads\klasifikasi_jenis_kain_glcm_knn\klasifikasi_jenis_kain_glcm_knn\dataset\Cotton\cotton_153.png,Cotton,7.36141376266037,4.069018180176001,2.0289130356916343,0.6169213316747081,0.389579771918185,0.08636352107981307,0.09227352465192017,0.0128807628131301,0.7851139889078572,0.1188558467384985,0.008680317402336631,0.002432016891588727
C:\Users\Fakhri\Downloads\klasifikasi_jenis_kain_glcm_knn\klasifikasi_jenis_kain_glcm_knn\dataset\Cotton\cotton_154.png,Cotton,12.245466881240944,7.289323783187904,2.6065644751332413,0.8447223665529617,0.3291258742918917,0.08560353082663852,0.0791239331951976,0.01175652417666297,0.7259646719063088,0.16310018468448606,0.006398812664994552,0.001927719954448749
C:\Users\Fakhri\Downloads\klasifikasi_jenis_kain_glcm_knn\klasifikasi_jenis_kain_glcm_knn\dataset\Cotton\cotton_155.png,Cotton,9.861599562973163,5.667056082121679,2.358021441042109,0.7462616604613072,0.3509927317052675,0.08612286793447042,0.08278821891616621,0.012298608376929315,0.7559613055635808,0.140268765376382,0.007005144959320134,0.002086141047128824
C:\Users\Fakhri\Downloads\klasifikasi_jenis_kain_glcm_knn\klasifikasi_jenis_kain_glcm_knn\dataset\Cotton\cotton_156.png,Cotton,14.309378527796694,9.062867521764238,2.8089446882771125,0.9659613539860746,0.3143301135731216,0.08875037177113938,0.0636029181519882,0.01036359810659244,0.8223612525242139,0.112809028686162,0.004152735363163476,0.0013755710383211881
C:\Users\Fakhri\Downloads\klasifikasi_jenis_kain_glcm_knn\klasifikasi_jenis_kain_glcm_knn\dataset\Cotton\cotton_157.png,Cotton,13.403332949406156,7.04418554095177,2.6877424597112802,0.7852942429018831,0.33307836377138067,0.07807089895104538,0.07775433879500525,0.010555868244741985,0.6927938665559473,0.1611625209628732,0.006157163555848811,0.0017087547370185487
C:\Users\Fakhri\Downloads\klasifikasi_jenis_kain_glcm_knn\klasifikasi_jenis_kain_glcm_knn\dataset\Cotton\cotton_158.png,Cotton,11.740703367002984,5.539005996883612,2.5411341790387776,0.6740138904596488,0.33922693786115815,0.07234504146106399,0.08220640591655502,0.01002625536321724,0.6891118792382889,0.14661316030446864,0.006858418970325856,0.001694973768686689
C:\Users\Fakhri\Downloads\klasifikasi_jenis_kain_glcm_knn\klasifikasi_jenis_kain_glcm_knn\dataset\Cotton\cotton_159.png,Cotton,12.381850378851402,6.469590498004705,2.5805799071340587,0.7467085254307586,0.3416123081743941,0.07771941344876572,0.07730790109829615,0.010471321944095613,0.7380342771160443,0.13670829157514014,0.006086160155480838,0.0016775892576801116
C:\Users\Fakhri\Downloads\klasifikasi_jenis_kain_glcm_knn\klasifikasi_jenis_kain_glcm_knn\dataset\Cotton\cotton_160.png,Cotton,15.696698056497288,6.926139213769174,2.917623482296522,0.7407209014419422,0.3119852988669425,0.06734202277578284,0.06935109402778361,0.008449483513505985,0.7116664692003415,0.12721928692695664,0.004880968014495494,0.0012020564123667984
C:\Users\Fakhri\Downloads\klasifikasi_jenis_kain_glcm_knn\klasifikasi_jenis_kain_glcm_knn\dataset\Cotton\cotton_161.png,Cotton,10.772548237549927,5.5242774616055295,2.401619798263709,0.6848815755539281,0.360139905393361,0.07865000240299658,0.08511985159064066,0.01119690428406058,0.6993530189236675,0.15389847310298924,0.0073707598003591055,0.0019804775169259973
C:\Users\Fakhri\Downloads\klasifikasi_jenis_kain_glcm_knn\klasifikasi_jenis_kain_glcm_knn\dataset\Cotton\cotton_162.png,Cotton,10.110393942343828,4.649108369790136,2.353187402223507,0.61072533444614,0.35913533474935017,0.07293228130325675,0.0880564423426677,0.01046760918485478,0.6951536789714808,0.13995575530488893,0.007863507880094414,0.001891767384639176
C:\Users\Fakhri\Downloads\klasifikasi_jenis_kain_glcm_knn\klasifikasi_jenis_kain_glcm_knn\dataset\Cotton\cotton_163.png,Cotton,12.33080861198865,6.495247333751935,2.5710122555512966,0.7463078885763276,0.3433173716269273,0.07788792250220625,0.078880964909862,0.010715024954056383,0.7204472873422891,0.1472679276541665,0.006337018384876936,0.0017551604841131885
C:\Users\Fakhri\Downloads\klasifikasi_jenis_kain_glcm_knn\klasifikasi_jenis_kain_glcm_knn\dataset\Cotton\cotton_164.png,Cotton,13.028079810334452,5.917272756255366,2.6726486101956923,0.6872753391003869,0.32966844295790726,0.0690231176685665,0.07607802990067458,0.009191313136187523,0.7077524525842408,0.13257122872006147,0.005872346870735387,0.0014356539812112904
C:\Users\Fakhri\Downloads\klasifikasi_jenis_kain_glcm_knn\klasifikasi_jenis_kain_glcm_knn\dataset\Cotton\cotton_165.png,Cotton,3.0374960990046938,1.5231249550983248,1.2108717185998918,0.34833177316367747,0.549670992773991,0.08295661710184771,0.13729947132094703,0.017422086850852503,0.8384969233560549,0.08107149764426856,0.019154673935250197,0.004858968192397358
C:\Users\Fakhri\Downloads\klasifikasi_jenis_kain_glcm_knn\klasifikasi_jenis_kain_glcm_knn\dataset\Cotton\cotton_166.png,Cotton,2.57838094520855,1.2584065521847458,1.1222560820908758,0.3152083034835906,0.5668447492324346,0.08103835587860439,0.16531205265804064,0.019677476276383794,0.7850636176740008,0.10492465283549532,0.027715277826622448,0.006622852750833156
C:\Users\Fakhri\Downloads\klasifikasi_jenis_kain_glcm_knn\klasifikasi_jenis_kain_glcm_knn\dataset\Cotton\cotton_167.png,Cotton,2.69877367875576,1.3358138991465995,1.1422842949842404,0.325100563655365,0.5641638970992052,0.08149548973221517,0.1376373901613067,0.017230815805052115,0.8664745314717242,0.06617332269632427,0.019240952183723393,0.004812057316521624
C:\Users\Fakhri\Downloads\klasifikasi_jenis_kain_glcm_knn\klasifikasi_jenis_kain_glcm_knn\dataset\Cotton\cotton_168.png,Cotton,4.1855658406014635,2.1409618723888464,1.483570505895666,0.42765607761947055,0.4830615426636686,0.08609708209734143,0.11791110434417562,0.01530226524999135,0.8025844590512446,0.10095884585516529,0.014137187849444158,0.003686710254060299
C:\Users\Fakhri\Downloads\klasifikasi_jenis_kain_glcm_knn\klasifikasi_jenis_kain_glcm_knn\dataset\Cotton\cotton_169.png,Cotton,4.631394786187472,2.047215299306823,1.5276821193750212,0.38617725385242074,0.4833926093360881,0.07514052676598566,0.13618498857647537,0.015030680851304162,0.7274631570758929,0.12049415921802607,0.018772272480428495,0.004186028445021436
C:\Users\Fakhri\Downloads\klasifikasi_jenis_kain_glcm_knn\klasifikasi_jenis_kain_glcm_knn\dataset\Cotton\cotton_170.png,Cotton,2.821021928418308,1.2406679427655252,1.1415290110981648,0.29196045876816257,0.569680358695722,0.07336120287552658,0.1757431459068316,0.018947743435763827,0.7163154541059543,0.12478702424249466,0.031244670314537436,0.006802189027230305
C:\Users\Fakhri\Downloads\klasifikasi_jenis_kain_glcm_knn\klasifikasi_jenis_kain_glcm_knn\dataset\Cotton\cotton_171.png,Cotton,2.386598616119714,1.0109232907620351,1.0271298397085162,0.25778376549412985,0.5998270745250217,0.07032355900494615,0.17740561970286353,0.018787818479367405,0.8017586913480391,0.08404128826473681,0.03182573602537071,0.0067707915239970115
C:\Users\Fakhri\Downloads\klasifikasi_jenis_kain_glcm_knn\klasifikasi_jenis_kain_glcm_knn\dataset\Cotton\cotton_172.png,Cotton,5.1110656805711585,2.3508248364727993,1.6064040341297623,0.4207722188175014,0.4697350117470862,0.07775872739986518,0.1157949426917043,0.013911301111257544,0.7658887693502341,0.10767238777414012,0.013601993051583161,0.00330038692890352
C:\Users\Fakhri\Downloads\klasifikasi_jenis_kain_glcm_knn\klasifikasi_jenis_kain_glcm_knn\dataset\Cotton\cotton_173.png,Cotton,3.2795095640256426,1.7616984336539367,1.2791854138025007,0.3976622243415884,0.5306276788750653,0.09271997471598298,0.17191871367183864,0.021792659452598662,0.6296527750101102,0.19891225922559935,0.030030964116596583,0.0076303698863200336
C:\Users\Fakhri\Downloads\klasifikasi_jenis_kain_glcm_knn\klasifikasi_jenis_kain_glcm_knn\dataset\Cotton\cotton_174.png,Cotton,3.2216762428744072,1.8696794850504033,1.2217234703372297,0.4098369547143041,0.5549745434880003,0.09541344356413248,0.19012892857046218,0.025478513468308393,0.6349937577617775,0.21166995474382425,0.03679816412790668,0.009836586207994363
C:\Users\Fakhri\Downloads\klasifikasi_jenis_kain_glcm_knn\klasifikasi_jenis_kain_glcm_knn\dataset\Cotton\cotton_175.png,Cotton,3.410967743258187,1.908717427824027,1.2684282376009328,0.4085782109436635,0.5416229779529217,0.0929322042057197,0.17664887437222998,0.023138272467028414,0.6811463383317831,0.17846702913642032,0.03174020446973435,0.008290946416529001
C:\Users\Fakhri\Downloads\klasifikasi_jenis_kain_glcm_knn\klasifikasi_jenis_kain_glcm_knn\dataset\Cotton\cotton_176.png,Cotton,5.772139136874633,3.3696845638433444,1.662773872638627,0.5538656597970236,0.47680891834166644,0.09424103658165635,0.14123795663609343,0.020162122180498492,0.6953953931109277,0.17790787123654472,0.020354671565560357,0.0057840232239436745
C:\Users\Fakhri\Downloads\klasifikasi_jenis_kain_glcm_knn\klasifikasi_jenis_kain_glcm_knn\dataset\Cotton\cotton_177.png,Cotton,3.737810016952352,2.1408164558364136,1.3590264094383453,0.44205168020118374,0.5170603911449693,0.09591622183366856,0.16646763119075833,0.022088321004967194,0.6087864937887536,0.22401990802315486,0.028199366159080808,0.007688592420092648
C:\Users\Fakhri\Downloads\klasifikasi_jenis_kain_glcm_knn\klasifikasi_jenis_kain_glcm_knn\dataset\Cotton\cotton_178.png,Cotton,3.588439462801828,1.945781742246994,1.319105568354433,0.40532605159848145,0.5288362758975813,0.08818116820310747,0.16849222228909044,0.021565132888821368,0.6831366600524341,0.17150239633856387,0.028854683928428784,0.007421341418005841
C:\Users\Fakhri\Downloads\klasifikasi_jenis_kain_glcm_knn\klasifikasi_jenis_kain_glcm_knn\dataset\Cotton\cotton_179.png,Cotton,4.108763076567822,2.427832831263069,1.4134989299823246,0.4760637965904694,0.5108050169461015,0.09920977995125418,0.163157174456852,0.02320431116358875,0.6468330723570398,0.20892248322579862,0.027158703633320288,0.007918418395058684
C:\Users\Fakhri\Downloads\klasifikasi_jenis_kain_glcm_knn\klasifikasi_jenis_kain_glcm_knn\dataset\Cotton\cotton_180.png,Cotton,3.591413953216638,1.772852076544273,1.3134967903754842,0.36812273200181084,0.5302446435607808,0.08045722121997362,0.16395569989377193,0.018691481545680073,0.7535384295821567,0.12165460087612961,0.027230843010029097,0.006232464065319586
C:\Users\Fakhri\Downloads\klasifikasi_jenis_kain_glcm_knn\klasifikasi_jenis_kain_glcm_knn\dataset\Cotton\cotton_181.png,Cotton,35.0455825740274,19.079468637466235,4.3870716124271025,1.334693819668658,0.228914808631712,0.06449503856426632,0.05325960141363106,0.007537198616120408,0.6589110293060553,0.18632542047335443,0.002893394505717698,0.000827472380683324
C:\Users\Fakhri\Downloads\klasifikasi_jenis_kain_glcm_knn\klasifikasi_jenis_kain_glcm_knn\dataset\Cotton\cotton_182.png,Cotton,38.873995448654235,21.237818251188745,4.4911381891853726,1.37305771261742,0.23101804844115606,0.06541069721874941,0.054475708586375855,0.00795931227927452,0.6397457894980937,0.19662535325566424,0.003030953477946755,0.0009136393473714117
C:\Users\Fakhri\Downloads\klasifikasi_jenis_kain_glcm_knn\klasifikasi_jenis_kain_glcm_knn\dataset\Cotton\cotton_183.png,Cotton,39.97083103476811,21.346788194120936,4.677637793267945,1.399778858980854,0.21843406286936315,0.06114497885286028,0.04768657023096198,0.006877732307641539,0.6726326578545997,0.1747278423367808,0.002321312182088046,0.0006754965888023348
C:\Users\Fakhri\Downloads\klasifikasi_jenis_kain_glcm_knn\klasifikasi_jenis_kain_glcm_knn\dataset\Cotton\cotton_184.png,Cotton,44.785538444378055,23.880187816632866,4.839444534873843,1.4560958624354379,0.21621305864115725,0.06129277838496,0.04379657179797741,0.006525949790781497,0.7487107829942427,0.13416020451213673,0.001960727721927191,0.0005980652783781964
C:\Users\Fakhri\Downloads\klasifikasi_jenis_kain_glcm_knn\klasifikasi_jenis_kain_glcm_knn\dataset\Cotton\cotton_185.png,Cotton,5.608574099829981,2.8863451143981886,1.7532484285958942,0.5045285814386837,0.4319346519205021,0.08505576570635565,0.11701992746442173,0.014152031432049711,0.6802814427287475,0.16461135322666998,0.013893943417432253,0.0033861213080900324
C:\Users\Fakhri\Downloads\klasifikasi_jenis_kain_glcm_knn\klasifikasi_jenis_kain_glcm_knn\dataset\Cotton\cotton_186.png,Cotton,6.5209895629978645,3.61856444764133,1.8825881421596795,0.5713843628777515,0.41500537541435145,0.08728287675714153,0.10979284669331096,0.014287475390602532,0.7017060236150018,0.16534469030014087,0.012258601138057962,0.0032282602686173464
C:\Users\Fakhri\Downloads\klasifikasi_jenis_kain_glcm_knn\klasifikasi_jenis_kain_glcm_knn\dataset\Cotton\cotton_187.png,Cotton,6.559084889237018,3.557902073809321,1.877749501996842,0.5636095055304731,0.41797666910754044,0.08624918788184871,0.10860622898820178,0.014022077996271276,0.7149388020845163,0.15452332853687806,0.011991931646371239,0.0031099711421284514
C:\Users\Fakhri\Downloads\klasifikasi_jenis_kain_glcm_knn\klasifikasi_jenis_kain_glcm_knn\dataset\Cotton\cotton_188.png,Cotton,6.950362254796502,3.8660186075622542,1.9402011893269118,0.5882597365877431,0.40852088738217646,0.0861970666547263,0.0974461848381495,0.013002748308822965,0.8029200758033036,0.10975022663526326,0.009664830403093396,0.0026074721313774345
C:\Users\Fakhri\Downloads\klasifikasi_jenis_kain_glcm_knn\klasifikasi_jenis_kain_glcm_knn\dataset\Cotton\cotton_189.png,Cotton,7.209623345177621,3.582858185658505,1.9735566874928097,0.5455319137036652,0.4044781675001106,0.08005908351401662,0.10946899043028506,0.012724990399698934,0.6339831551439765,0.18169286918676708,0.01214538524649827,0.002865807542827352
C:\Users\Fakhri\Downloads\klasifikasi_jenis_kain_glcm_knn\klasifikasi_jenis_kain_glcm_knn\dataset\Cotton\cotton_190.png,Cotton,7.738615714570842,3.779195889639695,2.062056417622349,0.5622000532966578,0.390188690548007,0.0783617267181201,0.1065629431406372,0.012244012401263696,0.6290196466698562,0.1810410952790866,0.01150557669047698,0.0026727455626544745
C:\Users\Fakhri\Downloads\klasifikasi_jenis_kain_glcm_knn\klasifikasi_jenis_kain_glcm_knn\dataset\Cotton\cotton_191.png,Cotton,8.096590216231705,4.38828228504779,2.0983785527304453,0.6232329706420506,0.3885270408538275,0.08314105309867041,0.10268539078725464,0.013081915520417873,0.674556987958344,0.17624801077778685,0.010715425994814556,0.002754574343299609
C:\Users\Fakhri\Downloads\klasifikasi_jenis_kain_glcm_knn\klasifikasi_jenis_kain_glcm_knn\dataset\Cotton\cotton_192.png,Cotton,8.590596255877385,4.260956440552649,2.164638303326115,0.5940015162852411,0.37857925174542184,0.07731576472790588,0.09608327097843174,0.011446977232714508,0.7215685838430687,0.1382196117062212,0.00936302824968103,0.002255320702447767
C:\Users\Fakhri\Downloads\klasifikasi_jenis_kain_glcm_knn\klasifikasi_jenis_kain_glcm_knn\dataset\Cotton\cotton_193.png,Cotton,10.919181952876357,6.170285408559105,2.3322410842641905,0.7234810952066075,0.3697038648738888,0.0858378041676422,0.09113175785377947,0.012847507334060988,0.8603465714681048,0.07880405887614231,0.00847005573421865,0.002422965616332972
C:\Users\Fakhri\Downloads\klasifikasi_jenis_kain_glcm_knn\klasifikasi_jenis_kain_glcm_knn\dataset\Cotton\cotton_194.png,Cotton,11.094167876625653,6.740999054937092,2.321841359432757,0.7109890053774929,0.36909552496768255,0.081614852558725,0.08934523180663323,0.012012695133326612,0.8790128454608555,0.073315940471465,0.008126875290947274,0.002215819618128061
C:\Users\Fakhri\Downloads\klasifikasi_jenis_kain_glcm_knn\klasifikasi_jenis_kain_glcm_knn\dataset\Cotton\cotton_195.png,Cotton,12.36335262618058,7.012919874316232,2.4762256825990625,0.7708582346443673,0.35696414438466123,0.08369075370585516,0.08480030195485809,0.012063232419327994,0.85853363719104,0.08014889275643534,0.007336612788037835,0.0021107344307564036
C:\Users\Fakhri\Downloads\klasifikasi_jenis_kain_glcm_knn\klasifikasi_jenis_kain_glcm_knn\dataset\Cotton\cotton_196.png,Cotton,11.366450243261548,6.95201653300472,2.354850634856886,0.7385352948827899,0.3706849684487232,0.08222307574196566,0.08177972324580145,0.011646711454636603,0.8742783767926855,0.07671750412465504,0.006823569021867441,0.0019628181113196743
C:\Users\Fakhri\Downloads\klasifikasi_jenis_kain_glcm_knn\klasifikasi_jenis_kain_glcm_knn\dataset\Cotton\cotton_197.png,Cotton,49.13539843480195,29.46913879097911,4.844741079069132,1.5754135184253266,0.23632631742144058,0.06111437941549665,0.04019869027198248,0.006011042155028062,0.8848221712012253,0.06900944117303075,0.0016520673273723023,0.0004937759633196894
C:\Users\Fakhri\Downloads\klasifikasi_jenis_kain_glcm_knn\klasifikasi_jenis_kain_glcm_knn\dataset\Cotton\cotton_198.png,Cotton,37.18625349033197,21.834291805945675,4.229452528712942,1.375363893927512,0.261607128715801,0.06782284756093479,0.0489198380913597,0.00751681034888074,0.8738419699622092,0.07397064898310735,0.0024496529967058885,0.0007502531091323094
C:\Users\Fakhri\Downloads\klasifikasi_jenis_kain_glcm_knn\klasifikasi_jenis_kain_glcm_knn\dataset\Cotton\cotton_199.png,Cotton,57.04008005265684,34.355681500672375,5.142629292328892,1.7080552440617238,0.23072154612913806,0.06173878101471328,0.03748295137276364,0.005829684483348105,0.879720693218813,0.07239231387904163,0.0014389568647883535,0.0004459594960220719
C:\Users\Fakhri\Downloads\klasifikasi_jenis_kain_glcm_knn\klasifikasi_jenis_kain_glcm_knn\dataset\Cotton\cotton_200.png,Cotton,67.25930622480797,38.55786690902136,5.629491635650761,1.8174388046979673,0.21416950365667575,0.0601763199125269,0.033847466001865535,0.005432437315490894,0.8722281799870933,0.07318608968849066,0.0011751623299341815,0.0003772061036138817
C:\Users\Fakhri\Downloads\klasifikasi_jenis_kain_glcm_knn\klasifikasi_jenis_kain_glcm_knn\dataset\Denim\denim_001.png,Denim,23.929979097139753,17.700270890902395,3.4467557502503965,1.3374033998152441,0.29469922007575505,0.0893868464879079,0.0550197974535079,0.009791824688553372,0.867595311129535,0.09770571819841245,0.0031230579425563965,0.0011361552133114172
C:\Users\Fakhri\Downloads\klasifikasi_jenis_kain_glcm_knn\klasifikasi_jenis_kain_glcm_knn\dataset\Denim\denim_002.png,Denim,31.599726454045364,24.96932775645712,3.9710776863598265,1.6240007752187129,0.26423894760280026,0.0880367967542502,0.05060055615476641,0.0093671630326135,0.8452689180319276,0.12209034239173125,0.002648160026451229,0.001009506029588889
C:\Users\Fakhri\Downloads\klasifikasi_jenis_kain_glcm_knn\klasifikasi_jenis_kain_glcm_knn\dataset\Denim\denim_003.png,Denim,26.74231291464537,19.98882864647887,3.616137990561043,1.410253398451501,0.2851250038288529,0.08823489747046155,0.053567426725120604,0.009572861253206996,0.8718848919101307,0.09554798435996947,0.0029611088785243167,0.001086464335534577
C:\Users\Fakhri\Downloads\klasifikasi_jenis_kain_glcm_knn\klasifikasi_jenis_kain_glcm_knn\dataset\Denim\denim_004.png,Denim,27.902403782038544,22.028658660806414,3.7068314190308684,1.4966940555841841,0.284150814458229,0.0874823913539736,0.05131247456003472,0.009233051027160776,0.8960537382643459,0.08214182700955056,0.0027182192767443657,0.0010009016266587564
C:\Users\Fakhri\Downloads\klasifikasi_jenis_kain_glcm_knn\klasifikasi_jenis_kain_glcm_knn\dataset\Denim\denim_005.png,Denim,11.015004383766483,5.795987807401409,2.3838092673070457,0.6883280164451215,0.36577158186008546,0.0783080563995649,0.08926964867264253,0.011428264603621605,0.7422516840208749,0.1353554937019116,0.008099675405987421,0.0020873065442449114
C:\Users\Fakhri\Downloads\klasifikasi_jenis_kain_glcm_knn\klasifikasi_jenis_kain_glcm_knn\dataset\Denim\denim_006.png,Denim,16.625194467943388,9.710367938932997,2.91600874671176,0.9275856974478057,0.31843997420689785,0.08003649181345897,0.07708607003416884,0.010811350171865885,0.7098836238493522,0.16915890994477883,0.006059147485851486,0.0017296603056385885
C:\Users\Fakhri\Downloads\klasifikasi_jenis_kain_glcm_knn\klasifikasi_jenis_kain_glcm_knn\dataset\Denim\denim_007.png,Denim,15.475896369710439,8.628176172322764,2.794910338142514,0.854241179890572,0.3306128636372354,0.07725721339395682,0.07930870040760478,0.010811623116695783,0.7127611794661801,0.1599282275681967,0.00640676115476068,0.0017602302759255456
C:\Users\Fakhri\Downloads\klasifikasi_jenis_kain_glcm_knn\klasifikasi_jenis_kain_glcm_knn\dataset\Denim\denim_008.png,Denim,17.89386447317601,10.1484290389207,3.036801543094404,0.9274136120143014,0.3091825863275614,0.0747870032060137,0.07053951832838422,0.009602671511035539,0.7541974005395841,0.13935458401421702,0.0050680349461493055,0.0014031425811909773
C:\Users\Fakhri\Downloads\klasifikasi_jenis_kain_glcm_knn\klasifikasi_jenis_kain_glcm_knn\dataset\Denim\denim_009.png,Denim,17.32576777152349,9.418606447827747,2.998700495488892,0.8950191469130088,0.3116678185658692,0.0744724817573376,0.07887784099645166,0.009989157767122621,0.6655916232231356,0.18147423515520159,0.006321497073157975,0.0016167239734815328
C:\Users\Fakhri\Downloads\klasifikasi_jenis_kain_glcm_knn\klasifikasi_jenis_kain_glcm_knn\dataset\Denim\denim_010.png,Denim,18.988984639593912,9.907732742127486,3.1665384434485535,0.9007892041197904,0.2952300299585929,0.06904507255010511,0.0722123480433451,0.008691965757082401,0.6830651547509569,0.1652558947072336,0.005290173478655502,0.0012830866996920507
C:\Users\Fakhri\Downloads\klasifikasi_jenis_kain_glcm_knn\klasifikasi_jenis_kain_glcm_knn\dataset\Denim\denim_011.png,Denim,20.7958166740327,11.32958423001163,3.237560681344847,0.9644715238453486,0.2979859120305632,0.07182762490359058,0.07430491535604142,0.009489569953111811,0.6812493912866336,0.1733072510512077,0.00561127238396348,0.001444658768482563
C:\Users\Fakhri\Downloads\klasifikasi_jenis_kain_glcm_knn\klasifikasi_jenis_kain_glcm_knn\dataset\Denim\denim_012.png,Denim,21.274094698700292,11.348933204976914,3.326869636150823,0.9708689779610296,0.2884557399682236,0.06901403559330095,0.06794842965888674,0.00866351270912091,0.7034448193116695,0.15796178332279745,0.004692045545569781,0.00120190933123556
C:\Users\Fakhri\Downloads\klasifikasi_jenis_kain_glcm_knn\klasifikasi_jenis_kain_glcm_knn\dataset\Denim\denim_013.png,Denim,6.257765502030068,3.2292189303004397,1.6923938528422378,0.497217470355736,0.4745013910257922,0.08386915354786732,0.14041932662996454,0.017846224595221866,0.7049723544376051,0.15225462792283614,0.020036075023515773,0.005091487302616741
C:\Users\Fakhri\Downloads\klasifikasi_jenis_kain_glcm_knn\klasifikasi_jenis_kain_glcm_knn\dataset\Denim\denim_014.png,Denim,11.267529271201012,6.321887331363956,2.1934886553382187,0.695105214508994,0.42887581227431887,0.08425875479391977,0.12828769871883314,0.01790552943665382,0.7190491219503686,0.15739271672229013,0.01677834162698098,0.004648093015468774
C:\Users\Fakhri\Downloads\klasifikasi_jenis_kain_glcm_knn\klasifikasi_jenis_kain_glcm_knn\dataset\Denim\denim_015.png,Denim,9.017578795554948,4.868293808927727,1.9569439505824426,0.5971732974735077,0.44869805430792004,0.08473388196895704,0.1318831726250957,0.017691165436414268,0.754581523563289,0.13225543906931092,0.01770614855615937,0.0047286103854640585
C:\Users\Fakhri\Downloads\klasifikasi_jenis_kain_glcm_knn\klasifikasi_jenis_kain_glcm_knn\dataset\Denim\denim_016.png,Denim,12.003288341917242,6.549573756110659,2.2431683020268447,0.6768273389690437,0.4242756093520785,0.0777182757824796,0.11732264403465716,0.014867357428907728,0.7806226428777118,0.11958253682770068,0.013985641120201767,0.0035400491689635376
C:\Users\Fakhri\Downloads\klasifikasi_jenis_kain_glcm_knn\klasifikasi_jenis_kain_glcm_knn\dataset\Denim\denim_017.png,Denim,7.758290953976117,4.111753057654893,1.8043727806380134,0.5333346140755832,0.4713088463602479,0.08071339251192695,0.14164461003276135,0.017859747103429535,0.7533105320258117,0.13058069178256487,0.0203821661179315,0.005169974861644638
C:\Users\Fakhri\Downloads\klasifikasi_jenis_kain_glcm_knn\klasifikasi_jenis_kain_glcm_knn\dataset\Denim\denim_018.png,Denim,9.577297061944689,5.46190466753992,2.0403821537272857,0.6549822171327239,0.4360547897809189,0.08917671764141821,0.1262801776353734,0.01814977799864511,0.728053527721951,0.154832485514252,0.016276097705021562,0.00476101372047506
C:\Users\Fakhri\Downloads\klasifikasi_jenis_kain_glcm_knn\klasifikasi_jenis_kain_glcm_knn\dataset\Denim\denim_019.png,Denim,10.512142914961325,5.703023615757907,2.0223555638629,0.6052910025906002,0.45943871046312346,0.07716507065535819,0.13877416025075698,0.017118869669531033,0.7741633216747421,0.12231603828542459,0.019551323252065166,0.004832596885891202
C:\Users\Fakhri\Downloads\klasifikasi_jenis_kain_glcm_knn\klasifikasi_jenis_kain_glcm_knn\dataset\Denim\denim_020.png,Denim,12.575914984553366,7.142938469707496,2.3392031064652525,0.7506380519996877,0.403507962389233,0.08786801343100038,0.10885371185032211,0.01625039572198363,0.761035003023706,0.13564454177268,0.012113205944714017,0.0036876027607900806
C:\Users\Fakhri\Downloads\klasifikasi_jenis_kain_glcm_knn\klasifikasi_jenis_kain_glcm_knn\dataset\Denim\denim_021.png,Denim,2.4735765141901633,1.201163077578851,1.0501669782092562,0.29871203900806514,0.5957096943614758,0.0783562500487372,0.2212192513287101,0.023176526373568904,0.5927381185616737,0.19819606768353795,0.04947510853317973,0.010414723804585043
C:\Users\Fakhri\Downloads\klasifikasi_jenis_kain_glcm_knn\klasifikasi_jenis_kain_glcm_knn\dataset\Denim\denim_022.png,Denim,3.061607480163037,1.3513313563545322,1.174773531413997,0.3010549247184182,0.5668599126309638,0.07182534218602706,0.20202680202155024,0.02014968919202837,0.6259280336536827,0.1648198318784862,0.041220838709589994,0.008252839879438027
C:\Users\Fakhri\Downloads\klasifikasi_jenis_kain_glcm_knn\klasifikasi_jenis_kain_glcm_knn\dataset\Denim\denim_023.png,Denim,3.7057800191712125,1.8648872442489954,1.2804629481684986,0.37387911137709723,0.5490437922143065,0.08141435114904264,0.19636507590357757,0.022374290277620557,0.6088911372566123,0.1966747106186098,0.039059851900044996,0.008941818847752084
C:\Users\Fakhri\Downloads\klasifikasi_jenis_kain_glcm_knn\klasifikasi_jenis_kain_glcm_knn\dataset\Denim\denim_024.png,Denim,3.8619110509228487,1.6275703390480754,1.3319768289503473,0.3287470838271909,0.5325280457830698,0.07137116431133984,0.1825000968789553,0.0184032629706189,0.6318501617025865,0.15510067530160584,0.03364496544879382,0.006821027576453113
C:\Users\Fakhri\Downloads\klasifikasi_jenis_kain_glcm_knn\klasifikasi_jenis_kain_glcm_knn\dataset\Denim\denim_025.png,Denim,2.889683415302103,1.5218653635704418,1.1100500091325978,0.3331782628388804,0.5892709524103305,0.0800081111358805,0.21663155507142987,0.023729937486081442,0.6143583098502553,0.20336098889620832,0.04749234058575932,0.010427092941848903
C:\Users\Fakhri\Downloads\klasifikasi_jenis_kain_glcm_knn\klasifikasi_jenis_kain_glcm_knn\dataset\Denim\denim_026.png,Denim,3.090321704587866,1.4518096017895126,1.1815133274566778,0.31045466790028475,0.5669223489155361,0.0712615694333452,0.1961849257593021,0.019688600792302523,0.6840491268143941,0.1483041154104582,0.038876166096341536,0.007820390282582832
C:\Users\Fakhri\Downloads\klasifikasi_jenis_kain_glcm_knn\klasifikasi_jenis_kain_glcm_knn\dataset\Denim\denim_027.png,Denim,4.2890232122056,2.332423097247693,1.3774269542114224,0.4180016421868948,0.5330394334342268,0.08261323826956485,0.18416936076842527,0.021877997524799304,0.6226873428382326,0.20532413431864088,0.03439700022154551,0.008207546400283011
C:\Users\Fakhri\Downloads\klasifikasi_jenis_kain_glcm_knn\klasifikasi_jenis_kain_glcm_knn\dataset\Denim\denim_028.png,Denim,4.2521504053124275,1.9615941881045658,1.40209143351041,0.3650185138666471,0.5215659264533363,0.07257813680792465,0.17082672302358257,0.01822906381406656,0.663833392392977,0.15507149168780263,0.0295140680665131,0.006316474312496397
C:\Users\Fakhri\Downloads\klasifikasi_jenis_kain_glcm_knn\klasifikasi_jenis_kain_glcm_knn\dataset\Denim\denim_029.png,Denim,2.0272042844761344,0.8991914095848231,0.9543381846305766,0.2508953818282109,0.6167750448762739,0.07191027264224299,0.2369248557962639,0.022918477047256355,0.6170642646997153,0.1696669635845777,0.056658643884246046,0.01105718124725656
C:\Users\Fakhri\Downloads\klasifikasi_jenis_kain_glcm_knn\klasifikasi_jenis_kain_glcm_knn\dataset\Denim\denim_030.png,Denim,3.130273262611436,1.6422719129141288,1.1903722637013876,0.3564927980813638,0.5637313065630889,0.08357772380702135,0.2060312007996349,0.023300157512923247,0.5677259939872692,0.22679326528742424,0.04299175304306652,0.009910581808039822
C:\Users\Fakhri\Downloads\klasifikasi_jenis_kain_glcm_knn\klasifikasi_jenis_kain_glcm_knn\dataset\Denim\denim_031.png,Denim,3.0425700497629777,1.428312324510117,1.1692529579876363,0.3175707215262281,0.5683468772351138,0.07599019791268513,0.20647285231478116,0.022003026078567394,0.6073855231807265,0.18385090113066926,0.043115171899615536,0.00927882353881071
C:\Users\Fakhri\Downloads\klasifikasi_jenis_kain_glcm_knn\klasifikasi_jenis_kain_glcm_knn\dataset\Denim\denim_032.png,Denim,4.248598626414176,2.329436678892272,1.3742219363121306,0.43285294311029315,0.5315942300436055,0.08882189662250063,0.1861442660733225,0.02336963102365352,0.6234010180942082,0.20646710050392159,0.03519582744615758,0.008975178101148526
C:\Users\Fakhri\Downloads\klasifikasi_jenis_kain_glcm_knn\klasifikasi_jenis_kain_glcm_knn\dataset\Denim\denim_033.png,Denim,25.224711108010933,16.9108911478302,3.6524849631476344,1.273179850539991,0.26870085942522376,0.07433391244822983,0.05933461871485248,0.008832436623392243,0.7490651008093653,0.16805196272284356,0.0035986089147431615,0.0010861632700456003
C:\Users\Fakhri\Downloads\klasifikasi_jenis_kain_glcm_knn\klasifikasi_jenis_kain_glcm_knn\dataset\Denim\denim_034.png,Denim,34.25050830518987,24.22288678229462,4.159258672112164,1.5290213373352797,0.24720591697548688,0.07472801782040558,0.05624878173309922,0.008834870110763643,0.7271980002296438,0.19266967521626013,0.0032419803763319016,0.0010421576320861145
C:\Users\Fakhri\Downloads\klasifikasi_jenis_kain_glcm_knn\klasifikasi_jenis_kain_glcm_knn\dataset\Denim\denim_035.png,Denim,29.715570238894447,20.49216832973936,3.9216071223628552,1.399869245849965,0.2568845367519562,0.0731347186676059,0.0557998065674234,0.008484174429742043,0.7559312441458292,0.16822952269621458,0.0031855996287161567,0.0009819308447838893
C:\Users\Fakhri\Downloads\klasifikasi_jenis_kain_glcm_knn\klasifikasi_jenis_kain_glcm_knn\dataset\Denim\denim_036.png,Denim,35.94967423083631,24.241189439682838,4.323227321999921,1.5182945505120724,0.23563900599895007,0.07029128476094014,0.049922992426632784,0.007713399744051802,0.7499664086791222,0.16852472675884672,0.002551801708441173,0.0008073741115905993
C:\Users\Fakhri\Downloads\klasifikasi_jenis_kain_glcm_knn\klasifikasi_jenis_kain_glcm_knn\dataset\Denim\denim_037.png,Denim,22.79320252039668,15.187829646303667,3.4209772108314347,1.2232883394029392,0.2844200892813818,0.08019582605772019,0.0652800831807058,0.009841844745019316,0.7266601632767363,0.18195747536070622,0.004358351168064933,0.001313789468401466
C:\Users\Fakhri\Downloads\klasifikasi_jenis_kain_glcm_knn\klasifikasi_jenis_kain_glcm_knn\dataset\Denim\denim_038.png,Denim,28.345647471230365,18.996317815592946,3.8437930638192674,1.3747432888739362,0.2590665256190794,0.07446626797934677,0.05661636524504435,0.008629312361855001,0.7547801306942555,0.16419843638231443,0.0032798778453987294,0.0009965496784776317
C:\Users\Fakhri\Downloads\klasifikasi_jenis_kain_glcm_knn\klasifikasi_jenis_kain_glcm_knn\dataset\Denim\denim_039.png,Denim,29.136913836603302,19.006298911556392,3.83871823688623,1.3508680997516267,0.2617065308567715,0.07510757463296822,0.058543376221119346,0.008840389308622496,0.7378697564939137,0.17108462508962802,0.0035054793824955293,0.0010575762888797489
C:\Users\Fakhri\Downloads\klasifikasi_jenis_kain_glcm_knn\klasifikasi_jenis_kain_glcm_knn\dataset\Denim\denim_040.png,Denim,32.573003897723886,22.127623479964733,4.123636898915067,1.4952803129426198,0.2468271039409694,0.07231879909964645,0.05187977604123498,0.008065251813343558,0.7683335995052215,0.15726942486408965,0.0027565594489013397,0.0008533719477251542
C:\Users\Fakhri\Downloads\klasifikasi_jenis_kain_glcm_knn\klasifikasi_jenis_kain_glcm_knn\dataset\Denim\denim_041.png,Denim,14.35378333431349,8.275612873693296,2.670793971174779,0.8271837549980395,0.34507284784415365,0.07838002513449438,0.08390117491183215,0.011339955614788542,0.7091302845975519,0.16773565374616986,0.007168001744931227,0.001958893203504519
C:\Users\Fakhri\Downloads\klasifikasi_jenis_kain_glcm_knn\klasifikasi_jenis_kain_glcm_knn\dataset\Denim\denim_042.png,Denim,19.633231232523762,11.627853734389403,3.171014949940435,0.9895640227796364,0.30167359645618635,0.07276554437053975,0.06933291899888369,0.00938083619509236,0.7314499121530242,0.1590022105745985,0.004895053744624923,0.001336000920445723
C:\Users\Fakhri\Downloads\klasifikasi_jenis_kain_glcm_knn\klasifikasi_jenis_kain_glcm_knn\dataset\Denim\denim_043.png,Denim,19.38674590241888,11.083467658721066,3.0690134207491,0.945319516057905,0.31467681210398984,0.07485403003961394,0.07442731908977679,0.010121788533987142,0.7294171892440233,0.15453059047411233,0.005641876430018206,0.0015475199892470248
C:\Users\Fakhri\Downloads\klasifikasi_jenis_kain_glcm_knn\klasifikasi_jenis_kain_glcm_knn\dataset\Denim\denim_044.png,Denim,19.017934467770463,10.938931577178588,3.080665753787914,0.9536512776816432,0.31409831935830584,0.07315707627569491,0.06945643695664327,0.009692412125794804,0.7517929934829531,0.14272225584257547,0.004918139487528415,0.0013796397991078975
C:\Users\Fakhri\Downloads\klasifikasi_jenis_kain_glcm_knn\klasifikasi_jenis_kain_glcm_knn\dataset\Denim\denim_045.png,Denim,12.92128886742581,7.668502759316304,2.560744711432105,0.8216464887141922,0.35632763976336457,0.08070447987868265,0.0887638862227529,0.012194463532232906,0.7067571627742765,0.17392758934468572,0.008027732438204779,0.0022091234964722937
C:\Users\Fakhri\Downloads\klasifikasi_jenis_kain_glcm_knn\klasifikasi_jenis_kain_glcm_knn\dataset\Denim\denim_046.png,Denim,15.426514497598392,8.880206572957595,2.802747934828148,0.8727230169388416,0.3299549931198727,0.07769291139274287,0.08097923988985861,0.010858820273049576,0.6871435697306292,0.1800082538578851,0.00667555127086166,0.0018094213191128194
C:\Users\Fakhri\Downloads\klasifikasi_jenis_kain_glcm_knn\klasifikasi_jenis_kain_glcm_knn\dataset\Denim\denim_047.png,Denim,18.31162319319841,10.727955711130589,3.074739638369149,0.9573626401408166,0.30765559883235744,0.07350697777811759,0.07063432251444765,0.009630324666095971,0.7353382382118681,0.15479988799165034,0.005081950670249424,0.0013900034168143115
C:\Users\Fakhri\Downloads\klasifikasi_jenis_kain_glcm_knn\klasifikasi_jenis_kain_glcm_knn\dataset\Denim\denim_048.png,Denim,22.04542156170967,12.466456657193776,3.338259703596815,1.0279984089146255,0.29134711901079485,0.07246702969013645,0.06916369441847774,0.009351676531602262,0.6972458384196699,0.17094285856665253,0.0048710704795642875,0.0013337022025966365
C:\Users\Fakhri\Downloads\klasifikasi_jenis_kain_glcm_knn\klasifikasi_jenis_kain_glcm_knn\dataset\Denim\denim_049.png,Denim,10.417974342883381,5.409094923814463,1.885247001495909,0.5454657700039077,0.4844029515966601,0.07900366062084427,0.16235997158632967,0.019043260316704464,0.704036654445288,0.15344093980318838,0.026723406137003552,0.006287155975359489
C:\Users\Fakhri\Downloads\klasifikasi_jenis_kain_glcm_knn\klasifikasi_jenis_kain_glcm_knn\dataset\Denim\denim_050.png,Denim,20.527413156154623,11.097981058113282,2.56868676031197,0.7838320624143373,0.44413047028285274,0.07827459131714255,0.14833571649064814,0.01985322891470846,0.7132925723328677,0.15463654214646275,0.022397635485133766,0.005937559396057844
C:\Users\Fakhri\Downloads\klasifikasi_jenis_kain_glcm_knn\klasifikasi_jenis_kain_glcm_knn\dataset\Denim\denim_051.png,Denim,10.67566591364171,5.434740561031368,1.9667581768759481,0.5626042449856685,0.4613581005257177,0.08068734353533025,0.15047442540997488,0.01848560711435954,0.7069481537538932,0.14919604809996825,0.02298427037284856,0.005664928476730267
C:\Users\Fakhri\Downloads\klasifikasi_jenis_kain_glcm_knn\klasifikasi_jenis_kain_glcm_knn\dataset\Denim\denim_052.png,Denim,24.333732311962574,12.904026917213223,2.8395329192102667,0.8441947967532836,0.4113446317001834,0.07427430238790121,0.13247784151697686,0.017425531596414894,0.713375939723273,0.15188189179890516,0.017854027644414894,0.004658873262772409
C:\Users\Fakhri\Downloads\klasifikasi_jenis_kain_glcm_knn\klasifikasi_jenis_kain_glcm_knn\dataset\Denim\denim_053.png,Denim,15.975713165806448,8.39864695080638,2.158357218156955,0.6372813868860343,0.48891323519336294,0.07480169969094069,0.16828669926951687,0.020274042291490796,0.7086523760609649,0.15281642066836285,0.028731449941865977,0.0069366236516448625
C:\Users\Fakhri\Downloads\klasifikasi_jenis_kain_glcm_knn\klasifikasi_jenis_kain_glcm_knn\dataset\Denim\denim_054.png,Denim,14.458027125933208,7.73583493910964,2.221315658328882,0.6808442259791708,0.44775676460457964,0.08613152161771284,0.14467403567743847,0.019702687154961127,0.7073355681742753,0.15627705869016262,0.021318772480323014,0.005924715158900735
C:\Users\Fakhri\Downloads\klasifikasi_jenis_kain_glcm_knn\klasifikasi_jenis_kain_glcm_knn\dataset\Denim\denim_055.png,Denim,17.020265404675644,8.92001760807422,2.308528600535358,0.6729742750091835,0.45797347039257286,0.0755170700826151,0.1534507511804266,0.018952406898256332,0.7016828749135054,0.15618194745220393,0.023906326765074263,0.005936786177205264
C:\Users\Fakhri\Downloads\klasifikasi_jenis_kain_glcm_knn\klasifikasi_jenis_kain_glcm_knn\dataset\Denim\denim_056.png,Denim,17.21980143965963,9.156059738683675,2.4636527726997937,0.7588918122911485,0.4230282766836266,0.08683881982693255,0.12929979694000396,0.018768855263241548,0.6974718875823163,0.16106955411478246,0.017070707416618768,0.0050289648481222915
C:\Users\Fakhri\Downloads\klasifikasi_jenis_kain_glcm_knn\klasifikasi_jenis_kain_glcm_knn\dataset\Denim\denim_057.png,Denim,8.86427340684975,5.094253860619784,2.0118651318604646,0.6226530873538338,0.437044470500979,0.08112079723148492,0.1298118547511197,0.016719688705648345,0.7503807210090158,0.1433762070870592,0.01713066562433958,0.004421489203290296
C:\Users\Fakhri\Downloads\klasifikasi_jenis_kain_glcm_knn\klasifikasi_jenis_kain_glcm_knn\dataset\Denim\denim_058.png,Denim,12.94249709637794,7.127284862789487,2.4603292066545768,0.7462741741827171,0.3832463801628967,0.07761585215880958,0.11156180273937323,0.014411447506537263,0.7047205166204047,0.1626168334084243,0.012653725649692504,0.0032754804218021022
C:\Users\Fakhri\Downloads\klasifikasi_jenis_kain_glcm_knn\klasifikasi_jenis_kain_glcm_knn\dataset\Denim\denim_059.png,Denim,10.603278110019476,6.204459484148714,2.14184764589603,0.6616384644977245,0.42939324948853286,0.07832249279433642,0.12426017461146026,0.015851259582831668,0.7960972220897359,0.11947548825957104,0.015691853424832904,0.004008795284216717
C:\Users\Fakhri\Downloads\klasifikasi_jenis_kain_glcm_knn\klasifikasi_jenis_kain_glcm_knn\dataset\Denim\denim_060.png,Denim,10.66709845743413,5.470769546731304,2.2225215118003456,0.6217369017071236,0.40799920680145546,0.0737226598187176,0.116106961482953,0.013986438638893048,0.7441144649216443,0.13138866399152405,0.013676446970603447,0.003308841516886779
C:\Users\Fakhri\Downloads\klasifikasi_jenis_kain_glcm_knn\klasifikasi_jenis_kain_glcm_knn\dataset\Denim\denim_061.png,Denim,10.655121758419154,5.603953087609354,2.216279603945956,0.6520236918860699,0.40962219556998875,0.07867590724736727,0.11758021483132036,0.014965000121238194,0.7014027232109733,0.15702941147127394,0.014049058148408107,0.003571003544675268
C:\Users\Fakhri\Downloads\klasifikasi_jenis_kain_glcm_knn\klasifikasi_jenis_kain_glcm_knn\dataset\Denim\denim_062.png,Denim,14.154092512189386,8.207213099075656,2.5393919291356744,0.8015095934939288,0.38195314688529597,0.07817598019448178,0.10512775899785436,0.014077358577606289,0.7528610478128744,0.14326609062530626,0.011250017736433452,0.003007328573094027
C:\Users\Fakhri\Downloads\klasifikasi_jenis_kain_glcm_knn\klasifikasi_jenis_kain_glcm_knn\dataset\Denim\denim_063.png,Denim,13.293441703297766,7.044572880355584,2.4767406990010996,0.7282296702447179,0.38300512600009357,0.07660206463788649,0.10694477133176548,0.01375449613721838,0.707964621093255,0.1547718329315724,0.01162637027919237,0.002990490955586955
C:\Users\Fakhri\Downloads\klasifikasi_jenis_kain_glcm_knn\klasifikasi_jenis_kain_glcm_knn\dataset\Denim\denim_064.png,Denim,13.213514450683101,7.096373929825256,2.506239718206202,0.7381831144454486,0.37748075152177996,0.07485123070686263,0.09821025275074663,0.012876042936623661,0.7597277745696648,0.12909797480603316,0.009811046227071308,0.002575813839286908
C:\Users\Fakhri\Downloads\klasifikasi_jenis_kain_glcm_knn\klasifikasi_jenis_kain_glcm_knn\dataset\Denim\denim_065.png,Denim,7.8935113114559465,4.084492288680183,1.7599770085897377,0.5186328461145373,0.4909152978912427,0.07987798159360722,0.15914495782490262,0.019522729669280932,0.7013169952424635,0.1543253408318271,0.025708254574829854,0.006274421448658078
C:\Users\Fakhri\Downloads\klasifikasi_jenis_kain_glcm_knn\klasifikasi_jenis_kain_glcm_knn\dataset\Denim\denim_066.png,Denim,6.786834914537202,3.3894632997234146,1.6863433934390353,0.47117354799030614,0.4858322276177259,0.0774268252573546,0.14959046898968684,0.01760466935267207,0.7098110885759362,0.14503322615940195,0.022687232795571374,0.005345483599620724
C:\Users\Fakhri\Downloads\klasifikasi_jenis_kain_glcm_knn\klasifikasi_jenis_kain_glcm_knn\dataset\Denim\denim_067.png,Denim,9.766111325268016,4.9691500210164,1.9635644168939308,0.5666830311407901,0.4611989637519683,0.0786652224133725,0.14811552938209058,0.018048907255716697,0.684030998019929,0.1605730297968033,0.02226397309726241,0.005403370957886964
C:\Users\Fakhri\Downloads\klasifikasi_jenis_kain_glcm_knn\klasifikasi_jenis_kain_glcm_knn\dataset\Denim\denim_068.png,Denim,8.887637854366647,4.4366356453329425,1.9287848228103053,0.5424832421613691,0.4527124480968767,0.07822510696636033,0.1323316742752789,0.016431453257674408,0.7392962626921896,0.12996642377526524,0.01778166467265765,0.004416885563883189
C:\Users\Fakhri\Downloads\klasifikasi_jenis_kain_glcm_knn\klasifikasi_jenis_kain_glcm_knn\dataset\Denim\denim_069.png,Denim,22.87540830296139,13.569863520098917,3.425781575939391,1.0969720169775683,0.2889890897092647,0.07266903993784563,0.06971642255559991,0.009533724067997696,0.702693600971333,0.17624205636639412,0.00495127146855568,0.0013597461636342062
C:\Users\Fakhri\Downloads\klasifikasi_jenis_kain_glcm_knn\klasifikasi_jenis_kain_glcm_knn\dataset\Denim\denim_070.png,Denim,28.33263652489886,16.373589550567935,3.7789909620408273,1.2142724017323194,0.27318671869032524,0.07152052292615033,0.06655787462104439,0.009381039632838395,0.693207421125336,0.17706942848835114,0.004517954578663548,0.0012744689237742753
C:\Users\Fakhri\Downloads\klasifikasi_jenis_kain_glcm_knn\klasifikasi_jenis_kain_glcm_knn\dataset\Denim\denim_071.png,Denim,27.018259574923842,15.72731679549452,3.726267497899101,1.1790950499330932,0.2700287946308699,0.06947723950751813,0.06475542191948637,0.008854308446582177,0.7013423192342622,0.17363317221819446,0.004271663446037911,0.0011741222710466793
C:\Users\Fakhri\Downloads\klasifikasi_jenis_kain_glcm_knn\klasifikasi_jenis_kain_glcm_knn\dataset\Denim\denim_072.png,Denim,33.897168747496515,18.41080825744709,4.19534505202441,1.2580917753735752,0.24349863553682072,0.06351000063655791,0.05519367209650805,0.007383796142579535,0.700848147670284,0.16232744360627352,0.0031008618849720244,0.0008342139297275865
C:\Users\Fakhri\Downloads\klasifikasi_jenis_kain_glcm_knn\klasifikasi_jenis_kain_glcm_knn\dataset\Denim\denim_073.png,Denim,16.097675136848284,9.980794304973983,2.8105749460682343,0.9372810501882104,0.34195327903523687,0.08231376389570699,0.08651146353917098,0.012645031294636599,0.7403203917757458,0.16082025893725385,0.0076441301401316475,0.0022604551835890265
C:\Users\Fakhri\Downloads\klasifikasi_jenis_kain_glcm_knn\klasifikasi_jenis_kain_glcm_knn\dataset\Denim\denim_074.png,Denim,18.500947413105614,10.947152398078575,3.0261964464781186,0.9794460645171051,0.32360799091830833,0.07872185516857388,0.07979793877760437,0.011528300384631941,0.7395351144862788,0.15394572845526935,0.006500612742912599,0.001888938627022753
C:\Users\Fakhri\Downloads\klasifikasi_jenis_kain_glcm_knn\klasifikasi_jenis_kain_glcm_knn\dataset\Denim\denim_075.png,Denim,16.197154192463906,9.968310944263187,2.8226454529772114,0.9349656967604864,0.339449004119419,0.08156095876319432,0.08324810752379326,0.012213832942306305,0.7670864241272785,0.14336326267556412,0.007079425121435612,0.002098794299197012
C:\Users\Fakhri\Downloads\klasifikasi_jenis_kain_glcm_knn\klasifikasi_jenis_kain_glcm_knn\dataset\Denim\denim_076.png,Denim,17.798954042147567,10.227675816932152,3.00069294250793,0.9344490532887639,0.3194070312442485,0.07559875495393599,0.07422362695604347,0.010413500904825927,0.7712508013414588,0.1312968842396091,0.0056175877996047134,0.0015915339172293264
C:\Users\Fakhri\Downloads\klasifikasi_jenis_kain_glcm_knn\klasifikasi_jenis_kain_glcm_knn\dataset\Denim\denim_077.png,Denim,13.146195214647735,7.243637370476604,2.4990409744543762,0.7677180538173848,0.37914401697645045,0.08063935583649733,0.1078068734282188,0.014547409817883165,0.6967006317072313,0.1672211942584247,0.01183394909077743,0.003234217461799664
C:\Users\Fakhri\Downloads\klasifikasi_jenis_kain_glcm_knn\klasifikasi_jenis_kain_glcm_knn\dataset\Denim\denim_078.png,Denim,16.013729539053397,9.576386122482415,2.7395440076103585,0.9065747972503029,0.3590996023356568,0.08483954211952383,0.10120511967480601,0.014585185108605453,0.7130251450969255,0.1716549522209365,0.010455203873044093,0.0030745507742345308
C:\Users\Fakhri\Downloads\klasifikasi_jenis_kain_glcm_knn\klasifikasi_jenis_kain_glcm_knn\dataset\Denim\denim_079.png,Denim,18.41254185926265,10.243678395202162,2.9171107519432007,0.9144453430343334,0.34984436985030326,0.07879142518744181,0.09695302957275598,0.013664808191496184,0.7012039220819198,0.16630131616510022,0.00958661692624608,0.0027341240197928216
C:\Users\Fakhri\Downloads\klasifikasi_jenis_kain_glcm_knn\klasifikasi_jenis_kain_glcm_knn\dataset\Denim\denim_080.png,Denim,22.466078621085657,13.187159265251449,3.249517456996994,1.0717864124573138,0.32104491524104434,0.08245453697916699,0.08587396232377932,0.013053842247633708,0.7070206816164463,0.17190447060479225,0.007544740202611978,0.0023410438953709012
C:\Users\Fakhri\Downloads\klasifikasi_jenis_kain_glcm_knn\klasifikasi_jenis_kain_glcm_knn\dataset\Denim\denim_081.png,Denim,13.667908654940787,7.775384627439776,2.5328786931985556,0.7984168477735211,0.3753252666150601,0.08194067848938912,0.11053332518022506,0.014613063719842306,0.687480122283625,0.1775957281719886,0.012431157606677547,0.00328468387903252
C:\Users\Fakhri\Downloads\klasifikasi_jenis_kain_glcm_knn\klasifikasi_jenis_kain_glcm_knn\dataset\Denim\denim_082.png,Denim,18.604793215393595,10.506762267991549,2.9231873158825645,0.9378049056779192,0.35204378346659065,0.08144770434348857,0.10185421084374151,0.014482672197042109,0.7064068256230113,0.16563196078928788,0.010584028060568322,0.002988187344162385
C:\Users\Fakhri\Downloads\klasifikasi_jenis_kain_glcm_knn\klasifikasi_jenis_kain_glcm_knn\dataset\Denim\denim_083.png,Denim,17.911061320751593,10.236674360709035,2.898469112227805,0.9207448797510605,0.345078533418767,0.07893141923070779,0.09327613833708837,0.013067659469583645,0.7266939362625546,0.1561045973695108,0.008871201707092644,0.00248235840760129
C:\Users\Fakhri\Downloads\klasifikasi_jenis_kain_glcm_knn\klasifikasi_jenis_kain_glcm_knn\dataset\Denim\denim_084.png,Denim,21.805617445791185,11.920645955453214,3.2434087536359297,0.9859618850357915,0.3163397020851871,0.07315983966384443,0.08374714973388175,0.011350782103363951,0.7065397873166654,0.16027559479881195,0.007142425342907258,0.0019362363525398036
C:\Users\Fakhri\Downloads\klasifikasi_jenis_kain_glcm_knn\klasifikasi_jenis_kain_glcm_knn\dataset\Denim\denim_085.png,Denim,6.176556855519191,3.0337648284810355,1.6001793551462782,0.44448584576410016,0.49899841016447727,0.0777292524936392,0.16666640546673736,0.018788246273329923,0.6553839060694635,0.1691686347738684,0.028130688909230202,0.006385151835660946
C:\Users\Fakhri\Downloads\klasifikasi_jenis_kain_glcm_knn\klasifikasi_jenis_kain_glcm_knn\dataset\Denim\denim_086.png,Denim,7.846207079829902,3.7826474393782443,1.862621228983202,0.5164799662360696,0.4522325465648587,0.07926188606051883,0.14927451991159288,0.017238800169410207,0.5811509500186542,0.20188769260155284,0.02258005852611739,0.005253149248156829
C:\Users\Fakhri\Downloads\klasifikasi_jenis_kain_glcm_knn\klasifikasi_jenis_kain_glcm_knn\dataset\Denim\denim_087.png,Denim,6.406720132984218,3.0296078805544893,1.6552289011732586,0.44767670057078984,0.48452868899411344,0.07717073151688138,0.1581702497010952,0.017912171493984937,0.6298056820313592,0.17475962393374697,0.02533867377813673,0.005775454574878029
C:\Users\Fakhri\Downloads\klasifikasi_jenis_kain_glcm_knn\klasifikasi_jenis_kain_glcm_knn\dataset\Denim\denim_088.png,Denim,10.43997763112705,4.7936759566074,2.0764398174806513,0.543931907522165,0.43593461157679697,0.07241981009700779,0.1356053276035155,0.015476886541597068,0.6112318386060583,0.17849958054110393,0.01862833889147823,0.0042747549107051384
C:\Users\Fakhri\Downloads\klasifikasi_jenis_kain_glcm_knn\klasifikasi_jenis_kain_glcm_knn\dataset\Denim\denim_089.png,Denim,6.041309066035712,2.8950644114906963,1.6745107067495513,0.45913005044974164,0.4726859035585072,0.08010468625650209,0.156018931056309,0.017776219181819278,0.6106452728179771,0.1863503832410993,0.024657900816353388,0.005692203888188793
C:\Users\Fakhri\Downloads\klasifikasi_jenis_kain_glcm_knn\klasifikasi_jenis_kain_glcm_knn\dataset\Denim\denim_090.png,Denim,6.9480322428276855,3.4701823807887275,1.759665813131716,0.49622749330336535,0.46402524152686314,0.08047850766980172,0.14494622131180454,0.017296534580259374,0.6277465177967948,0.18568742578975286,0.02130857718105673,0.0051714740289636576
C:\Users\Fakhri\Downloads\klasifikasi_jenis_kain_glcm_knn\klasifikasi_jenis_kain_glcm_knn\dataset\Denim\denim_091.png,Denim,8.299374178462712,3.9318474330881896,1.8548839399621342,0.5003796046031396,0.4628879945516489,0.07520143612154666,0.14969705862800972,0.01709922538293137,0.6399665394511181,0.17016215476202848,0.02270159287057406,0.005234111382824884
C:\Users\Fakhri\Downloads\klasifikasi_jenis_kain_glcm_knn\klasifikasi_jenis_kain_glcm_knn\dataset\Denim\denim_092.png,Denim,9.935548885212006,5.049718574413807,2.094333000822141,0.5916630606551785,0.42127346617615613,0.07873045616474568,0.12397827678081402,0.01535286681672758,0.6851954228731835,0.16017776621131255,0.015606323633032305,0.0039273120283664555
C:\Users\Fakhri\Downloads\klasifikasi_jenis_kain_glcm_knn\klasifikasi_jenis_kain_glcm_knn\dataset\Denim\denim_093.png,Denim,7.410081647189222,4.69892462826487,1.8067076329862441,0.6654892537683567,0.4667109916998853,0.10418637464736318,0.1462093554623035,0.02289796198666472,0.6688476807792988,0.21024020444938854,0.021901492287844954,0.0069025054803975895
C:\Users\Fakhri\Downloads\klasifikasi_jenis_kain_glcm_knn\klasifikasi_jenis_kain_glcm_knn\dataset\Denim\denim_094.png,Denim,9.716159012604868,5.627528477456657,2.0329382405570757,0.6878614446726073,0.4377437042801023,0.09494223149702086,0.13194392377814992,0.01958886835798016,0.6657032281742211,0.19357574941096203,0.017792922785520516,0.005303462526112785
C:\Users\Fakhri\Downloads\klasifikasi_jenis_kain_glcm_knn\klasifikasi_jenis_kain_glcm_knn\dataset\Denim\denim_095.png,Denim,7.093714445237054,4.531817850691556,1.714870421639023,0.6327936019532682,0.4925726118862166,0.10050722608132096,0.16461130953209333,0.023853989844032596,0.7082797891148943,0.18687766593398103,0.02766589605734986,0.007993681942215102
C:\Users\Fakhri\Downloads\klasifikasi_jenis_kain_glcm_knn\klasifikasi_jenis_kain_glcm_knn\dataset\Denim\denim_096.png,Denim,7.124954047460352,3.8918094260268266,1.667718059430347,0.5088457001794121,0.4988264813901769,0.08174704557391552,0.15821830934100162,0.018903742292688982,0.7568230771415868,0.13252037154232713,0.02539038488339328,0.0060697451088720655
C:\Users\Fakhri\Downloads\klasifikasi_jenis_kain_glcm_knn\klasifikasi_jenis_kain_glcm_knn\dataset\Denim\denim_097.png,Denim,5.698913981957181,3.190467758588722,1.5072059209935622,0.4792091047774578,0.5238281412120537,0.08741387583082061,0.16051190734971002,0.02097192292902912,0.7852297324813371,0.12026730622747887,0.026203893952383036,0.006852619605370712
C:\Users\Fakhri\Downloads\klasifikasi_jenis_kain_glcm_knn\klasifikasi_jenis_kain_glcm_knn\dataset\Denim\denim_098.png,Denim,13.378173255642968,7.671660227588985,2.1103005941766813,0.6642264802639528,0.4722024897339476,0.07960192060107124,0.142553556430132,0.018188596368130545,0.790756852546996,0.11979706624352333,0.0206523414887216,0.005248814734472806
C:\Users\Fakhri\Downloads\klasifikasi_jenis_kain_glcm_knn\klasifikasi_jenis_kain_glcm_knn\dataset\Denim\denim_099.png,Denim,13.191762591201373,7.743970171699501,2.1557086205996545,0.7157355410024382,0.45158563723957795,0.09049798991198904,0.13634927775018246,0.01990136442770444,0.7630862789453378,0.13884620219153118,0.018987189849080707,0.0055631750236537
C:\Users\Fakhri\Downloads\klasifikasi_jenis_kain_glcm_knn\klasifikasi_jenis_kain_glcm_knn\dataset\Denim\denim_100.png,Denim,9.336032658501122,5.169133444758089,1.9178181001052,0.5814995097311516,0.4647390955310175,0.07956399735845955,0.1312036853162615,0.016188902850741253,0.8113506602893011,0.1042214358846437,0.017476487616079308,0.004319901895902419
C:\Users\Fakhri\Downloads\klasifikasi_jenis_kain_glcm_knn\klasifikasi_jenis_kain_glcm_knn\dataset\Denim\denim_101.png,Denim,11.610967462388118,6.282339407275035,2.040455362012064,0.624789246727348,0.47679064889391415,0.08002719390549777,0.16038620555710006,0.019949042723702962,0.7399908608090026,0.14050833497196813,0.026121699238596488,0.006435065903480047
C:\Users\Fakhri\Downloads\klasifikasi_jenis_kain_glcm_knn\klasifikasi_jenis_kain_glcm_knn\dataset\Denim\denim_102.png,Denim,7.9918468635752005,4.150626906335411,1.785965979790222,0.5260237916110144,0.47620958478371417,0.08335266084618749,0.1488919450242426,0.018625928772955457,0.742735089123753,0.13349607487821846,0.022515736515757293,0.005644122422742196
C:\Users\Fakhri\Downloads\klasifikasi_jenis_kain_glcm_knn\klasifikasi_jenis_kain_glcm_knn\dataset\Denim\denim_103.png,Denim,14.742682541195704,7.855611163257808,2.3255542935929303,0.7084241669113274,0.4414423917928498,0.07940177308378213,0.1413374753516368,0.018336731041699708,0.7512114163944629,0.1323794595131654,0.020312517644070174,0.005227255064663061
C:\Users\Fakhri\Downloads\klasifikasi_jenis_kain_glcm_knn\klasifikasi_jenis_kain_glcm_knn\dataset\Denim\denim_104.png,Denim,11.286647780454741,5.851983388131226,2.146903951291178,0.6371167228531297,0.4245081815070714,0.08534161748474164,0.12243738898712414,0.016475313697120835,0.7471433227115846,0.13126199225318536,0.015262350183402891,0.004118404796609835
C:\Users\Fakhri\Downloads\klasifikasi_jenis_kain_glcm_knn\klasifikasi_jenis_kain_glcm_knn\dataset\Denim\denim_105.png,Denim,11.021675269433304,5.705856379536068,2.0191212466077078,0.5855951418703995,0.4686126311683596,0.07617431205870748,0.15177850653022643,0.018446835242141617,0.7061429784110848,0.15187975848705423,0.02337700077499669,0.005719460992216998
C:\Users\Fakhri\Downloads\klasifikasi_jenis_kain_glcm_knn\klasifikasi_jenis_kain_glcm_knn\dataset\Denim\denim_106.png,Denim,9.406693715948096,5.072057742673978,2.00578159219317,0.6191103834134156,0.4438406724876076,0.08716539466539788,0.1386462229436,0.01879791234126373,0.7006424586567307,0.16134440321515645,0.019576136644916264,0.005395523009304539
C:\Users\Fakhri\Downloads\klasifikasi_jenis_kain_glcm_knn\klasifikasi_jenis_kain_glcm_knn\dataset\Denim\denim_107.png,Denim,12.04537807802687,6.161216465450005,2.1574016363352038,0.6146431569524115,0.4459031845337482,0.07439902218521956,0.14164844332834436,0.017379231055255632,0.694127167731958,0.15630425621611294,0.020366319169415146,0.00503116001340391
C:\Users\Fakhri\Downloads\klasifikasi_jenis_kain_glcm_knn\klasifikasi_jenis_kain_glcm_knn\dataset\Denim\denim_108.png,Denim,10.785944446161006,5.711593267149513,2.1523778003949823,0.6583358917254191,0.4257456437464369,0.08595948957711706,0.1267707931161952,0.01760034401867098,0.694881456637634,0.16169284973616116,0.016380606096884732,0.004614531751671574
C:\Users\Fakhri\Downloads\klasifikasi_jenis_kain_glcm_knn\klasifikasi_jenis_kain_glcm_knn\dataset\Denim\denim_109.png,Denim,6.064404171628219,3.0354623053991334,1.5897406366869287,0.45890742171631044,0.5034692644605682,0.08181938726656608,0.16141282398121096,0.019705262438309067,0.7017477358671825,0.14953939511525097,0.02644239711335203,0.006438549045008251
C:\Users\Fakhri\Downloads\klasifikasi_jenis_kain_glcm_knn\klasifikasi_jenis_kain_glcm_knn\dataset\Denim\denim_110.png,Denim,11.783306777493744,6.239489780171846,2.0795070498811103,0.620317097442469,0.4619119868690528,0.08002059334292257,0.1531823877936159,0.019107037004194454,0.6910954566585265,0.16345665343196086,0.023829922793233385,0.005911391720396391
C:\Users\Fakhri\Downloads\klasifikasi_jenis_kain_glcm_knn\klasifikasi_jenis_kain_glcm_knn\dataset\Denim\denim_111.png,Denim,6.806561369798032,3.458188813008396,1.7006930352660923,0.4911123952047196,0.48445332965940846,0.08096664962560776,0.1546966030928192,0.01904099034379966,0.6928889162053603,0.1557164028386234,0.02429359832172991,0.005963033848853005
C:\Users\Fakhri\Downloads\klasifikasi_jenis_kain_glcm_knn\klasifikasi_jenis_kain_glcm_knn\dataset\Denim\denim_112.png,Denim,16.363482704080734,8.622472765350492,2.490178067602344,0.7471766847499184,0.4161972659888004,0.0787264956114828,0.12666677532881804,0.016968769176290612,0.7018266437133316,0.15698796758729175,0.016332411099559498,0.0043370377645625575
C:\Users\Fakhri\Downloads\klasifikasi_jenis_kain_glcm_knn\klasifikasi_jenis_kain_glcm_knn\dataset\Denim\denim_113.png,Denim,6.737639881264305,3.074900697015715,1.7414849472109903,0.465207203162515,0.466913788327012,0.07895882259322445,0.14872603980547525,0.01709861444955852,0.627936969509964,0.1696053674555842,0.022411797532314454,0.005188352571566358
C:\Users\Fakhri\Downloads\klasifikasi_jenis_kain_glcm_knn\klasifikasi_jenis_kain_glcm_knn\dataset\Denim\denim_114.png,Denim,11.680184659736463,5.9118606990229035,2.1830544813440005,0.6383189140219925,0.43645937473737817,0.08083001218731269,0.14004624763939258,0.01845759190936083,0.6544798118009912,0.17463088798928333,0.019953634176966568,0.0052312615539756805
C:\Users\Fakhri\Downloads\klasifikasi_jenis_kain_glcm_knn\klasifikasi_jenis_kain_glcm_knn\dataset\Denim\denim_115.png,Denim,8.948472123272076,4.288225476734844,1.969153559613159,0.5409481381683543,0.4419030377576471,0.07947482505578668,0.1408362452033015,0.017074489781634433,0.6602195322090186,0.16299776336086927,0.02012638616426761,0.004906239589075679
C:\Users\Fakhri\Downloads\klasifikasi_jenis_kain_glcm_knn\klasifikasi_jenis_kain_glcm_knn\dataset\Denim\denim_116.png,Denim,13.382539292030911,6.2380789285403235,2.4172599802205066,0.6503113405018236,0.4004915722895639,0.07359164674260069,0.11788097004449506,0.014677271537443266,0.6662764580075861,0.15553367213615504,0.014111345398414984,0.0035135314148376636
C:\Users\Fakhri\Downloads\klasifikasi_jenis_kain_glcm_knn\klasifikasi_jenis_kain_glcm_knn\dataset\Denim\denim_117.png,Denim,8.16947723616026,4.066066737308811,1.769475307876327,0.4877937480389722,0.48614852689828747,0.07544823741619505,0.15396606487240336,0.017770998689558185,0.7337068625268478,0.13258163223463326,0.0240213575267174,0.005542761466243695
C:\Users\Fakhri\Downloads\klasifikasi_jenis_kain_glcm_knn\klasifikasi_jenis_kain_glcm_knn\dataset\Denim\denim_118.png,Denim,18.182901956656494,9.998458466537082,2.5499338648079513,0.7930952230547909,0.41772398909167424,0.08250369401641873,0.1360511356580146,0.01826395468103943,0.7245975335740799,0.15136374865516775,0.018843483554426547,0.005027597528820638
C:\Users\Fakhri\Downloads\klasifikasi_jenis_kain_glcm_knn\klasifikasi_jenis_kain_glcm_knn\dataset\Denim\denim_119.png,Denim,10.121240181235802,5.129958917487277,2.0237638734474825,0.570363238214129,0.44641690635627135,0.07734007076565536,0.13868699036656254,0.01675083518381672,0.7285344565146444,0.13771626524549288,0.019514671776290397,0.004711246156559338
C:\Users\Fakhri\Downloads\klasifikasi_jenis_kain_glcm_knn\klasifikasi_jenis_kain_glcm_knn\dataset\Denim\denim_120.png,Denim,20.119766541708852,10.983372967881502,2.7002229398660784,0.8214626122309455,0.40771356176365564,0.0772894940761667,0.1264788508375854,0.016619969131918863,0.7397403089635954,0.1419116942607318,0.016273123083142105,0.004250049950797352
C:\Users\Fakhri\Downloads\klasifikasi_jenis_kain_glcm_knn\klasifikasi_jenis_kain_glcm_knn\dataset\Denim\denim_121.png,Denim,31.64723298930882,20.830654467129794,4.114051181738943,1.486761977456406,0.24161013289810215,0.07880103449878173,0.046262930921857646,0.00805563959004764,0.7781307873777257,0.14582292466170357,0.0022051521066853157,0.0008035047724125957
C:\Users\Fakhri\Downloads\klasifikasi_jenis_kain_glcm_knn\klasifikasi_jenis_kain_glcm_knn\dataset\Denim\denim_122.png,Denim,47.822687518496735,34.4075175985632,5.094633125296024,2.004596850277074,0.203643603978383,0.07927309645620988,0.03814797689983164,0.00709145759569336,0.7740140324368521,0.16242857791919937,0.001505556912381606,0.0005919166208403556
C:\Users\Fakhri\Downloads\klasifikasi_jenis_kain_glcm_knn\klasifikasi_jenis_kain_glcm_knn\dataset\Denim\denim_123.png,Denim,42.691823738442594,29.296253242946335,4.759218297788112,1.7779743475899392,0.2177857149628544,0.07575162794208856,0.04244525765594739,0.007273641152503719,0.7464900160419652,0.17376396478241432,0.0018545057530951557,0.000664381756366535
C:\Users\Fakhri\Downloads\klasifikasi_jenis_kain_glcm_knn\klasifikasi_jenis_kain_glcm_knn\dataset\Denim\denim_124.png,Denim,42.1739593024836,29.236686291335033,4.793531743365105,1.775315665494874,0.21032381686750132,0.07334956476097029,0.04025109307123671,0.006905663310027158,0.7814119477542075,0.15130460646654115,0.0016678386791808154,0.0005970421194600419
C:\Users\Fakhri\Downloads\klasifikasi_jenis_kain_glcm_knn\klasifikasi_jenis_kain_glcm_knn\dataset\Denim\denim_125.png,Denim,56.45341513766228,40.50940583085862,5.413713138298697,2.1048842563213563,0.19969946304614303,0.0742814120829673,0.03629918315522546,0.006449250760901135,0.7863022469105658,0.15295976020786908,0.0013592235331135883,0.0005049941359850573
C:\Users\Fakhri\Downloads\klasifikasi_jenis_kain_glcm_knn\klasifikasi_jenis_kain_glcm_knn\dataset\Denim\denim_126.png,Denim,55.43887606068237,36.122683854572685,5.384932422354144,1.9208411862640737,0.19937141804394723,0.06727051403898174,0.035366087468598914,0.0060004778768773135,0.7826001716099892,0.14135563104490195,0.0012867658775874832,0.00045421511130112993
C:\Users\Fakhri\Downloads\klasifikasi_jenis_kain_glcm_knn\klasifikasi_jenis_kain_glcm_knn\dataset\Denim\denim_127.png,Denim,65.02372505116476,45.93334638589366,5.781087775546676,2.220052144801004,0.18968833631344484,0.07019058526231642,0.0339741849094336,0.005937131322312938,0.7855811824524012,0.15126359727112512,0.0011894947685987753,0.0004329446177992827
C:\Users\Fakhri\Downloads\klasifikasi_jenis_kain_glcm_knn\klasifikasi_jenis_kain_glcm_knn\dataset\Denim\denim_128.png,Denim,57.73065555891782,37.25493833585243,5.476352776412322,1.9240036779699716,0.19795238867138268,0.06403304529296612,0.033790366135653206,0.005664770548242445,0.7962815724527217,0.13128360414781431,0.0011738784689457333,0.00040678736000441694
C:\Users\Fakhri\Downloads\klasifikasi_jenis_kain_glcm_knn\klasifikasi_jenis_kain_glcm_knn\dataset\Denim\denim_129.png,Denim,56.45341513766228,40.50940583085862,5.413713138298697,2.1048842563213563,0.19969946304614303,0.0742814120829673,0.03629918315522546,0.006449250760901135,0.7863022469105658,0.15295976020786908,0.0013592235331135883,0.0005049941359850573
C:\Users\Fakhri\Downloads\klasifikasi_jenis_kain_glcm_knn\klasifikasi_jenis_kain_glcm_knn\dataset\Denim\denim_130.png,Denim,55.43887606068237,36.122683854572685,5.384932422354144,1.9208411862640737,0.19937141804394723,0.06727051403898174,0.035366087468598914,0.0060004778768773135,0.7826001716099892,0.14135563104490195,0.0012867658775874832,0.00045421511130112993
C:\Users\Fakhri\Downloads\klasifikasi_jenis_kain_glcm_knn\klasifikasi_jenis_kain_glcm_knn\dataset\Denim\denim_131.png,Denim,65.02372505116476,45.93334638589366,5.781087775546676,2.220052144801004,0.18968833631344484,0.07019058526231642,0.0339741849094336,0.005937131322312938,0.7855811824524012,0.15126359727112512,0.0011894947685987753,0.0004329446177992827
C:\Users\Fakhri\Downloads\klasifikasi_jenis_kain_glcm_knn\klasifikasi_jenis_kain_glcm_knn\dataset\Denim\denim_132.png,Denim,57.73065555891782,37.25493833585243,5.476352776412322,1.9240036779699716,0.19795238867138268,0.06403304529296612,0.033790366135653206,0.005664770548242445,0.7962815724527217,0.13128360414781431,0.0011738784689457333,0.00040678736000441694
C:\Users\Fakhri\Downloads\klasifikasi_jenis_kain_glcm_knn\klasifikasi_jenis_kain_glcm_knn\dataset\Denim\denim_133.png,Denim,54.47456501123926,37.233980102439304,5.326568825712753,2.009601916271257,0.19965142611036976,0.06785036034748766,0.036158835651456146,0.0061152875028015275,0.7981162768433228,0.13785628113154524,0.0013448581369109364,0.00045228487977487075
C:\Users\Fakhri\Downloads\klasifikasi_jenis_kain_glcm_knn\klasifikasi_jenis_kain_glcm_knn\dataset\Denim\denim_134.png,Denim,54.85990971930743,37.21072256793558,5.344276010843277,1.9936320268849101,0.20265906472873496,0.0659312410804084,0.03463595207165867,0.005874191474068334,0.8220417820741909,0.12059848968794484,0.0012341553013842535,0.00041507110403492974
C:\Users\Fakhri\Downloads\klasifikasi_jenis_kain_glcm_knn\klasifikasi_jenis_kain_glcm_knn\dataset\Denim\denim_135.png,Denim,62.748718321038616,41.86030944932613,5.611137214811137,2.097998873824239,0.19666637065543122,0.06677341235813239,0.03456031967310356,0.0058365333198636534,0.8019385276464922,0.13209875201161939,0.0012284808171009872,0.00041196981647781736
C:\Users\Fakhri\Downloads\klasifikasi_jenis_kain_glcm_knn\klasifikasi_jenis_kain_glcm_knn\dataset\Denim\denim_136.png,Denim,55.55878683390933,37.32670682749238,5.393082376584245,1.988600962451264,0.20199153805170642,0.06521700094831259,0.03273542197120638,0.0055587581042593785,0.8489726023440394,0.10142552424020301,0.001102507643294611,0.00037119770058024044
C:\Users\Fakhri\Downloads\klasifikasi_jenis_kain_glcm_knn\klasifikasi_jenis_kain_glcm_knn\dataset\Denim\denim_137.png,Denim,40.45148332596928,27.8805605763484,4.632034190204732,1.70758164979645,0.221685847870752,0.07461396576890147,0.03935129472931325,0.007048868794298487,0.7975471024509333,0.1394261399076281,0.001598210948152512,0.0005958940739676707
C:\Users\Fakhri\Downloads\klasifikasi_jenis_kain_glcm_knn\klasifikasi_jenis_kain_glcm_knn\dataset\Denim\denim_138.png,Denim,49.43625679507654,35.6822893571166,5.1362748450661515,2.0058545353616433,0.2020885070649847,0.08032641212731728,0.03599450603869072,0.00695655735051579,0.8011208613611954,0.14344545895846617,0.001343998155140358,0.0005500265127880125
C:\Users\Fakhri\Downloads\klasifikasi_jenis_kain_glcm_knn\klasifikasi_jenis_kain_glcm_knn\dataset\Denim\denim_139.png,Denim,46.03257322908946,31.01089139478527,4.932591326659552,1.795632780570372,0.2130434833628612,0.07236441599815524,0.036584944495712965,0.006582107984057538,0.8039471936290011,0.13191164260943825,0.0013817823092681925,0.0005174174188439438
C:\Users\Fakhri\Downloads\klasifikasi_jenis_kain_glcm_knn\klasifikasi_jenis_kain_glcm_knn\dataset\Denim\denim_140.png,Denim,59.00151067254342,41.9827342215314,5.604702047266212,2.1610839314555097,0.1901289627523692,0.07536611584808703,0.03276948838603574,0.00626054424968873,0.8073589036859278,0.13691913620597726,0.001113033783384842,0.00044970438082711945
C:\Users\Fakhri\Downloads\klasifikasi_jenis_kain_glcm_knn\klasifikasi_jenis_kain_glcm_knn\dataset\Denim\denim_141.png,Denim,50.23409139622299,37.36967768328969,5.157458972106062,2.070817623443449,0.20167362303878741,0.0787952463065119,0.035570147374942566,0.006860289636307368,0.8087310481152215,0.1421629869821817,0.0013122989581691603,0.0005321376308379274
C:\Users\Fakhri\Downloads\klasifikasi_jenis_kain_glcm_knn\klasifikasi_jenis_kain_glcm_knn\dataset\Denim\denim_142.png,Denim,46.0518303378206,32.25513706392308,4.913149040244312,1.8589512428249388,0.21244903010367786,0.0754408328685523,0.03671534150760421,0.006814795148324423,0.8098386892286067,0.1331614085483467,0.0013944577349336302,0.000538123114213945
C:\Users\Fakhri\Downloads\klasifikasi_jenis_kain_glcm_knn\klasifikasi_jenis_kain_glcm_knn\dataset\Denim\denim_143.png,Denim,56.37667219504413,42.09489369674834,5.461950873855191,2.19934095623077,0.1925734303106774,0.07598564120324731,0.033753084871467394,0.00651152190884684,0.8087624863490817,0.14263926896862367,0.0011816706559098732,0.00047910034656531783
C:\Users\Fakhri\Downloads\klasifikasi_jenis_kain_glcm_knn\klasifikasi_jenis_kain_glcm_knn\dataset\Denim\denim_144.png,Denim,51.76135413512974,35.0919499656092,5.18204995016021,1.900668066408969,0.20871167621714892,0.06989743892575906,0.034123072253062846,0.006243565473811936,0.8182081659890054,0.12319765555848002,0.0012033661698135241,0.0004549231006113573
C:\Users\Fakhri\Downloads\klasifikasi_jenis_kain_glcm_knn\klasifikasi_jenis_kain_glcm_knn\dataset\Denim\denim_145.png,Denim,39.400681546267684,28.013260754414112,4.4863540045919565,1.6732595794805871,0.23734790460261282,0.07469152933104362,0.04804239898528476,0.008094600263061013,0.7732026357794582,0.1609759515695775,0.0023735946536800373,0.0008235801924003303
C:\Users\Fakhri\Downloads\klasifikasi_jenis_kain_glcm_knn\klasifikasi_jenis_kain_glcm_knn\dataset\Denim\denim_146.png,Denim,50.14056175291778,34.18688675759515,5.0772592171057935,1.8798324239189366,0.21419588492146804,0.07217176058969776,0.04391473383796324,0.00742948977186577,0.7353357630297411,0.18020150964059,0.0019837011663294117,0.0006956551115779148
C:\Users\Fakhri\Downloads\klasifikasi_jenis_kain_glcm_knn\klasifikasi_jenis_kain_glcm_knn\dataset\Denim\denim_147.png,Denim,46.56203455896875,33.04556608112421,4.823511502699657,1.8110002507085088,0.2268104331103202,0.07306352353009471,0.04618708313871451,0.00773217496869545,0.7589077424927154,0.17170276859553246,0.002193033178609047,0.0007574716377801197
C:\Users\Fakhri\Downloads\klasifikasi_jenis_kain_glcm_knn\klasifikasi_jenis_kain_glcm_knn\dataset\Denim\denim_148.png,Denim,46.251000666046814,31.528541081439815,4.900466632252941,1.7864926807520027,0.2182358237455719,0.0708569187457089,0.0420353761350771,0.0070238360245004645,0.7871939519711364,0.1450042485828299,0.0018163071193164802,0.0006249206910330638
C:\Users\Fakhri\Downloads\klasifikasi_jenis_kain_glcm_knn\klasifikasi_jenis_kain_glcm_knn\dataset\Denim\denim_149.png,Denim,42.27429833924362,27.46885798287169,4.647254729173345,1.64299458062752,0.23163739206449718,0.06784048531336946,0.05096271002703001,0.007908560047156047,0.7121821687293354,0.1868478915735996,0.0026597431353186183,0.000830934682096733
C:\Users\Fakhri\Downloads\klasifikasi_jenis_kain_glcm_knn\klasifikasi_jenis_kain_glcm_knn\dataset\Denim\denim_150.png,Denim,49.98681215106755,34.47141866060831,5.041006493969646,1.8545493060449325,0.21911896855508287,0.06597556620715389,0.04650234535659753,0.007386403107999935,0.7419784365844833,0.17780663797438442,0.0022170270745381386,0.0007068912468824143
C:\Users\Fakhri\Downloads\klasifikasi_jenis_kain_glcm_knn\klasifikasi_jenis_kain_glcm_knn\dataset\Denim\denim_151.png,Denim,48.258227310860995,31.490644511035335,4.926995051840231,1.7577442463682822,0.22288894005767912,0.06823588681903839,0.04855142735579393,0.0075613904827955235,0.705182874349683,0.19223124407717007,0.0024144157243182465,0.0007599785434249996
C:\Users\Fakhri\Downloads\klasifikasi_jenis_kain_glcm_knn\klasifikasi_jenis_kain_glcm_knn\dataset\Denim\denim_152.png,Denim,53.587228773302435,37.11673058239132,5.218400569387004,1.8980799305441651,0.21236572966041897,0.06336093574351309,0.04352133963204852,0.0068497876909367535,0.7669419244332055,0.1612222189763338,0.0019410265947790264,0.0006146986629381336
C:\Users\Fakhri\Downloads\klasifikasi_jenis_kain_glcm_knn\klasifikasi_jenis_kain_glcm_knn\dataset\Denim\denim_153.png,Denim,29.73673808632931,19.527027666659002,3.9577175471089228,1.3864998582579287,0.24907471600241962,0.07270570691019136,0.04452604939869151,0.007095694920940267,0.8482713927314783,0.09955415336014388,0.002032917961465774,0.0006482215540049904
C:\Users\Fakhri\Downloads\klasifikasi_jenis_kain_glcm_knn\klasifikasi_jenis_kain_glcm_knn\dataset\Denim\denim_154.png,Denim,37.668120501476714,26.848631059792755,4.449080249838643,1.6671445472221575,0.22986381173418893,0.07184728148202434,0.03962595953967328,0.0066279837491010655,0.8644693013572554,0.09651996080138264,0.0016141468380181717,0.000541902024990677
C:\Users\Fakhri\Downloads\klasifikasi_jenis_kain_glcm_knn\klasifikasi_jenis_kain_glcm_knn\dataset\Denim\denim_155.png,Denim,31.165821744074666,20.497198241442753,4.040601766260007,1.4168620704816075,0.24628069862941557,0.07236079523514001,0.042349131348795345,0.006828441190664862,0.8670863819408275,0.08740484816827794,0.001840076535091889,0.0005951285559651417
C:\Users\Fakhri\Downloads\klasifikasi_jenis_kain_glcm_knn\klasifikasi_jenis_kain_glcm_knn\dataset\Denim\denim_156.png,Denim,37.02356518789456,25.65433890915444,4.436223770243533,1.604442807964258,0.2267658843932602,0.06928283853267875,0.03799676786318439,0.00628315052653839,0.8773427508539203,0.08502656246498741,0.0014832323485878618,0.0004950243653356702
C:\Users\Fakhri\Downloads\klasifikasi_jenis_kain_glcm_knn\klasifikasi_jenis_kain_glcm_knn\dataset\Denim\denim_157.png,Denim,29.138499867367685,19.993155664932527,3.915767085602442,1.395595613595969,0.25153787452450094,0.07402440927082803,0.04385580513746556,0.007138193200242086,0.8705675121109846,0.08874414528844163,0.001974285446419332,0.000651572701109871
C:\Users\Fakhri\Downloads\klasifikasi_jenis_kain_glcm_knn\klasifikasi_jenis_kain_glcm_knn\dataset\Denim\denim_158.png,Denim,35.8850646879075,26.00024880505836,4.3268268844915445,1.6153832994140154,0.23585048550400534,0.07339697490309657,0.03970819805103665,0.006769584162205356,0.878559565323043,0.0878562175690148,0.0016225682621895318,0.000566008334010698
C:\Users\Fakhri\Downloads\klasifikasi_jenis_kain_glcm_knn\klasifikasi_jenis_kain_glcm_knn\dataset\Denim\denim_159.png,Denim,31.903092475849828,21.6808033112327,4.064870848048094,1.4383304374399504,0.24699812876730232,0.0723103280806853,0.04303564093207026,0.0069442785009387045,0.8674742021748928,0.08996911030440609,0.0019002893943326803,0.0006226227651210069
C:\Users\Fakhri\Downloads\klasifikasi_jenis_kain_glcm_knn\klasifikasi_jenis_kain_glcm_knn\dataset\Denim\denim_160.png,Denim,39.49203320306379,28.69332226827603,4.511050513923446,1.6943124427394076,0.23005700105053303,0.07202285012021678,0.038457309337296436,0.0065454263784035915,0.8784143173185338,0.0883417087487168,0.001521807247939609,0.0005290972734330574
C:\Users\Fakhri\Downloads\klasifikasi_jenis_kain_glcm_knn\klasifikasi_jenis_kain_glcm_knn\dataset\Denim\denim_161.png,Denim,29.242877127972182,17.65552544507733,3.932027300270828,1.2676207802642567,0.2496159543854346,0.0678273988852772,0.04555308943372039,0.006689467192675762,0.832348634153464,0.10116518591488108,0.002119832928278414,0.0006239930485265363
C:\Users\Fakhri\Downloads\klasifikasi_jenis_kain_glcm_knn\klasifikasi_jenis_kain_glcm_knn\dataset\Denim\denim_162.png,Denim,40.245902919726994,27.67459139097825,4.56483720985713,1.653826590144089,0.22866198598362444,0.06844343417788724,0.04081622904200637,0.00640825830243851,0.8472729658354067,0.10493502124953333,0.0017070303276802963,0.0005377296182969388
C:\Users\Fakhri\Downloads\klasifikasi_jenis_kain_glcm_knn\klasifikasi_jenis_kain_glcm_knn\dataset\Denim\denim_163.png,Denim,37.70978701184144,24.025233156199924,4.415893970251159,1.5153239709002537,0.2324424691954211,0.06781580821577307,0.041907801984891614,0.006407932106539962,0.8334616102278495,0.10596924127494477,0.0017973254610869113,0.0005499616445667636
C:\Users\Fakhri\Downloads\klasifikasi_jenis_kain_glcm_knn\klasifikasi_jenis_kain_glcm_knn\dataset\Denim\denim_164.png,Denim,43.16048801965559,27.51511184532329,4.770338553688883,1.6044614088222582,0.21631068322171712,0.06290686376069167,0.03767925812420022,0.0057118918844039634,0.844164892671818,0.09921803502682942,0.001452352201689228,0.0004439170435509438
C:\Users\Fakhri\Downloads\klasifikasi_jenis_kain_glcm_knn\klasifikasi_jenis_kain_glcm_knn\dataset\Denim\denim_165.png,Denim,50.364203465965375,39.86367624777822,5.205379312816697,2.1735319240684645,0.20286206528560516,0.0798035486566296,0.03729466358807496,0.006952112901480373,0.8287171042777494,0.13551491353216813,0.0014392238059426146,0.0005595473509832877
C:\Users\Fakhri\Downloads\klasifikasi_jenis_kain_glcm_knn\klasifikasi_jenis_kain_glcm_knn\dataset\Denim\denim_166.png,Denim,48.02557184258276,36.17418957873549,5.068691990453269,2.031016852240855,0.2080082974611821,0.07712406972577575,0.0374059503579836,0.006827820422312869,0.8285458361596789,0.1290787428426808,0.0014458242539032863,0.0005482438301752071
C:\Users\Fakhri\Downloads\klasifikasi_jenis_kain_glcm_knn\klasifikasi_jenis_kain_glcm_knn\dataset\Denim\denim_167.png,Denim,51.11193161863929,40.2228167277306,5.22138926044476,2.1611698864230533,0.2037897776500819,0.07738315907565521,0.036110832398454355,0.006740709654427432,0.8406756859264508,0.12534688246897807,0.0013494293831545516,0.0005234467167366637
C:\Users\Fakhri\Downloads\klasifikasi_jenis_kain_glcm_knn\klasifikasi_jenis_kain_glcm_knn\dataset\Denim\denim_168.png,Denim,50.631068530186575,37.22602541337059,5.19647309042199,2.034333648115891,0.20546284198706274,0.07297487694995573,0.03416955226801006,0.006250125079104469,0.8493791122392668,0.11072468478520185,0.0012066223657007217,0.0004568923926960482
C:\Users\Fakhri\Downloads\klasifikasi_jenis_kain_glcm_knn\klasifikasi_jenis_kain_glcm_knn\dataset\Denim\denim_169.png,Denim,43.72863113529608,29.502010039040655,4.882946841075101,1.8147052830792163,0.20916379724718204,0.07018390784730959,0.038573699462172546,0.006419990384178326,0.8003918866704898,0.13455685367786055,0.0015291465667309526,0.0005058331702442336
C:\Users\Fakhri\Downloads\klasifikasi_jenis_kain_glcm_knn\klasifikasi_jenis_kain_glcm_knn\dataset\Denim\denim_170.png,Denim,53.7869498257724,38.1831817108791,5.410248691780445,2.1306809318857436,0.1966379917351175,0.07000863713584426,0.03524473371363689,0.006134589092989973,0.8135338727842397,0.13225603382257195,0.0012798244378850042,0.00044166034606882493
C:\Users\Fakhri\Downloads\klasifikasi_jenis_kain_glcm_knn\klasifikasi_jenis_kain_glcm_knn\dataset\Denim\denim_171.png,Denim,52.035244914001005,36.178300770819966,5.3006702319461185,2.0384601250542342,0.19754804937985485,0.06921075769139834,0.03583310617818094,0.0061021520499431395,0.8030710844254022,0.1367970042129663,0.001321247758017414,0.00044649272629444266
C:\Users\Fakhri\Downloads\klasifikasi_jenis_kain_glcm_knn\klasifikasi_jenis_kain_glcm_knn\dataset\Denim\denim_172.png,Denim,55.02910762344914,38.08256533705491,5.472267011314103,2.0769058787462606,0.1937616352775192,0.06586287292487591,0.03351211689074416,0.005679730968325389,0.830829943368138,0.11698566191635963,0.001155321322371454,0.00038879611340753164
C:\Users\Fakhri\Downloads\klasifikasi_jenis_kain_glcm_knn\klasifikasi_jenis_kain_glcm_knn\dataset\Denim\denim_173.png,Denim,12.199417197123013,6.751053767866648,2.4273068189769305,0.7526888574987662,0.3786617242023849,0.08275363844810485,0.1056986330181554,0.014309379816234157,0.6798477024945799,0.17733567407709752,0.011376959372631936,0.0030781433967803926
C:\Users\Fakhri\Downloads\klasifikasi_jenis_kain_glcm_knn\klasifikasi_jenis_kain_glcm_knn\dataset\Denim\denim_174.png,Denim,11.113916019049933,6.19342611628084,2.320760041274885,0.717340938589232,0.3836063188425247,0.08307571162064778,0.10300423694939502,0.013896031855378596,0.6988608552649276,0.16778561789662877,0.010802972530852807,0.002912789017123125
C:\Users\Fakhri\Downloads\klasifikasi_jenis_kain_glcm_knn\klasifikasi_jenis_kain_glcm_knn\dataset\Denim\denim_175.png,Denim,17.774839111318652,10.139395826422929,2.8702553446707704,0.9104244072569032,0.3433711998389317,0.08005790893836287,0.09265500168398945,0.012850860791243486,0.682945254922792,0.18087255498121754,0.008750093960136008,0.0024271547605305174
C:\Users\Fakhri\Downloads\klasifikasi_jenis_kain_glcm_knn\klasifikasi_jenis_kain_glcm_knn\dataset\Denim\denim_176.png,Denim,14.04541968993579,7.199987947133299,2.707386465646465,0.7771904400962127,0.33659557713682164,0.07536410346464863,0.08301312684579996,0.010770408498254657,0.703555467737193,0.15189590840075556,0.007007180927936152,0.0018265964613560018
C:\Users\Fakhri\Downloads\klasifikasi_jenis_kain_glcm_knn\klasifikasi_jenis_kain_glcm_knn\dataset\Denim\denim_177.png,Denim,11.774951060987071,6.966480492843234,2.353656379131675,0.7687738678653343,0.3884018596126298,0.08740897525040928,0.1092657124301543,0.015341328227924361,0.6815206854661781,0.18790992324924735,0.012174352264666085,0.0034634006160708785
C:\Users\Fakhri\Downloads\klasifikasi_jenis_kain_glcm_knn\klasifikasi_jenis_kain_glcm_knn\dataset\Denim\denim_178.png,Denim,13.117743936339812,7.260312691964577,2.481426281519435,0.7546703853266551,0.37517426255898106,0.07943183432261688,0.10161327591192748,0.013584011804491165,0.6970055403670035,0.16734211024550913,0.010509783218258054,0.0028321861076909117
C:\Users\Fakhri\Downloads\klasifikasi_jenis_kain_glcm_knn\klasifikasi_jenis_kain_glcm_knn\dataset\Denim\denim_179.png,Denim,15.678954824934687,9.056988867433747,2.753588457628529,0.8828034535116832,0.34744101455390747,0.08348096855407136,0.09217650296490965,0.013227478885386475,0.6845791318096811,0.1825842802432448,0.008671473896503341,0.002521766824227294
C:\Users\Fakhri\Downloads\klasifikasi_jenis_kain_glcm_knn\klasifikasi_jenis_kain_glcm_knn\dataset\Denim\denim_180.png,Denim,13.563090882719932,7.192556456965721,2.5942833269920857,0.7539215344014238,0.3563487429830832,0.0753320558224313,0.08903214475391795,0.011604988428394962,0.7331284987850486,0.14134223679029026,0.008061398555905779,0.002118333861990807
C:\Users\Fakhri\Downloads\klasifikasi_jenis_kain_glcm_knn\klasifikasi_jenis_kain_glcm_knn\dataset\Denim\denim_181.png,Denim,40.77656585282113,30.284637685856023,4.452736693104767,1.7226559430343846,0.24982776147081995,0.07569632920413441,0.05336398303541828,0.00878380816493872,0.7727259381512709,0.16862221660419188,0.0029248699712828533,0.000980164989929282
C:\Users\Fakhri\Downloads\klasifikasi_jenis_kain_glcm_knn\klasifikasi_jenis_kain_glcm_knn\dataset\Denim\denim_182.png,Denim,44.09021842473072,31.92209900966752,4.702676686478449,1.8030396321559021,0.2338800009075079,0.07444128342982236,0.04965254590143763,0.008244715359969792,0.7571052326872315,0.17568695121320965,0.002533350645861292,0.0008599391326488823
C:\Users\Fakhri\Downloads\klasifikasi_jenis_kain_glcm_knn\klasifikasi_jenis_kain_glcm_knn\dataset\Denim\denim_183.png,Denim,49.365304853933225,36.08984348804902,4.8847027111262005,1.8781886797566965,0.2341846952113147,0.07284684855074132,0.048606556709075786,0.0080724351684468,0.7728608660920151,0.16616408601933985,0.002427761564661378,0.0008229455725306828
C:\Users\Fakhri\Downloads\klasifikasi_jenis_kain_glcm_knn\klasifikasi_jenis_kain_glcm_knn\dataset\Denim\denim_184.png,Denim,49.066179814241416,35.47300943344,4.968587461595615,1.8957862291904617,0.22468221076428765,0.07166500735193033,0.04454260279342593,0.007469585314332813,0.787926101550183,0.15330291486988978,0.0020398381683810122,0.0006958750587490715
C:\Users\Fakhri\Downloads\klasifikasi_jenis_kain_glcm_knn\klasifikasi_jenis_kain_glcm_knn\dataset\Denim\denim_185.png,Denim,30.277573437718498,20.336036973541283,3.9900056041497627,1.4150487326580505,0.2497927481507056,0.07450231515213353,0.05034552621786617,0.008210167176007682,0.7925602218093383,0.13915625741732296,0.0026020788552118435,0.0008701073966513255
C:\Users\Fakhri\Downloads\klasifikasi_jenis_kain_glcm_knn\klasifikasi_jenis_kain_glcm_knn\dataset\Denim\denim_186.png,Denim,35.68684248524343,26.382631240146683,4.3324294688333795,1.6726536889913417,0.23520148510028438,0.07798039918459514,0.04679217324624669,0.008232650002773364,0.7993840938258229,0.14818099103116053,0.0022572840031749287,0.0008216735360621738
C:\Users\Fakhri\Downloads\klasifikasi_jenis_kain_glcm_knn\klasifikasi_jenis_kain_glcm_knn\dataset\Denim\denim_187.png,Denim,29.21238237643333,19.273914571905962,3.9159697285910244,1.3750307128568602,0.2515059461046915,0.0754893199484981,0.05161694761523011,0.00829767651798939,0.7980538273275921,0.1330169782349809,0.002733160716710602,0.0009032112695217208
C:\Users\Fakhri\Downloads\klasifikasi_jenis_kain_glcm_knn\klasifikasi_jenis_kain_glcm_knn\dataset\Denim\denim_188.png,Denim,42.23156924692214,30.607028594459415,4.770550061008843,1.81537452611453,0.21413661464876277,0.0729437408590192,0.04151152934433106,0.007266699975607194,0.792171580112123,0.1505653541467276,0.0017760119970407487,0.0006434377318025112
C:\Users\Fakhri\Downloads\klasifikasi_jenis_kain_glcm_knn\klasifikasi_jenis_kain_glcm_knn\dataset\Denim\denim_189.png,Denim,28.895758285731862,20.041205428637944,3.924889685158874,1.4462580028652716,0.24759074304158513,0.07602965168922983,0.04494069530620826,0.007621320187951247,0.8417119829184321,0.10977210282005284,0.002077750616012723,0.0007024845663144105
C:\Users\Fakhri\Downloads\klasifikasi_jenis_kain_glcm_knn\klasifikasi_jenis_kain_glcm_knn\dataset\Denim\denim_190.png,Denim,38.01479469163039,27.390491296736933,4.496506627291075,1.7424512186654444,0.22697151213912536,0.07391487183612065,0.03925878969524962,0.006890582758448641,0.8536544277324376,0.10541869073716735,0.0015887326990868674,0.0005537943649294921
C:\Users\Fakhri\Downloads\klasifikasi_jenis_kain_glcm_knn\klasifikasi_jenis_kain_glcm_knn\dataset\Denim\denim_191.png,Denim,34.154333429219456,23.73454833298012,4.254255328175538,1.5886023844414952,0.23589156990037338,0.0750596005746701,0.042124533786375734,0.00728382698010798,0.8298974713541473,0.11820063379419793,0.0018275304821956594,0.0006298417521043183
C:\Users\Fakhri\Downloads\klasifikasi_jenis_kain_glcm_knn\klasifikasi_jenis_kain_glcm_knn\dataset\Denim\denim_192.png,Denim,37.14742314165154,25.72534475628429,4.481630548988803,1.6713766727581776,0.22430122983438286,0.07199681899273828,0.03711819456944659,0.006512987107951877,0.8633045733419321,0.09461332457263126,0.001420179369163641,0.0004949561658944831
C:\Users\Fakhri\Downloads\klasifikasi_jenis_kain_glcm_knn\klasifikasi_jenis_kain_glcm_knn\dataset\Denim\denim_193.png,Denim,53.160779835464375,31.11115643557125,5.393093451761601,1.712572092765906,0.18670738161821368,0.05619788055154193,0.04154152200855827,0.005448911326491404,0.6732022871182403,0.1911190360070443,0.0017553886854314983,0.00046705843778110066
C:\Users\Fakhri\Downloads\klasifikasi_jenis_kain_glcm_knn\klasifikasi_jenis_kain_glcm_knn\dataset\Denim\denim_194.png,Denim,49.158295061744774,26.909904128220848,5.260801821635388,1.5936205189198713,0.18855694195523898,0.05484362707876942,0.040443872508069835,0.005335549867802496,0.6827074662030631,0.173577938712061,0.0016641749158408145,0.0004440782192241724
C:\Users\Fakhri\Downloads\klasifikasi_jenis_kain_glcm_knn\klasifikasi_jenis_kain_glcm_knn\dataset\Denim\denim_195.png,Denim,57.92950759255296,33.18941107649605,5.633962629020306,1.7763647996690868,0.17966408328679417,0.05535341514968901,0.03927994808939507,0.005187304551214561,0.6746477155970214,0.18623113274541567,0.0015698224504126224,0.00042001780911523457
C:\Users\Fakhri\Downloads\klasifikasi_jenis_kain_glcm_knn\klasifikasi_jenis_kain_glcm_knn\dataset\Denim\denim_196.png,Denim,55.87770129433883,30.01520950771505,5.64189273040726,1.678306855397923,0.17701480987583085,0.05164628273114865,0.035705769098742283,0.004793232121398347,0.7130279197360042,0.1541041804928194,0.001297877021102304,0.00035225004805659996
C:\Users\Fakhri\Downloads\klasifikasi_jenis_kain_glcm_knn\klasifikasi_jenis_kain_glcm_knn\dataset\Denim\denim_197.png,Denim,48.481418875667394,30.49231184217174,5.145824260892085,1.7431040312015498,0.19643314073638596,0.06274713296192923,0.0441437103901667,0.006553943713610401,0.6466995879035121,0.22199895096530933,0.001991621345212085,0.000612011328317886
C:\Users\Fakhri\Downloads\klasifikasi_jenis_kain_glcm_knn\klasifikasi_jenis_kain_glcm_knn\dataset\Denim\denim_198.png,Denim,47.23410562949895,26.761838550557254,5.092329886719165,1.5864088010259862,0.19894902531128347,0.05766675418988832,0.04392395638899107,0.0060624618447164816,0.662478910678015,0.19115304848711365,0.001966067388480633,0.0005519367064793679
C:\Users\Fakhri\Downloads\klasifikasi_jenis_kain_glcm_knn\klasifikasi_jenis_kain_glcm_knn\dataset\Denim\denim_199.png,Denim,57.22617588299644,35.2039389647348,5.560345813084962,1.8811048464037443,0.18747500687253318,0.060612097598475065,0.04173172385749202,0.006182325226561642,0.6420189715473077,0.220037434285377,0.0017797579213249491,0.0005456001819114492
C:\Users\Fakhri\Downloads\klasifikasi_jenis_kain_glcm_knn\klasifikasi_jenis_kain_glcm_knn\dataset\Denim\denim_200.png,Denim,55.041855399102865,31.656309812790717,5.5054700663350085,1.734899301180752,0.18669153196785201,0.05548704991652838,0.03826077650156967,0.005422978793388016,0.7041128601655426,0.17010976049771057,0.0014932957174966022,0.00042906867159126915
C:\Users\Fakhri\Downloads\klasifikasi_jenis_kain_glcm_knn\klasifikasi_jenis_kain_glcm_knn\dataset\Nylon\nylon_001.png,Nylon,8.073079521703773,3.4894570430301775,2.1230179001702507,0.5184900956858473,0.3777675590208678,0.07476470444620884,0.1045569368748388,0.011525149153004708,0.6618838040548217,0.14617112477072247,0.01106498211164803,0.0025036272377052205
C:\Users\Fakhri\Downloads\klasifikasi_jenis_kain_glcm_knn\klasifikasi_jenis_kain_glcm_knn\dataset\Nylon\nylon_002.png,Nylon,10.281237128885797,4.678338896926038,2.456418127130097,0.6303715893738351,0.33425354767375426,0.07632429049699632,0.09381996809646902,0.01083458340644712,0.6528764249875737,0.15820949163771936,0.008919574611213723,0.0021077043992950915
C:\Users\Fakhri\Downloads\klasifikasi_jenis_kain_glcm_knn\klasifikasi_jenis_kain_glcm_knn\dataset\Nylon\nylon_003.png,Nylon,9.990381652239753,4.356943913591445,2.3748673666367606,0.5883956758346237,0.35347003544217787,0.07336329433295782,0.0945780505052236,0.011344499250174762,0.6983061785157183,0.13181731843623742,0.009073705300605838,0.002224498968997336
C:\Users\Fakhri\Downloads\klasifikasi_jenis_kain_glcm_knn\klasifikasi_jenis_kain_glcm_knn\dataset\Nylon\nylon_004.png,Nylon,9.132576634732974,4.378957043915845,2.340817689672043,0.6142178724017986,0.3401775825783872,0.07782364023955599,0.09209087341976445,0.010753847135975762,0.7326546398531931,0.12874468531729863,0.00859637419543901,0.0020467251979888355
C:\Users\Fakhri\Downloads\klasifikasi_jenis_kain_glcm_knn\klasifikasi_jenis_kain_glcm_knn\dataset\Nylon\nylon_005.png,Nylon,6.8624169275773435,2.932334553253606,1.8793936938126425,0.45778447786864146,0.43147114735315206,0.0697769165920929,0.12154483535855147,0.012078265185743987,0.7816451460686459,0.09320576147283004,0.014919031492234535,0.003000478391362758
C:\Users\Fakhri\Downloads\klasifikasi_jenis_kain_glcm_knn\klasifikasi_jenis_kain_glcm_knn\dataset\Nylon\nylon_006.png,Nylon,9.104445112104079,3.94870531337911,2.252671453537768,0.5477639477489538,0.3731361316598407,0.06704339454263253,0.10653126692132807,0.011386443924277461,0.7371260646177645,0.11393507067966435,0.01147856193710396,0.0024710577072537946
C:\Users\Fakhri\Downloads\klasifikasi_jenis_kain_glcm_knn\klasifikasi_jenis_kain_glcm_knn\dataset\Nylon\nylon_007.png,Nylon,9.702490689956685,4.305286532054549,2.261621549633492,0.5659454058521951,0.3889745806684664,0.0671106552442117,0.11307475389768179,0.011901430129927972,0.7561395650558086,0.10802575674259425,0.01292754400815886,0.002743476438977045
C:\Users\Fakhri\Downloads\klasifikasi_jenis_kain_glcm_knn\klasifikasi_jenis_kain_glcm_knn\dataset\Nylon\nylon_008.png,Nylon,7.770086087711731,3.3557414315690117,2.0564718158176385,0.4961271060384814,0.40529674431426616,0.06502389136278007,0.11330159825415108,0.011085593609215563,0.817172153011899,0.07894884392410059,0.012960142552613728,0.002553319129281373
C:\Users\Fakhri\Downloads\klasifikasi_jenis_kain_glcm_knn\klasifikasi_jenis_kain_glcm_knn\dataset\Nylon\nylon_009.png,Nylon,8.39424496435838,3.793073899524551,2.1700000316277186,0.555762069733959,0.3734199711573663,0.0794613055459085,0.10896607805930913,0.012165397098960544,0.6320397180255396,0.16620277645106524,0.012021603054202844,0.00277331216785233
C:\Users\Fakhri\Downloads\klasifikasi_jenis_kain_glcm_knn\klasifikasi_jenis_kain_glcm_knn\dataset\Nylon\nylon_010.png,Nylon,11.355491317043525,4.645825975513796,2.5753719870198153,0.6162235707739853,0.32316252143159774,0.07213712032107919,0.08946432265440359,0.010070455401828814,0.6206060034921225,0.155177128633289,0.008105279100011452,0.0018930343675251718
C:\Users\Fakhri\Downloads\klasifikasi_jenis_kain_glcm_knn\klasifikasi_jenis_kain_glcm_knn\dataset\Nylon\nylon_011.png,Nylon,11.571572292722982,5.2731454680553975,2.5376948390467216,0.6509235349473756,0.34165345516561074,0.07581327487534142,0.09768028867260055,0.011777665124673133,0.6696631924516468,0.15055830029622236,0.009680152190951518,0.0023880331525416533
C:\Users\Fakhri\Downloads\klasifikasi_jenis_kain_glcm_knn\klasifikasi_jenis_kain_glcm_knn\dataset\Nylon\nylon_012.png,Nylon,9.579962327396707,4.340265573311013,2.3810731964153677,0.6016687362105922,0.3405709396359516,0.07462649017110368,0.0884366701172179,0.010501550282162687,0.7323429814420442,0.12176616412243323,0.007931327179750413,0.0019308982580413339
C:\Users\Fakhri\Downloads\klasifikasi_jenis_kain_glcm_knn\klasifikasi_jenis_kain_glcm_knn\dataset\Nylon\nylon_013.png,Nylon,12.812049087526873,5.425709561767889,2.697602934767605,0.6509998088038003,0.31460571102886137,0.07034337746435952,0.07766054060365664,0.009200119817950674,0.6985281067756842,0.12805888320297615,0.006115801771516848,0.0014914321308733896
C:\Users\Fakhri\Downloads\klasifikasi_jenis_kain_glcm_knn\klasifikasi_jenis_kain_glcm_knn\dataset\Nylon\nylon_014.png,Nylon,22.579566131653735,8.993824873951743,3.497546992248066,0.8391850693213116,0.2605747620342553,0.06325248698390169,0.06696418082171852,0.008010225043615496,0.6523004331204892,0.13863978147675665,0.0045483652183731784,0.0011114621172291866
C:\Users\Fakhri\Downloads\klasifikasi_jenis_kain_glcm_knn\klasifikasi_jenis_kain_glcm_knn\dataset\Nylon\nylon_015.png,Nylon,15.003009686102338,6.510870375560941,2.954873409559554,0.7313378074756276,0.2916031252662658,0.06879819760142541,0.06924478739542454,0.00830495794771345,0.743795622308531,0.11151519411145207,0.0048638129079508355,0.0011957985630288662
C:\Users\Fakhri\Downloads\klasifikasi_jenis_kain_glcm_knn\klasifikasi_jenis_kain_glcm_knn\dataset\Nylon\nylon_016.png,Nylon,17.354180045319655,8.09153984147561,3.227959016078895,0.8409730401078143,0.2640897742842203,0.06690715506501482,0.06053388378000441,0.007697667158520887,0.7781358776954913,0.10361348446982573,0.0037236051651744523,0.00096152718573965
C:\Users\Fakhri\Downloads\klasifikasi_jenis_kain_glcm_knn\klasifikasi_jenis_kain_glcm_knn\dataset\Nylon\nylon_017.png,Nylon,13.720361202484254,5.9008382787375275,2.8345387169275966,0.6943106627919912,0.3041420037534691,0.06595122305678054,0.07823718469829584,0.008475008918386937,0.6691581767498337,0.14193299113870503,0.006192882845681993,0.001366478968722049
C:\Users\Fakhri\Downloads\klasifikasi_jenis_kain_glcm_knn\klasifikasi_jenis_kain_glcm_knn\dataset\Nylon\nylon_018.png,Nylon,18.25187743505497,7.696138473727427,3.2488228674871027,0.7765342816019352,0.276473765184125,0.05973925180279524,0.07162043665384644,0.007387194028482054,0.5971165046904273,0.16965830551027306,0.005184057582102069,0.001082307046769295
C:\Users\Fakhri\Downloads\klasifikasi_jenis_kain_glcm_knn\klasifikasi_jenis_kain_glcm_knn\dataset\Nylon\nylon_019.png,Nylon,20.788992027463472,9.138567420428481,3.4067509959044195,0.8556704918653513,0.2775785540270588,0.06261509780636096,0.07221011712111174,0.008285620402707044,0.6507685835443573,0.15327574649210313,0.00528295252010243,0.0012327430842479174
C:\Users\Fakhri\Downloads\klasifikasi_jenis_kain_glcm_knn\klasifikasi_jenis_kain_glcm_knn\dataset\Nylon\nylon_020.png,Nylon,17.517685657770834,7.419517048846273,3.204652962738944,0.7704056450501438,0.2772666746443306,0.06114050670656343,0.06651106650785539,0.00733757650939711,0.7455552647360538,0.10771828491700541,0.00447756199704362,0.0010000528023891607
C:\Users\Fakhri\Downloads\klasifikasi_jenis_kain_glcm_knn\klasifikasi_jenis_kain_glcm_knn\dataset\Nylon\nylon_021.png,Nylon,5.728577649089381,3.0731604072844436,1.7956064038759862,0.531939329803362,0.4201059596727781,0.0876588121627488,0.09908099061750525,0.013252716465269257,0.8190651682442636,0.0973702234836975,0.009992677195454984,0.002690878661571279
C:\Users\Fakhri\Downloads\klasifikasi_jenis_kain_glcm_knn\klasifikasi_jenis_kain_glcm_knn\dataset\Nylon\nylon_022.png,Nylon,8.506582883742348,4.967479498452982,2.1871954382057037,0.6970739436684172,0.3688487410278782,0.09099656590777466,0.09252614228537455,0.01365792111907691,0.7590913825983668,0.14100849074160393,0.008747625815508302,0.002633055264014626
C:\Users\Fakhri\Downloads\klasifikasi_jenis_kain_glcm_knn\klasifikasi_jenis_kain_glcm_knn\dataset\Nylon\nylon_023.png,Nylon,6.037277037146431,3.3277899102506705,1.862559930793985,0.5643241016514275,0.40744342225940827,0.08908652806621635,0.08498543627809013,0.012170489953894529,0.8777054707770201,0.06755216495369513,0.007370645205095165,0.002118269949615866
C:\Users\Fakhri\Downloads\klasifikasi_jenis_kain_glcm_knn\klasifikasi_jenis_kain_glcm_knn\dataset\Nylon\nylon_024.png,Nylon,7.432425263854076,4.29517092768036,2.0891087674576707,0.6612957720523149,0.37273555446771267,0.09236193352822447,0.07343745928122943,0.011202982549574563,0.8980030986975466,0.059273512037010236,0.0055185672436883,0.0017238716875953028
C:\Users\Fakhri\Downloads\klasifikasi_jenis_kain_glcm_knn\klasifikasi_jenis_kain_glcm_knn\dataset\Nylon\nylon_025.png,Nylon,9.72292728701122,5.540320239230554,2.3669088937382887,0.7563181954269039,0.3431279255124131,0.0927378689830688,0.0892533381823193,0.012475001409759254,0.6999403538800152,0.17136332876347574,0.008121784036860952,0.0023017816801143777
C:\Users\Fakhri\Downloads\klasifikasi_jenis_kain_glcm_knn\klasifikasi_jenis_kain_glcm_knn\dataset\Nylon\nylon_026.png,Nylon,8.4275647668352,4.670938249109312,2.2187979941079776,0.6731221292795436,0.35822408565510105,0.08603353118441175,0.10244362644880073,0.012723443099377497,0.6065788400696603,0.21809411110295981,0.010656582604284521,0.0026785681762384376
C:\Users\Fakhri\Downloads\klasifikasi_jenis_kain_glcm_knn\klasifikasi_jenis_kain_glcm_knn\dataset\Nylon\nylon_027.png,Nylon,9.921865343986559,5.382091682293873,2.411480486624788,0.7330913199273174,0.3354540308877378,0.0872690922373268,0.07996664328414117,0.011320519875336527,0.7891458321031077,0.11465571144223112,0.006522818208380971,0.001859194170084902
C:\Users\Fakhri\Downloads\klasifikasi_jenis_kain_glcm_knn\klasifikasi_jenis_kain_glcm_knn\dataset\Nylon\nylon_028.png,Nylon,9.445063533033668,5.1453488011653645,2.322121611157854,0.684624143218924,0.3546254800847728,0.07936376835653061,0.07972622955071546,0.010837284683320007,0.7913448959726184,0.11417741748153866,0.006473718417680696,0.0017881592486391146
C:\Users\Fakhri\Downloads\klasifikasi_jenis_kain_glcm_knn\klasifikasi_jenis_kain_glcm_knn\dataset\Nylon\nylon_029.png,Nylon,25.477070980608953,13.833506939706805,3.4763999224163036,1.0700703169616148,0.31610254243593,0.07484230886756375,0.07479597724587819,0.011783116761234811,0.6944756667396672,0.16593943444130532,0.00573328005277482,0.00180785788188883
C:\Users\Fakhri\Downloads\klasifikasi_jenis_kain_glcm_knn\klasifikasi_jenis_kain_glcm_knn\dataset\Nylon\nylon_030.png,Nylon,45.784431340242655,26.470640690410573,4.374488885231982,1.4153186033504241,0.30651680541007276,0.0746017992658031,0.07541697587638664,0.012623932242386561,0.7094668710615677,0.1677430849665394,0.005847083915599852,0.0019597212487640825
C:\Users\Fakhri\Downloads\klasifikasi_jenis_kain_glcm_knn\klasifikasi_jenis_kain_glcm_knn\dataset\Nylon\nylon_031.png,Nylon,31.9231693691215,17.446841913484537,3.8831040695034393,1.2382610886621417,0.3028807468440283,0.07406447161934508,0.07686481202498256,0.012264178594174056,0.7142800961006203,0.15606795158507472,0.006058609404225702,0.0019253147624491498
C:\Users\Fakhri\Downloads\klasifikasi_jenis_kain_glcm_knn\klasifikasi_jenis_kain_glcm_knn\dataset\Nylon\nylon_032.png,Nylon,46.68565107287922,26.345240533748616,4.405514746956519,1.4185008557185863,0.3201595565610555,0.06971408952375764,0.08491371903698586,0.01286830383263885,0.7686300015880766,0.1304214940105418,0.0073759329242212785,0.002221843232293863
C:\Users\Fakhri\Downloads\klasifikasi_jenis_kain_glcm_knn\klasifikasi_jenis_kain_glcm_knn\dataset\Nylon\nylon_033.png,Nylon,34.33195388489494,19.705167232830288,3.755199858650135,1.2197346074494924,0.33979499120701123,0.07394243858267446,0.08906240110261644,0.013442693448425401,0.7599682717110806,0.13766949959022132,0.008112817297311675,0.002438808303820084
C:\Users\Fakhri\Downloads\klasifikasi_jenis_kain_glcm_knn\klasifikasi_jenis_kain_glcm_knn\dataset\Nylon\nylon_034.png,Nylon,26.11748596708169,14.579217099773862,3.7495787732526487,1.1904488765792076,0.2724916934952349,0.07320086453428781,0.06119606304235769,0.009735966538076018,0.7304939360651201,0.15042494736475162,0.0038397471763147516,0.0012288874307498224
C:\Users\Fakhri\Downloads\klasifikasi_jenis_kain_glcm_knn\klasifikasi_jenis_kain_glcm_knn\dataset\Nylon\nylon_035.png,Nylon,43.68495074038329,25.312152609857318,4.168905994822627,1.3677371137461705,0.3274503915894675,0.07464861598786608,0.09039853128645108,0.014050665490859496,0.7585013407421105,0.13977156123661424,0.008369315659483506,0.002595198980070812
C:\Users\Fakhri\Downloads\klasifikasi_jenis_kain_glcm_knn\klasifikasi_jenis_kain_glcm_knn\dataset\Nylon\nylon_036.png,Nylon,28.53624389251372,15.874060862668609,3.8054207004016853,1.1982540242298039,0.28551775372010485,0.07277904461041435,0.06663855017709212,0.011009172057734076,0.746987003941788,0.14095691713547198,0.004561898239101618,0.0015116500327626904
C:\Users\Fakhri\Downloads\klasifikasi_jenis_kain_glcm_knn\klasifikasi_jenis_kain_glcm_knn\dataset\Nylon\nylon_037.png,Nylon,14.890728393005626,7.433305365945093,2.8297496706667626,0.8062980076483047,0.3180519633630271,0.07595436825327301,0.07369433934786261,0.009875563070788858,0.690222777416869,0.1545619970331814,0.005528382397883059,0.0014928123583476261
C:\Users\Fakhri\Downloads\klasifikasi_jenis_kain_glcm_knn\klasifikasi_jenis_kain_glcm_knn\dataset\Nylon\nylon_038.png,Nylon,18.64559957925264,10.595228988621043,3.2234132708963656,1.011443651680702,0.28257026214466957,0.0782873216051751,0.06900997379023019,0.009611033673791857,0.6009291353084966,0.2263522764514152,0.004854748450807019,0.0014209230818390272
C:\Users\Fakhri\Downloads\klasifikasi_jenis_kain_glcm_knn\klasifikasi_jenis_kain_glcm_knn\dataset\Nylon\nylon_039.png,Nylon,17.893038332207375,8.955962819535626,3.061086191641286,0.8751524465308281,0.3071253351144582,0.07379140428275882,0.06584594579730436,0.009228492223223948,0.7495478356903363,0.12532676606388302,0.0044208536466556515,0.0012442544757475472
C:\Users\Fakhri\Downloads\klasifikasi_jenis_kain_glcm_knn\klasifikasi_jenis_kain_glcm_knn\dataset\Nylon\nylon_040.png,Nylon,25.688275697941418,15.419621998030662,3.7869037535819428,1.2545895067063013,0.2483825856098046,0.07714684408047483,0.05529272078018474,0.00846820072008194,0.6717575697103738,0.19712394692157428,0.003128995394711069,0.0010051032558534975
C:\Users\Fakhri\Downloads\klasifikasi_jenis_kain_glcm_knn\klasifikasi_jenis_kain_glcm_knn\dataset\Nylon\nylon_041.png,Nylon,16.516553625399535,9.745957686345774,3.032781936193075,0.9939292129282774,0.29520576001689597,0.08396049684149531,0.07139434102700414,0.010343163626285486,0.6404808946825412,0.21207531687460549,0.00520413296448028,0.0015543597172827071
C:\Users\Fakhri\Downloads\klasifikasi_jenis_kain_glcm_knn\klasifikasi_jenis_kain_glcm_knn\dataset\Nylon\nylon_042.png,Nylon,17.320824926463036,9.218275441751961,3.077496437383233,0.9160166652810904,0.29691523270576264,0.07483230050756319,0.06996310254736367,0.00963517440797509,0.6707572289538309,0.17519158865507264,0.0049876723039250235,0.0013875972393116711
C:\Users\Fakhri\Downloads\klasifikasi_jenis_kain_glcm_knn\klasifikasi_jenis_kain_glcm_knn\dataset\Nylon\nylon_043.png,Nylon,20.349767542378345,12.022671156951246,3.372953117928777,1.096473304709968,0.27248557610286045,0.07821382852309769,0.06313059648890852,0.00928655684889787,0.6621498325991834,0.19941647925412853,0.0040717123511532,0.001230026404271848
C:\Users\Fakhri\Downloads\klasifikasi_jenis_kain_glcm_knn\klasifikasi_jenis_kain_glcm_knn\dataset\Nylon\nylon_044.png,Nylon,16.726464672298633,8.886213762772991,3.027485895887622,0.895998480982703,0.2998676672867087,0.0755695133766522,0.05807922779072006,0.0083447602136723,0.8282730054617381,0.09139120751251588,0.0034428317237900374,0.0010004579319161076
C:\Users\Fakhri\Downloads\klasifikasi_jenis_kain_glcm_knn\klasifikasi_jenis_kain_glcm_knn\dataset\Nylon\nylon_045.png,Nylon,8.971054470273453,3.6511141634860658,2.23996134164854,0.48485001485302337,0.36409234325341466,0.0607067814613789,0.07059887828575294,0.007137993965791041,0.9067513020688502,0.03812371265132372,0.0050351525730622255,0.0010564422116545898
C:\Users\Fakhri\Downloads\klasifikasi_jenis_kain_glcm_knn\klasifikasi_jenis_kain_glcm_knn\dataset\Nylon\nylon_046.png,Nylon,5.160160835442047,2.1365505319673512,1.71166026091115,0.3948935008210811,0.43476830180699483,0.06894081154338855,0.09714672257520607,0.00922031796106819,0.9369826964103151,0.02615231529579161,0.009522499970407253,0.001840955463221217
C:\Users\Fakhri\Downloads\klasifikasi_jenis_kain_glcm_knn\klasifikasi_jenis_kain_glcm_knn\dataset\Nylon\nylon_047.png,Nylon,7.128955345412938,3.0019571525661624,1.929790050089995,0.43719859814575135,0.42669836794843014,0.06065681017583048,0.11168520833755291,0.009117391772973214,0.9314153055682929,0.029022353067296284,0.01255671259414448,0.002082729611062834
C:\Users\Fakhri\Downloads\klasifikasi_jenis_kain_glcm_knn\klasifikasi_jenis_kain_glcm_knn\dataset\Nylon\nylon_048.png,Nylon,5.568436240345605,2.4203543969542265,1.6698352574127853,0.38763846228979365,0.47371707324910184,0.06019110074741188,0.1388558463941752,0.008792750587986745,0.9579489779328493,0.018309365969147326,0.019358258540745313,0.00248203477374868
C:\Users\Fakhri\Downloads\klasifikasi_jenis_kain_glcm_knn\klasifikasi_jenis_kain_glcm_knn\dataset\Nylon\nylon_049.png,Nylon,5.677976953008399,2.252679729470407,1.7728808449992675,0.3874361935688158,0.4248946062492809,0.06736075769087,0.08646522558329084,0.008718529901531371,0.929727436624105,0.02802287470118011,0.007552247998813272,0.001546147894688975
C:\Users\Fakhri\Downloads\klasifikasi_jenis_kain_glcm_knn\klasifikasi_jenis_kain_glcm_knn\dataset\Nylon\nylon_050.png,Nylon,2.8067483467942416,1.0884863105057894,1.2302141580297394,0.27105853712070305,0.5298970560797821,0.06583360308866366,0.1435512882730923,0.009874753732227315,0.9693485514478214,0.011930543793142867,0.020704483126136593,0.0029027855616854657
C:\Users\Fakhri\Downloads\klasifikasi_jenis_kain_glcm_knn\klasifikasi_jenis_kain_glcm_knn\dataset\Nylon\nylon_051.png,Nylon,4.732591717911872,1.867383342875439,1.5510791764459837,0.3448717417209762,0.4860374468183055,0.06320499952319093,0.11534275009720552,0.00953303507342604,0.9616998787071062,0.01517788141099686,0.013394828757697576,0.0022266221517659025
C:\Users\Fakhri\Downloads\klasifikasi_jenis_kain_glcm_knn\klasifikasi_jenis_kain_glcm_knn\dataset\Nylon\nylon_052.png,Nylon,3.1837256901441653,1.3044157786479738,1.1895060135542952,0.2660263253663843,0.5743215368400919,0.055362432708241635,0.18609687715981205,0.008065340795023468,0.9800382949542458,0.008210065753167503,0.034697097410774064,0.003036201347184117
C:\Users\Fakhri\Downloads\klasifikasi_jenis_kain_glcm_knn\klasifikasi_jenis_kain_glcm_knn\dataset\Nylon\nylon_053.png,Nylon,2.31004316105834,0.6910392012532227,1.0431118935655872,0.19194952062450732,0.5897819831368173,0.055395231364913464,0.09642217849466846,0.008513365642366015,0.977371692722731,0.006788453560440435,0.009369713900218325,0.0016793632072874033
C:\Users\Fakhri\Downloads\klasifikasi_jenis_kain_glcm_knn\klasifikasi_jenis_kain_glcm_knn\dataset\Nylon\nylon_054.png,Nylon,2.2844676403803685,0.683515946025815,1.028116621296949,0.18685164056484918,0.5942762678260198,0.054958293610818686,0.09963627445052199,0.008701386720089795,0.9770216251502178,0.006917160542238883,0.010003101317232296,0.0017733990726095895
C:\Users\Fakhri\Downloads\klasifikasi_jenis_kain_glcm_knn\klasifikasi_jenis_kain_glcm_knn\dataset\Nylon\nylon_055.png,Nylon,1.788663956232084,0.619020856208361,0.9676070613535112,0.20508159608878598,0.595336459399218,0.06378493265616968,0.08593669060580895,0.008199664771114976,0.9886983906376751,0.003920215068792573,0.007452349294637198,0.0014392268621354527
C:\Users\Fakhri\Downloads\klasifikasi_jenis_kain_glcm_knn\klasifikasi_jenis_kain_glcm_knn\dataset\Nylon\nylon_056.png,Nylon,1.553946476185848,0.4977229859694273,0.8974124445246153,0.17474510152310732,0.615033116688689,0.05704709350356619,0.08500925712114467,0.00760308581086234,0.9911728106996313,0.0028482795372676904,0.00728438071013622,0.0013196500412109193
C:\Users\Fakhri\Downloads\klasifikasi_jenis_kain_glcm_knn\klasifikasi_jenis_kain_glcm_knn\dataset\Nylon\nylon_057.png,Nylon,3.3552004850523853,1.062054178546415,1.3288641638658072,0.2512565861691136,0.5095579606578885,0.061456288108774,0.0957212750864856,0.008805850605948247,0.9489380564096875,0.01620542566140101,0.00924010550907693,0.001725374312574158
C:\Users\Fakhri\Downloads\klasifikasi_jenis_kain_glcm_knn\klasifikasi_jenis_kain_glcm_knn\dataset\Nylon\nylon_058.png,Nylon,3.0254976414270414,0.9484492969386821,1.254812025806936,0.23507458902904563,0.525217859762818,0.06019875495471646,0.09910156282477085,0.009570675763790894,0.9581084102002615,0.013191895103577362,0.009912717588887622,0.0019416610321336143
C:\Users\Fakhri\Downloads\klasifikasi_jenis_kain_glcm_knn\klasifikasi_jenis_kain_glcm_knn\dataset\Nylon\nylon_059.png,Nylon,3.3068867762521568,1.2319565446483216,1.3627637553262237,0.29134577463947553,0.49528163663614017,0.06620023418311248,0.07870029836536961,0.00771174943193065,0.9728609999146043,0.010128829625230837,0.006253208042099082,0.0012435973199969735
C:\Users\Fakhri\Downloads\klasifikasi_jenis_kain_glcm_knn\klasifikasi_jenis_kain_glcm_knn\dataset\Nylon\nylon_060.png,Nylon,2.411094185991027,0.838043694789423,1.1683429541266683,0.23209594878069773,0.5337596294352217,0.0615619346531371,0.08388405754744965,0.007866447135397204,0.9810997319796902,0.006605750359343764,0.007098416101157842,0.0013493577387785338
C:\Users\Fakhri\Downloads\klasifikasi_jenis_kain_glcm_knn\klasifikasi_jenis_kain_glcm_knn\dataset\Nylon\nylon_061.png,Nylon,2.457675550597935,0.7459270270065288,1.0536065410657238,0.18365201948788237,0.5889350078925876,0.05034597229723028,0.09726768619410266,0.007961128153457628,0.9718902227242295,0.00858960659087075,0.009524382339030203,0.001581527613772443
C:\Users\Fakhri\Downloads\klasifikasi_jenis_kain_glcm_knn\klasifikasi_jenis_kain_glcm_knn\dataset\Nylon\nylon_062.png,Nylon,1.8079571230850862,0.4801771395268023,0.9434729046813665,0.15454011546603,0.609903333481482,0.04773688789033843,0.10084373138788483,0.0073065530087219124,0.9894785763026355,0.0027913602752934782,0.010222843877101128,0.001505813992820603
C:\Users\Fakhri\Downloads\klasifikasi_jenis_kain_glcm_knn\klasifikasi_jenis_kain_glcm_knn\dataset\Nylon\nylon_063.png,Nylon,2.0522272682728677,0.6464024226572221,1.0304637523580997,0.1905179849129119,0.5813776679285115,0.05428272329782222,0.0912789372188781,0.007419631318171231,0.9854524047920846,0.004595425569056278,0.008386895308705476,0.0013852577547089318
C:\Users\Fakhri\Downloads\klasifikasi_jenis_kain_glcm_knn\klasifikasi_jenis_kain_glcm_knn\dataset\Nylon\nylon_064.png,Nylon,1.7232039595478152,0.5241909677102254,0.9290358746342369,0.168517751592935,0.61100710945153,0.05185327253711706,0.0868406182373045,0.006454405955485725,0.9942833121371787,0.001739272048773705,0.007582952332075473,0.001145475746102074
C:\Users\Fakhri\Downloads\klasifikasi_jenis_kain_glcm_knn\klasifikasi_jenis_kain_glcm_knn\dataset\Nylon\nylon_065.png,Nylon,2.723634601446811,0.8619703989149682,1.232869708764128,0.2261313056153705,0.5211420806886157,0.05845828533448515,0.12098863358324852,0.011113779462324122,0.8966033499902588,0.03285483323676516,0.01476176555027875,0.002811295434965649
C:\Users\Fakhri\Downloads\klasifikasi_jenis_kain_glcm_knn\klasifikasi_jenis_kain_glcm_knn\dataset\Nylon\nylon_066.png,Nylon,4.59058835435712,1.3427192968387494,1.6281185929556952,0.2819335100251666,0.4404415822026535,0.05833643510763925,0.09979268169878007,0.00924728016428065,0.863445889047383,0.04012395935823227,0.01004409151107073,0.0019672886865836135
C:\Users\Fakhri\Downloads\klasifikasi_jenis_kain_glcm_knn\klasifikasi_jenis_kain_glcm_knn\dataset\Nylon\nylon_067.png,Nylon,3.5509181608143803,1.2605393432244134,1.4416607172370435,0.2822229072576846,0.4704577983726575,0.06184187779850323,0.09983719581695165,0.009874015752118579,0.9204676648304391,0.028286676448890283,0.010064961855665433,0.0020756079973387152
C:\Users\Fakhri\Downloads\klasifikasi_jenis_kain_glcm_knn\klasifikasi_jenis_kain_glcm_knn\dataset\Nylon\nylon_068.png,Nylon,4.915900349671288,1.5860970577104294,1.6883695429272196,0.3089020760248489,0.4295472257505068,0.058591853165879046,0.07578531180608727,0.007365695298239478,0.9460821882602054,0.017501263343055934,0.005797666952772379,0.0011702426209924345
C:\Users\Fakhri\Downloads\klasifikasi_jenis_kain_glcm_knn\klasifikasi_jenis_kain_glcm_knn\dataset\Nylon\nylon_069.png,Nylon,3.427568208161272,1.0230314107888874,1.3424401194937936,0.23844388212955103,0.5086766242071735,0.05686102404054075,0.09403038597670658,0.008156571965289587,0.9548203231077251,0.013503112431027052,0.008908243153153363,0.0015772105066503552
C:\Users\Fakhri\Downloads\klasifikasi_jenis_kain_glcm_knn\klasifikasi_jenis_kain_glcm_knn\dataset\Nylon\nylon_070.png,Nylon,2.611872648740921,0.7655560417596201,1.1428338858130196,0.1996721924604794,0.5548642493775272,0.05509794435086964,0.10190878240717628,0.00900447603769416,0.9665271002311197,0.009884914062793898,0.01046648052042661,0.0018821640991477193
C:\Users\Fakhri\Downloads\klasifikasi_jenis_kain_glcm_knn\klasifikasi_jenis_kain_glcm_knn\dataset\Nylon\nylon_071.png,Nylon,3.2337578514959975,1.0825518531075662,1.350344260672535,0.2602795482084096,0.4961941385302135,0.060520815571096225,0.0832738574984727,0.007714212950532055,0.9710632819701807,0.009706690092205318,0.006994044424122094,0.0013245741695604581
C:\Users\Fakhri\Downloads\klasifikasi_jenis_kain_glcm_knn\klasifikasi_jenis_kain_glcm_knn\dataset\Nylon\nylon_072.png,Nylon,3.3425125835165814,1.008602523949861,1.3329915896843725,0.23842387984611635,0.5074077849804882,0.05670738454694401,0.07575418113238562,0.0069896161057374,0.979512777449215,0.006210799727860218,0.005787550692343873,0.001087216074022763
C:\Users\Fakhri\Downloads\klasifikasi_jenis_kain_glcm_knn\klasifikasi_jenis_kain_glcm_knn\dataset\Nylon\nylon_073.png,Nylon,4.660379798430966,1.53166844728811,1.54760438013478,0.2972817427597561,0.4745738859624817,0.06005822711808254,0.09248002723769122,0.00877093824051792,0.9258801411321205,0.024392571060477052,0.00862948479550309,0.0016681147969181233
C:\Users\Fakhri\Downloads\klasifikasi_jenis_kain_glcm_knn\klasifikasi_jenis_kain_glcm_knn\dataset\Nylon\nylon_074.png,Nylon,2.8132034199548794,0.9228464322571482,1.2500730396546549,0.23106867450295848,0.5186329430987561,0.05642585985182739,0.1123756767001658,0.010082898652807423,0.936892187380138,0.02075404146015331,0.012729957559062964,0.0023284289462356124
C:\Users\Fakhri\Downloads\klasifikasi_jenis_kain_glcm_knn\klasifikasi_jenis_kain_glcm_knn\dataset\Nylon\nylon_075.png,Nylon,4.3455773551388965,1.5625699163955808,1.5196822368688085,0.3055845663853647,0.4766801468350565,0.05898729223582639,0.09122970489138509,0.008153614576394224,0.9481367743792816,0.01868924678632831,0.0083893404852296,0.0015303675945362283
C:\Users\Fakhri\Downloads\klasifikasi_jenis_kain_glcm_knn\klasifikasi_jenis_kain_glcm_knn\dataset\Nylon\nylon_076.png,Nylon,3.8946634716365853,1.3115423929525978,1.4762101010221904,0.2756518900459134,0.4733383125900185,0.0560030318330201,0.0802745603138304,0.007491482163615684,0.9584132416514596,0.014044321567330898,0.006500127338586563,0.0012373623267598075
C:\Users\Fakhri\Downloads\klasifikasi_jenis_kain_glcm_knn\klasifikasi_jenis_kain_glcm_knn\dataset\Nylon\nylon_077.png,Nylon,3.6730889906437305,1.3523081605855138,1.3840858174515136,0.28565812372187244,0.5001372929019426,0.062326269939809706,0.09879047911065784,0.009276651007240025,0.9392212041905211,0.022348798868423326,0.00984561501682345,0.001896241787670946
C:\Users\Fakhri\Downloads\klasifikasi_jenis_kain_glcm_knn\klasifikasi_jenis_kain_glcm_knn\dataset\Nylon\nylon_078.png,Nylon,4.469902005423518,1.51716278993639,1.5607403900311478,0.29095338217817396,0.46322229356335703,0.05490958941169897,0.09933689664724403,0.008880748383361383,0.9147449537565326,0.028952824313965633,0.009946686727353818,0.0018034074004956953
C:\Users\Fakhri\Downloads\klasifikasi_jenis_kain_glcm_knn\klasifikasi_jenis_kain_glcm_knn\dataset\Nylon\nylon_079.png,Nylon,4.7594253568438365,1.8387363022874472,1.5855810229682958,0.3261946289221027,0.46936060643310196,0.05697405884415756,0.09523906179689683,0.008494073770618555,0.9317302584653501,0.026457696568455,0.009142628181173843,0.001655927276020247
C:\Users\Fakhri\Downloads\klasifikasi_jenis_kain_glcm_knn\klasifikasi_jenis_kain_glcm_knn\dataset\Nylon\nylon_080.png,Nylon,3.746115349075166,1.2312643673117722,1.4427806458917087,0.26694198562147536,0.48013278256118835,0.056597441920673695,0.08901892765550236,0.0076455776152621275,0.9567649166395888,0.014264899131364342,0.007982824338006561,0.0013952300932544436
C:\Users\Fakhri\Downloads\klasifikasi_jenis_kain_glcm_knn\klasifikasi_jenis_kain_glcm_knn\dataset\Nylon\nylon_081.png,Nylon,2.7406043702476572,0.9313832389080657,1.1919934573495663,0.2324910399710968,0.5394797340068315,0.05955104156398896,0.09869797178141992,0.009119070443707829,0.9644138965248427,0.012073720656136225,0.009824447079523272,0.0018550746209647752
C:\Users\Fakhri\Downloads\klasifikasi_jenis_kain_glcm_knn\klasifikasi_jenis_kain_glcm_knn\dataset\Nylon\nylon_082.png,Nylon,3.5859266161777743,1.1567340579513974,1.4161947640720085,0.2588517044525905,0.48550532417168774,0.05608343849538974,0.09356102347686462,0.008437610709526623,0.9346164202179669,0.021205570690044653,0.008824858388523935,0.0016206808880512983
C:\Users\Fakhri\Downloads\klasifikasi_jenis_kain_glcm_knn\klasifikasi_jenis_kain_glcm_knn\dataset\Nylon\nylon_083.png,Nylon,3.6147007865583602,1.2883412165474064,1.426870521213072,0.27842278346441995,0.4823587930044961,0.057722460640818596,0.08855592150553232,0.008217521079225227,0.9571319468307379,0.015323206030132326,0.007909678886381515,0.0014929364536981008
C:\Users\Fakhri\Downloads\klasifikasi_jenis_kain_glcm_knn\klasifikasi_jenis_kain_glcm_knn\dataset\Nylon\nylon_084.png,Nylon,3.329606297697762,1.0993170903689813,1.3589061262929454,0.25565919330331355,0.49743583722711976,0.057800065076416,0.0814186636924078,0.007369841425503782,0.9705887403433198,0.009800094771271368,0.006683313360094476,0.001233149288153662
C:\Users\Fakhri\Downloads\klasifikasi_jenis_kain_glcm_knn\klasifikasi_jenis_kain_glcm_knn\dataset\Nylon\nylon_085.png,Nylon,5.093852673876024,3.7010726432244585,1.6591890347947844,0.6724113342671663,0.44748115174533015,0.12344237975351373,0.10631764160604303,0.018756114946969903,0.8305383086155307,0.1232427272324019,0.011655232764574962,0.004168494758548783
C:\Users\Fakhri\Downloads\klasifikasi_jenis_kain_glcm_knn\klasifikasi_jenis_kain_glcm_knn\dataset\Nylon\nylon_086.png,Nylon,2.8389899838117256,1.7347285267232921,1.258152636055716,0.4402860725742563,0.5168324564482412,0.10842940095609523,0.13660994565979037,0.020385397066420542,0.8204224510907429,0.10978333273078411,0.019077841666726502,0.005656425222476703
C:\Users\Fakhri\Downloads\klasifikasi_jenis_kain_glcm_knn\klasifikasi_jenis_kain_glcm_knn\dataset\Nylon\nylon_087.png,Nylon,5.242671507068773,3.7982817614881412,1.6818293315004906,0.680664492836448,0.4445721990434673,0.12237817651473215,0.10346313275707991,0.018406653763009533,0.838491290118654,0.11718146577570165,0.011043424742660452,0.003974703198791766
C:\Users\Fakhri\Downloads\klasifikasi_jenis_kain_glcm_knn\klasifikasi_jenis_kain_glcm_knn\dataset\Nylon\nylon_088.png,Nylon,3.629252535531801,2.206317418372624,1.4087069630174434,0.4800314981905651,0.4901185080023743,0.10255594367122334,0.10806622727440877,0.016809796718758905,0.8867676860089272,0.06894778416493409,0.011960878743050166,0.0037129674022764684
C:\Users\Fakhri\Downloads\klasifikasi_jenis_kain_glcm_knn\klasifikasi_jenis_kain_glcm_knn\dataset\Nylon\nylon_089.png,Nylon,6.215910914655048,4.230936063011241,1.8063328409228194,0.6963599461261905,0.4314944131320666,0.11682575600185391,0.12349226456320449,0.01904954996510485,0.6720260380651681,0.22295364492204503,0.015613224760821517,0.004886088165859591
C:\Users\Fakhri\Downloads\klasifikasi_jenis_kain_glcm_knn\klasifikasi_jenis_kain_glcm_knn\dataset\Nylon\nylon_090.png,Nylon,4.449005347686761,2.529615464510366,1.5838102816183046,0.5065189732736177,0.452972328976004,0.09755775883712886,0.12895417678561225,0.016986250510190915,0.6939997319669637,0.17392812357008802,0.016917712416849907,0.0044778276170454046
C:\Users\Fakhri\Downloads\klasifikasi_jenis_kain_glcm_knn\klasifikasi_jenis_kain_glcm_knn\dataset\Nylon\nylon_091.png,Nylon,6.86999765675441,4.542751956921297,1.9225432004671559,0.7159537477961181,0.41046393397848097,0.11145156346944594,0.11098385462617927,0.01678678139929654,0.6961280289148695,0.20070481022263362,0.01259921201743266,0.003857992789764183
C:\Users\Fakhri\Downloads\klasifikasi_jenis_kain_glcm_knn\klasifikasi_jenis_kain_glcm_knn\dataset\Nylon\nylon_092.png,Nylon,6.266179074618925,3.824173594591474,1.8790040291578096,0.6385629472506,0.4073445940830336,0.10124856385228449,0.1035909400063472,0.014985847590528211,0.7297524806495773,0.16495521088606543,0.010955658479405167,0.00317010620922989
C:\Users\Fakhri\Downloads\klasifikasi_jenis_kain_glcm_knn\klasifikasi_jenis_kain_glcm_knn\dataset\Nylon\nylon_093.png,Nylon,4.683762685735453,3.103145934914525,1.6075432344037452,0.5937871604269509,0.4521966195266735,0.1129290276307535,0.12380478496677134,0.018853652195661375,0.7221348641827459,0.18398988356766058,0.015683084981783463,0.004769226576644212
C:\Users\Fakhri\Downloads\klasifikasi_jenis_kain_glcm_knn\klasifikasi_jenis_kain_glcm_knn\dataset\Nylon\nylon_094.png,Nylon,5.873990711198988,4.119299135639991,1.798309243577461,0.7064979241241764,0.4228701526838316,0.12050934485292962,0.1142138350658602,0.01843243987679519,0.7158319908070353,0.19914509720869447,0.01338455496026319,0.004321885156988961
C:\Users\Fakhri\Downloads\klasifikasi_jenis_kain_glcm_knn\klasifikasi_jenis_kain_glcm_knn\dataset\Nylon\nylon_095.png,Nylon,5.295824362755584,3.5364319668000386,1.707528921001412,0.6366981170710616,0.4369948045216161,0.11291538374608635,0.11378320039927735,0.017887047117553265,0.7461438389255529,0.16940283861724173,0.013266563147687677,0.004159632040969331
C:\Users\Fakhri\Downloads\klasifikasi_jenis_kain_glcm_knn\klasifikasi_jenis_kain_glcm_knn\dataset\Nylon\nylon_096.png,Nylon,5.970405983605527,3.9687647518433358,1.8179953439257828,0.6674435973656364,0.41879910147284066,0.11001613847147643,0.1049002989582482,0.01654346112053399,0.7621120978831303,0.15810011080646283,0.011277758827376472,0.003572705380767216
C:\Users\Fakhri\Downloads\klasifikasi_jenis_kain_glcm_knn\klasifikasi_jenis_kain_glcm_knn\dataset\Nylon\nylon_097.png,Nylon,7.203656991071568,5.177370071826614,1.9483374870748105,0.7973127886681344,0.41267178083619543,0.12439925028435826,0.11248533666247108,0.019380677956301745,0.6990771285918246,0.21625205296149513,0.013028561642115346,0.004666780719780748
C:\Users\Fakhri\Downloads\klasifikasi_jenis_kain_glcm_knn\klasifikasi_jenis_kain_glcm_knn\dataset\Nylon\nylon_098.png,Nylon,4.075173479267003,2.3024753650910483,1.5192189217583094,0.48361600165547286,0.4633174398672943,0.09756085116542655,0.12888985175674075,0.017232387762874682,0.7215675360094321,0.1573347268493688,0.016909549073884676,0.0045460663979740535
C:\Users\Fakhri\Downloads\klasifikasi_jenis_kain_glcm_knn\klasifikasi_jenis_kain_glcm_knn\dataset\Nylon\nylon_099.png,Nylon,8.015256612852136,5.570873914123614,2.055051209401685,0.8120322286707511,0.3978325659104189,0.11796464255348271,0.10394002613347848,0.01733149485236729,0.7184554894979437,0.19545997099751122,0.011103909746445822,0.0038135139177549026
C:\Users\Fakhri\Downloads\klasifikasi_jenis_kain_glcm_knn\klasifikasi_jenis_kain_glcm_knn\dataset\Nylon\nylon_100.png,Nylon,5.016861082819349,2.9037671754726904,1.6782087029153379,0.5416220470858746,0.4382953496040378,0.09706900449005033,0.11069561099982377,0.015790750850715404,0.7672733148235262,0.13472726409163224,0.012502866107053671,0.0035889207643803526
C:\Users\Fakhri\Downloads\klasifikasi_jenis_kain_glcm_knn\klasifikasi_jenis_kain_glcm_knn\dataset\Nylon\nylon_101.png,Nylon,12.18955322386796,7.400577701161827,2.4667490994314907,0.8213093720444866,0.3636165663128869,0.08918699158071776,0.07098699490206452,0.011299985463896685,0.8709707399055652,0.07836205354197888,0.005166843116710012,0.0016655469456339758
C:\Users\Fakhri\Downloads\klasifikasi_jenis_kain_glcm_knn\klasifikasi_jenis_kain_glcm_knn\dataset\Nylon\nylon_102.png,Nylon,15.591955245034013,9.28916899839233,2.756292851770091,0.9058538114802749,0.34355263090656935,0.08505036449043107,0.06720998797440528,0.010593557263393444,0.8596157475162945,0.08367229189308512,0.004629405939012497,0.001470599713065322
C:\Users\Fakhri\Downloads\klasifikasi_jenis_kain_glcm_knn\klasifikasi_jenis_kain_glcm_knn\dataset\Nylon\nylon_103.png,Nylon,14.922734018746896,9.010618774015725,2.707238730732364,0.9006455494912479,0.34378232242802675,0.08690649726604506,0.07096320514412403,0.011096456553186772,0.846266306577708,0.09277067822725799,0.005158907832363792,0.001636080133619381
C:\Users\Fakhri\Downloads\klasifikasi_jenis_kain_glcm_knn\klasifikasi_jenis_kain_glcm_knn\dataset\Nylon\nylon_104.png,Nylon,19.043881659745463,11.374524298410186,3.023853892293802,0.9978666402702687,0.32277994969982093,0.08419627448902982,0.060618642177728506,0.009739204120736322,0.8697875449926914,0.07776427017746905,0.0037694718763768543,0.0012242823560083388
C:\Users\Fakhri\Downloads\klasifikasi_jenis_kain_glcm_knn\klasifikasi_jenis_kain_glcm_knn\dataset\Nylon\nylon_105.png,Nylon,10.49520903630662,6.32721017292518,2.279677769247898,0.7402036369275582,0.38204064478175814,0.08692268664361641,0.08546229044920602,0.012401847311432429,0.8349843793090641,0.09933971109717245,0.007457608905560534,0.002167934565990265
C:\Users\Fakhri\Downloads\klasifikasi_jenis_kain_glcm_knn\klasifikasi_jenis_kain_glcm_knn\dataset\Nylon\nylon_106.png,Nylon,13.187386621620215,9.419998248859518,2.502758719254598,0.9282089266613232,0.3655298504208881,0.09315278004255127,0.0821417268002615,0.012881114783713074,0.8389657943032715,0.11485210720312423,0.006913186399799989,0.0021899734639368638
C:\Users\Fakhri\Downloads\klasifikasi_jenis_kain_glcm_knn\klasifikasi_jenis_kain_glcm_knn\dataset\Nylon\nylon_107.png,Nylon,12.057553619992445,7.457016752961073,2.4221204452716987,0.7957296326930258,0.3663581592321314,0.08705306801997074,0.0832127633982421,0.012081242656727987,0.8293269173730381,0.10541972972477698,0.007070320416502566,0.002057006958238427
C:\Users\Fakhri\Downloads\klasifikasi_jenis_kain_glcm_knn\klasifikasi_jenis_kain_glcm_knn\dataset\Nylon\nylon_108.png,Nylon,15.110053427307399,11.084928040156848,2.6713712304648385,1.0119757440434411,0.35218594295287803,0.09251854462913672,0.06982887725541728,0.011663787590638982,0.8703822021135524,0.09505516225399162,0.005012116039711675,0.0016925702740030583
C:\Users\Fakhri\Downloads\klasifikasi_jenis_kain_glcm_knn\klasifikasi_jenis_kain_glcm_knn\dataset\Nylon\nylon_109.png,Nylon,8.167824553711494,4.503200141627747,2.0212401054721787,0.6217757255113818,0.41074371441381125,0.08779272737064564,0.10513284185001513,0.014219867053182698,0.7611065029102226,0.13205691211192183,0.011255119054470485,0.0030869277471782235
C:\Users\Fakhri\Downloads\klasifikasi_jenis_kain_glcm_knn\klasifikasi_jenis_kain_glcm_knn\dataset\Nylon\nylon_110.png,Nylon,12.947529315083164,7.461509495582026,2.48511775817103,0.7803041320079053,0.36818645337225114,0.08413966719358391,0.09295498733327408,0.012600023749142574,0.735953180468314,0.1524757410273359,0.008799390268608105,0.0024280570127611176
C:\Users\Fakhri\Downloads\klasifikasi_jenis_kain_glcm_knn\klasifikasi_jenis_kain_glcm_knn\dataset\Nylon\nylon_111.png,Nylon,12.87481488308771,6.936415389746858,2.3900902179035133,0.7203469912951072,0.3832203328390505,0.08291472291640406,0.09598309177188846,0.012869636352033963,0.7394966144706796,0.14028712556312892,0.00937838144592436,0.0025412738698965868
C:\Users\Fakhri\Downloads\klasifikasi_jenis_kain_glcm_knn\klasifikasi_jenis_kain_glcm_knn\dataset\Nylon\nylon_112.png,Nylon,15.419731105577734,8.882418386504341,2.7278338380379767,0.8559911197203718,0.3442506091222141,0.08277448803114998,0.07882928740600444,0.011287283779053203,0.7710002546927579,0.13216610663208947,0.006341459328047325,0.0018482942488779505
C:\Users\Fakhri\Downloads\klasifikasi_jenis_kain_glcm_knn\klasifikasi_jenis_kain_glcm_knn\dataset\Nylon\nylon_113.png,Nylon,9.71165630380773,5.807969130848248,2.2957156443520765,0.7513864867136245,0.36480916415803527,0.08980738618442044,0.0769958269409718,0.01189906505694178,0.834968790904989,0.09892861398613702,0.006069945115553412,0.001900616594262405
C:\Users\Fakhri\Downloads\klasifikasi_jenis_kain_glcm_knn\klasifikasi_jenis_kain_glcm_knn\dataset\Nylon\nylon_114.png,Nylon,12.756327705219546,7.4734853009981865,2.5632491883236788,0.8338622390483786,0.34672461861513154,0.08743917819017064,0.07394663831080195,0.011381154071511702,0.8199841415593894,0.10554210672652496,0.005597635985468052,0.0017264784154819818
C:\Users\Fakhri\Downloads\klasifikasi_jenis_kain_glcm_knn\klasifikasi_jenis_kain_glcm_knn\dataset\Nylon\nylon_115.png,Nylon,11.925629131094238,7.0636044554770745,2.49523257386341,0.8189496125478214,0.349254992716008,0.08850085635287708,0.07636035370144303,0.01178686972287098,0.8000117664931428,0.11865549213801174,0.005969833915273418,0.0018693728647115673
C:\Users\Fakhri\Downloads\klasifikasi_jenis_kain_glcm_knn\klasifikasi_jenis_kain_glcm_knn\dataset\Nylon\nylon_116.png,Nylon,16.028525995609197,9.432170035216439,2.8755834617457183,0.9382072808357792,0.32146612313016504,0.0838657447398963,0.06379311638411884,0.010049062665410719,0.8442320410226559,0.091742879332895,0.004170545358451083,0.0013176486970252479
C:\Users\Fakhri\Downloads\klasifikasi_jenis_kain_glcm_knn\klasifikasi_jenis_kain_glcm_knn\dataset\Nylon\nylon_117.png,Nylon,11.756327787217954,7.369027760490455,2.4864883945676604,0.8531664870466982,0.35157278431600547,0.0903737572499642,0.06687966374013163,0.011072373862323728,0.8856957109555136,0.07162366952514772,0.004595486884940146,0.0015116401243021862
C:\Users\Fakhri\Downloads\klasifikasi_jenis_kain_glcm_knn\klasifikasi_jenis_kain_glcm_knn\dataset\Nylon\nylon_118.png,Nylon,10.916728010038161,7.242612786701044,2.4070661978396433,0.8656391181124777,0.35987349767393995,0.09562503310117486,0.0720434252973728,0.012277296204406499,0.8741781643716342,0.08350476086921937,0.005340987130668867,0.001835214745700788
C:\Users\Fakhri\Downloads\klasifikasi_jenis_kain_glcm_knn\klasifikasi_jenis_kain_glcm_knn\dataset\Nylon\nylon_119.png,Nylon,12.762980377692315,7.996041173491318,2.5637267580184795,0.8819305834926424,0.3478202610399419,0.09011441804013509,0.0640454983895538,0.010685091740176194,0.8906380244496663,0.06845767164047419,0.004215997049462322,0.001397557993356271
C:\Users\Fakhri\Downloads\klasifikasi_jenis_kain_glcm_knn\klasifikasi_jenis_kain_glcm_knn\dataset\Nylon\nylon_120.png,Nylon,12.864996782506887,8.319897937984226,2.617807411270242,0.9219188087187971,0.3375634271700731,0.09095959739942507,0.0646291093981136,0.010860281027254408,0.8778042004161342,0.07913668261758677,0.004294867485584278,0.0014512804961328855
C:\Users\Fakhri\Downloads\klasifikasi_jenis_kain_glcm_knn\klasifikasi_jenis_kain_glcm_knn\dataset\Nylon\nylon_121.png,Nylon,14.545682942839688,9.32155503080164,2.7097589815208476,0.9433055325406902,0.34057967011711643,0.08995715609283816,0.07447587641286378,0.012328023662055399,0.829154427136703,0.10939744280607341,0.005698636334876359,0.0018951379180410222
C:\Users\Fakhri\Downloads\klasifikasi_jenis_kain_glcm_knn\klasifikasi_jenis_kain_glcm_knn\dataset\Nylon\nylon_122.png,Nylon,13.926149315832317,9.28236558921846,2.6812912149271124,0.9694556940960148,0.34113247946635594,0.09320945422315592,0.06894219143979927,0.011909278434939583,0.8571644609718873,0.09527454967284094,0.004894856673362849,0.0017096560153144543
C:\Users\Fakhri\Downloads\klasifikasi_jenis_kain_glcm_knn\klasifikasi_jenis_kain_glcm_knn\dataset\Nylon\nylon_123.png,Nylon,12.220802527795668,7.798869843762444,2.491516233664563,0.8693056622827241,0.3577037609197811,0.09290385640627258,0.0660035106486797,0.011296010147987971,0.8924596032864143,0.06862508794559911,0.004484063263213821,0.0015400117984143158
C:\Users\Fakhri\Downloads\klasifikasi_jenis_kain_glcm_knn\klasifikasi_jenis_kain_glcm_knn\dataset\Nylon\nylon_124.png,Nylon,15.550023103162326,10.547193860341991,2.8308666246811947,1.0289310605584954,0.33001972388116285,0.09156476525872197,0.06207431286019249,0.010882305814526568,0.8596018791081225,0.09521001814280576,0.003971644896905938,0.0014227504993973197
C:\Users\Fakhri\Downloads\klasifikasi_jenis_kain_glcm_knn\klasifikasi_jenis_kain_glcm_knn\dataset\Nylon\nylon_125.png,Nylon,4.530284852682605,2.6965747940616502,1.4879525706048213,0.4929263830234047,0.4927045485444879,0.09588180071545542,0.11601360694562146,0.017216687803780946,0.8472387269062226,0.09101254998959998,0.01375557133546601,0.004089872732932461
C:\Users\Fakhri\Downloads\klasifikasi_jenis_kain_glcm_knn\klasifikasi_jenis_kain_glcm_knn\dataset\Nylon\nylon_126.png,Nylon,5.514498224959996,3.4030669145205654,1.7100734299009035,0.5861467908485914,0.4454788547614283,0.09935461226159743,0.09485583076639591,0.015014129852787616,0.8684163402501834,0.081244612652866,0.009223052725619506,0.00292896884565467
C:\Users\Fakhri\Downloads\klasifikasi_jenis_kain_glcm_knn\klasifikasi_jenis_kain_glcm_knn\dataset\Nylon\nylon_127.png,Nylon,5.45501713395704,3.27051966517062,1.6744022133636796,0.5544207869716905,0.4542799661480672,0.09593193287879216,0.10217161322373669,0.015348336007009177,0.8672442549739827,0.07954050579258584,0.010674609966924903,0.0032107457183627253
C:\Users\Fakhri\Downloads\klasifikasi_jenis_kain_glcm_knn\klasifikasi_jenis_kain_glcm_knn\dataset\Nylon\nylon_128.png,Nylon,5.609167530412646,3.511238552117939,1.7050978685497162,0.5955608753148407,0.4513701288902159,0.10089440824383643,0.09564488377680393,0.015197724408307259,0.9020399337489985,0.061507331473911596,0.009378914619869191,0.002995311463886932
C:\Users\Fakhri\Downloads\klasifikasi_jenis_kain_glcm_knn\klasifikasi_jenis_kain_glcm_knn\dataset\Nylon\nylon_129.png,Nylon,7.551764897249573,4.53927815907978,1.9739905878515263,0.6618494518188448,0.4138035292183533,0.09627533282692395,0.09872778035369272,0.014902153823876715,0.8040054422026192,0.11788896885808685,0.009969248802157474,0.0030373295789921516
C:\Users\Fakhri\Downloads\klasifikasi_jenis_kain_glcm_knn\klasifikasi_jenis_kain_glcm_knn\dataset\Nylon\nylon_130.png,Nylon,7.1654128554476175,4.154687571436942,1.9396170498443273,0.6237175610844631,0.41256316034947865,0.09283795337160733,0.09600731728259902,0.014131645996273978,0.8052680906664058,0.11301173585431952,0.009417108390365645,0.002823277669563792
C:\Users\Fakhri\Downloads\klasifikasi_jenis_kain_glcm_knn\klasifikasi_jenis_kain_glcm_knn\dataset\Nylon\nylon_131.png,Nylon,8.046631386367329,4.820450924719165,2.06543547611188,0.6882079048934467,0.3980408806882804,0.09472697591638002,0.08846772970494869,0.013705250254873269,0.8320262395780009,0.10044435267910315,0.008014373083696564,0.0025023360518498187
C:\Users\Fakhri\Downloads\klasifikasi_jenis_kain_glcm_knn\klasifikasi_jenis_kain_glcm_knn\dataset\Nylon\nylon_132.png,Nylon,9.030979676962088,5.351842402799771,2.189929198783573,0.7162955452713307,0.3787892021624422,0.09243237876829863,0.09053050422974186,0.013317600948951338,0.7634049299764771,0.1401258847714665,0.00837313069112682,0.0025309052631573388
C:\Users\Fakhri\Downloads\klasifikasi_jenis_kain_glcm_knn\klasifikasi_jenis_kain_glcm_knn\dataset\Nylon\nylon_133.png,Nylon,6.692962079457513,5.533439331494932,1.9361741048695162,0.875192630747761,0.40440418359607405,0.13381520458436183,0.10415318143425334,0.02016818094908318,0.742492925659778,0.2133577384659451,0.011254640725671457,0.004625134241896041
C:\Users\Fakhri\Downloads\klasifikasi_jenis_kain_glcm_knn\klasifikasi_jenis_kain_glcm_knn\dataset\Nylon\nylon_134.png,Nylon,4.721405746056652,2.4967705579544375,1.5938238275184629,0.4713086211002146,0.45996509018665566,0.08800853489758244,0.1104853399204367,0.014467266829725961,0.8359314473972247,0.0867724606036076,0.012416312146856933,0.0032608779105927272
C:\Users\Fakhri\Downloads\klasifikasi_jenis_kain_glcm_knn\klasifikasi_jenis_kain_glcm_knn\dataset\Nylon\nylon_135.png,Nylon,8.75396393617397,7.592042072455262,2.2195305752743546,1.055214809201257,0.36989836511912744,0.13984174126383966,0.08101710229236486,0.017853325940204702,0.8313118706419206,0.1465882037680795,0.006882512110978696,0.0032434348897907024
C:\Users\Fakhri\Downloads\klasifikasi_jenis_kain_glcm_knn\klasifikasi_jenis_kain_glcm_knn\dataset\Nylon\nylon_136.png,Nylon,5.959415516942012,3.615795762433831,1.8434077462488752,0.6098789377205335,0.4099474118150443,0.09724884520059375,0.08028126019661762,0.011722308343073555,0.9233160027118514,0.04653741700706095,0.006582493251647111,0.0019298502211721616
C:\Users\Fakhri\Downloads\klasifikasi_jenis_kain_glcm_knn\klasifikasi_jenis_kain_glcm_knn\dataset\Nylon\nylon_137.png,Nylon,4.247387153891201,3.2086005348803712,1.5496441568322112,0.6650046450153829,0.4596558714244969,0.13686336447475744,0.10109842509942298,0.019345388234012946,0.8951925387462168,0.07916109255963,0.010595135603508327,0.004026119611345902
C:\Users\Fakhri\Downloads\klasifikasi_jenis_kain_glcm_knn\klasifikasi_jenis_kain_glcm_knn\dataset\Nylon\nylon_138.png,Nylon,4.46756128549597,3.705711633281289,1.5836077008690832,0.7292914027568094,0.45567435437877374,0.14167875451028814,0.09513975753134957,0.01827932499929742,0.9242604440524316,0.0630263975858123,0.009385707185553925,0.003594670166352094
C:\Users\Fakhri\Downloads\klasifikasi_jenis_kain_glcm_knn\klasifikasi_jenis_kain_glcm_knn\dataset\Nylon\nylon_139.png,Nylon,5.879725915288996,4.615483776592693,1.8028629997865817,0.7999414780989397,0.4246969741113307,0.13797835146951942,0.08633164248691207,0.01730742681088604,0.90702041636066,0.0729828010118857,0.007752699517302178,0.0030823534948393257
C:\Users\Fakhri\Downloads\klasifikasi_jenis_kain_glcm_knn\klasifikasi_jenis_kain_glcm_knn\dataset\Nylon\nylon_140.png,Nylon,5.049399607781008,4.092622397045453,1.6816430501495236,0.7562850798175517,0.43982857311640683,0.13788536354519937,0.07578716045054502,0.01508968950822637,0.9554007157227488,0.036244536063188205,0.005971392418611332,0.0023653856654496158
C:\Users\Fakhri\Downloads\klasifikasi_jenis_kain_glcm_knn\klasifikasi_jenis_kain_glcm_knn\dataset\Nylon\nylon_141.png,Nylon,10.268969385181924,6.6961307506840235,2.3673471496843974,0.8680610775458626,0.3534070520185238,0.10631592519941324,0.0935586366774584,0.014731349054197903,0.6675618238765354,0.21622400397617206,0.008970231141901283,0.0029118693885741755
C:\Users\Fakhri\Downloads\klasifikasi_jenis_kain_glcm_knn\klasifikasi_jenis_kain_glcm_knn\dataset\Nylon\nylon_142.png,Nylon,5.904785482850245,2.926148643639493,1.8061503282218683,0.506024639444582,0.4223330815780751,0.08438772410288563,0.10637569137208559,0.013970645803453223,0.7506129056288143,0.12350272829876775,0.011510966659054747,0.0030979554511875148
C:\Users\Fakhri\Downloads\klasifikasi_jenis_kain_glcm_knn\klasifikasi_jenis_kain_glcm_knn\dataset\Nylon\nylon_143.png,Nylon,9.49258151964612,5.938279404406338,2.2870294518060024,0.8210148345770472,0.3596462559633569,0.1067579111290835,0.09246053644817213,0.014228702544862077,0.6932933135389812,0.19202342053286953,0.008751406776393926,0.002756808979491545
C:\Users\Fakhri\Downloads\klasifikasi_jenis_kain_glcm_knn\klasifikasi_jenis_kain_glcm_knn\dataset\Nylon\nylon_144.png,Nylon,8.61047118890946,4.5000096542629295,2.1380053792246323,0.6294754990865163,0.38724796831208,0.08652303681557132,0.10144344971530411,0.01408470335351779,0.6708853937814415,0.17223687267123255,0.010489152358698031,0.0030193719246791413
C:\Users\Fakhri\Downloads\klasifikasi_jenis_kain_glcm_knn\klasifikasi_jenis_kain_glcm_knn\dataset\Nylon\nylon_145.png,Nylon,7.509736454401204,4.897362513180083,2.0514096258408077,0.7554248026077419,0.38546337851616275,0.11085208395604042,0.10065786187893822,0.01563858976214292,0.7087648530014561,0.1899963705942257,0.010376570647788002,0.003223319208753649
C:\Users\Fakhri\Downloads\klasifikasi_jenis_kain_glcm_knn\klasifikasi_jenis_kain_glcm_knn\dataset\Nylon\nylon_146.png,Nylon,5.206136181642186,2.9307178372975664,1.7429648007525065,0.5445181592500332,0.42080319343116396,0.09382029261969162,0.11770015664856696,0.015039529931212508,0.7105642788148478,0.1629410582979726,0.014079514335649038,0.0036219063639410295
C:\Users\Fakhri\Downloads\klasifikasi_jenis_kain_glcm_knn\klasifikasi_jenis_kain_glcm_knn\dataset\Nylon\nylon_147.png,Nylon,7.487737456017508,4.875748336664368,2.0686651765249735,0.755024363364252,0.3801751568408633,0.10839233552765826,0.09511194296632858,0.01516056988819017,0.7546629709831651,0.15985390296515992,0.009276124574164839,0.002963091697517304
C:\Users\Fakhri\Downloads\klasifikasi_jenis_kain_glcm_knn\klasifikasi_jenis_kain_glcm_knn\dataset\Nylon\nylon_148.png,Nylon,5.364142302293125,2.8490352738010674,1.740780785202917,0.5120864428589138,0.42747287006764023,0.0873946465709563,0.09774526525935989,0.013587638647652672,0.8409290366314006,0.08466159534957893,0.009738760804641812,0.00272998136169311
C:\Users\Fakhri\Downloads\klasifikasi_jenis_kain_glcm_knn\klasifikasi_jenis_kain_glcm_knn\dataset\Nylon\nylon_149.png,Nylon,5.477909875849321,3.0162380136320044,1.68610131642696,0.5230046153412501,0.4536067608557994,0.09070700063269131,0.12543601335012128,0.01670912762058867,0.6930305325261267,0.16879549250537,0.016013388391012923,0.004268913072021085
C:\Users\Fakhri\Downloads\klasifikasi_jenis_kain_glcm_knn\klasifikasi_jenis_kain_glcm_knn\dataset\Nylon\nylon_150.png,Nylon,6.679156840610567,3.970645480683876,1.881341356880118,0.6235628211977475,0.4221857498731378,0.09536256620462308,0.1166129027601805,0.016633685990241003,0.701362562227546,0.17743901103602938,0.013875248599777257,0.003942050091954857
C:\Users\Fakhri\Downloads\klasifikasi_jenis_kain_glcm_knn\klasifikasi_jenis_kain_glcm_knn\dataset\Nylon\nylon_151.png,Nylon,6.1056280944803225,3.359444005311953,1.8078155700879084,0.5588344617756579,0.4310938452361666,0.08970294383434513,0.11541465329178661,0.015572333556169826,0.7340354102021179,0.14627046174375066,0.01356303976684792,0.00366256301368738
C:\Users\Fakhri\Downloads\klasifikasi_jenis_kain_glcm_knn\klasifikasi_jenis_kain_glcm_knn\dataset\Nylon\nylon_152.png,Nylon,8.448205883030651,5.373216011131836,2.1146543025590296,0.7532062086667564,0.3922371171875263,0.1027594629255077,0.09505042827373268,0.015057207201660596,0.7935202678606353,0.1313930742857552,0.009261303403733741,0.00292767186976933
C:\Users\Fakhri\Downloads\klasifikasi_jenis_kain_glcm_knn\klasifikasi_jenis_kain_glcm_knn\dataset\Nylon\nylon_153.png,Nylon,12.530183838756074,3.8857574090457865,2.6313522614792952,0.4790765467977398,0.3326517782161024,0.05330227508133294,0.1221979741880994,0.00777007076090666,0.17735015977065524,0.2547021108266166,0.0149927188953049,0.001962747967584318
C:\Users\Fakhri\Downloads\klasifikasi_jenis_kain_glcm_knn\klasifikasi_jenis_kain_glcm_knn\dataset\Nylon\nylon_154.png,Nylon,16.182899065905072,4.805557276352212,2.971938462664413,0.5418553781644417,0.31715769232245483,0.053888779266038585,0.11278658258165548,0.010007771949819753,0.22688230303890955,0.2289110949914799,0.012820968709848196,0.0023291743009721437
C:\Users\Fakhri\Downloads\klasifikasi_jenis_kain_glcm_knn\klasifikasi_jenis_kain_glcm_knn\dataset\Nylon\nylon_155.png,Nylon,16.659909711930563,5.072686673734607,3.10020170420562,0.559335768043762,0.28899685260004593,0.050114372322300316,0.10596414896825128,0.006954784757893218,0.1594652713360751,0.2554358503347118,0.011276769897594371,0.0015213531847375773
C:\Users\Fakhri\Downloads\klasifikasi_jenis_kain_glcm_knn\klasifikasi_jenis_kain_glcm_knn\dataset\Nylon\nylon_156.png,Nylon,24.08089071163867,7.168502609510771,3.679689584462482,0.6679579006379993,0.2626925187835983,0.04995130699569229,0.0885356840905408,0.007294406892827413,0.23564751546494778,0.22702551705650004,0.007891775729298169,0.0013372722361268278
C:\Users\Fakhri\Downloads\klasifikasi_jenis_kain_glcm_knn\klasifikasi_jenis_kain_glcm_knn\dataset\Nylon\nylon_157.png,Nylon,8.449573995794564,4.047702332095227,2.1572103509158187,0.5865387133380044,0.38174327278508974,0.07920970712263693,0.10478313538964133,0.011772610741158939,0.603136745506348,0.18984122792609634,0.01111809982574676,0.002510842943746251
C:\Users\Fakhri\Downloads\klasifikasi_jenis_kain_glcm_knn\klasifikasi_jenis_kain_glcm_knn\dataset\Nylon\nylon_158.png,Nylon,9.17097454359831,3.626757552430062,2.3166799173564265,0.5069897694679896,0.34905199309548457,0.0617647455337847,0.10175385585828689,0.009140050209095606,0.529847469231458,0.18554346245013842,0.010437387699853815,0.0019074377610615134
C:\Users\Fakhri\Downloads\klasifikasi_jenis_kain_glcm_knn\klasifikasi_jenis_kain_glcm_knn\dataset\Nylon\nylon_159.png,Nylon,10.175906051285642,5.10791722248703,2.386759460607218,0.6763752990842211,0.35405483547021627,0.08029321582886509,0.0928521272025255,0.011532159353979901,0.646602533053431,0.17737769387750596,0.008754508225399566,0.0021860150808609385
C:\Users\Fakhri\Downloads\klasifikasi_jenis_kain_glcm_knn\klasifikasi_jenis_kain_glcm_knn\dataset\Nylon\nylon_160.png,Nylon,8.952051495007323,3.7274849539266213,2.246528963095143,0.5164715099786177,0.364709709178846,0.06426570832781031,0.09175861248656535,0.00946469106123225,0.6988971655772098,0.12580948039998663,0.008509223342344234,0.0017789281918689883
C:\Users\Fakhri\Downloads\klasifikasi_jenis_kain_glcm_knn\klasifikasi_jenis_kain_glcm_knn\dataset\Nylon\nylon_161.png,Nylon,8.224460666855764,5.016040150868311,1.925773135588533,0.6582641577273827,0.45125718928572334,0.09185125671655212,0.12234133985608218,0.017892833838504252,0.8008274827439775,0.12135672340115923,0.015287556940553726,0.00442465285181411
C:\Users\Fakhri\Downloads\klasifikasi_jenis_kain_glcm_knn\klasifikasi_jenis_kain_glcm_knn\dataset\Nylon\nylon_162.png,Nylon,6.607036303408161,3.9099390336549167,1.8375609497595826,0.6044089251271041,0.4376238222017586,0.09281423472111767,0.10868733850801339,0.016266876005803774,0.7754467063762519,0.13282458088859375,0.012077548806943686,0.003617776846070676
C:\Users\Fakhri\Downloads\klasifikasi_jenis_kain_glcm_knn\klasifikasi_jenis_kain_glcm_knn\dataset\Nylon\nylon_163.png,Nylon,9.73500347074261,6.004011454440357,2.0818157635283776,0.7180676627163973,0.4332806115479541,0.09239992042163657,0.11226219857396114,0.016820423959602235,0.814624275560606,0.11434631045820037,0.012885727890840241,0.0038228163646111834
C:\Users\Fakhri\Downloads\klasifikasi_jenis_kain_glcm_knn\klasifikasi_jenis_kain_glcm_knn\dataset\Nylon\nylon_164.png,Nylon,6.450433303005416,3.933593187510689,1.8143079320471793,0.6082902790090814,0.4393183918116413,0.09452886349252798,0.10172848337405804,0.015562517971365214,0.8231404576074853,0.10796041914800482,0.010590876295195069,0.0032621241172922284
C:\Users\Fakhri\Downloads\klasifikasi_jenis_kain_glcm_knn\klasifikasi_jenis_kain_glcm_knn\dataset\Nylon\nylon_165.png,Nylon,5.7963012532740406,3.43134387089173,1.690010073847608,0.5528041595720018,0.463713988595829,0.09271761881049156,0.12328488772708057,0.01792308241842146,0.7535568307133188,0.14583078335511013,0.015520400425256391,0.0045433517933397925
C:\Users\Fakhri\Downloads\klasifikasi_jenis_kain_glcm_knn\klasifikasi_jenis_kain_glcm_knn\dataset\Nylon\nylon_166.png,Nylon,10.102642339145875,6.205764387573455,2.130818170884396,0.7302475590396013,0.4260597937670741,0.09119649393611273,0.11332117907324223,0.017050106696192634,0.7858022668610851,0.13121693420220834,0.013132395764901383,0.0039266288775948455
C:\Users\Fakhri\Downloads\klasifikasi_jenis_kain_glcm_knn\klasifikasi_jenis_kain_glcm_knn\dataset\Nylon\nylon_167.png,Nylon,7.206188177576849,4.247996341313193,1.8875708320218951,0.6141065967954336,0.43467054811236977,0.09109006445939438,0.1107439231466494,0.016365259577923046,0.7788954630836908,0.1304925450567183,0.012532038234963789,0.003718353585185265
C:\Users\Fakhri\Downloads\klasifikasi_jenis_kain_glcm_knn\klasifikasi_jenis_kain_glcm_knn\dataset\Nylon\nylon_168.png,Nylon,10.642636283715438,6.698791832792465,2.1849975900784417,0.7660917197308125,0.4202228345397212,0.09302369472109913,0.10201612843400687,0.015629360273063594,0.8252092871151024,0.10985594988134388,0.010651567363209003,0.0032605047838286357
C:\Users\Fakhri\Downloads\klasifikasi_jenis_kain_glcm_knn\klasifikasi_jenis_kain_glcm_knn\dataset\Nylon\nylon_169.png,Nylon,2.3406987167535918,1.1458554039891449,1.1259483910058814,0.3179065884819985,0.5507077443586922,0.08552345864971793,0.1482832068920775,0.018153781998282624,0.8390322290508068,0.07888408433631604,0.022317469247039836,0.005501799656249659
C:\Users\Fakhri\Downloads\klasifikasi_jenis_kain_glcm_knn\klasifikasi_jenis_kain_glcm_knn\dataset\Nylon\nylon_170.png,Nylon,4.097621594888909,2.2221179471680306,1.4959186108911313,0.45043550772503005,0.4742245774448464,0.09054484271822567,0.11659546174733389,0.01558363448758966,0.8077733920433093,0.10432139655418948,0.01383735136391679,0.0037508650299027447
C:\Users\Fakhri\Downloads\klasifikasi_jenis_kain_glcm_knn\klasifikasi_jenis_kain_glcm_knn\dataset\Nylon\nylon_171.png,Nylon,3.0463685002303724,1.5696704353333264,1.2957999443646548,0.3820242096475887,0.510602317842833,0.09075021445121709,0.11900697459629277,0.0157757742338712,0.8820754792298762,0.0608510163288318,0.014411535055240746,0.003838090985789365
C:\Users\Fakhri\Downloads\klasifikasi_jenis_kain_glcm_knn\klasifikasi_jenis_kain_glcm_knn\dataset\Nylon\nylon_172.png,Nylon,4.569630831635103,2.569628827694578,1.5664145958774869,0.48334589635142755,0.46599938430756976,0.09078865401172426,0.10318828392053579,0.013931108573791479,0.8832801330868548,0.06594352413461652,0.010841897724559872,0.002992595273174609
C:\Users\Fakhri\Downloads\klasifikasi_jenis_kain_glcm_knn\klasifikasi_jenis_kain_glcm_knn\dataset\Nylon\nylon_173.png,Nylon,5.832096125120779,3.033891438385408,1.778979924344067,0.5161039825225768,0.4316347556172732,0.08405652011668939,0.11636306312186102,0.014807364681626684,0.6912806373729391,0.1605569235141929,0.013759620507916901,0.003540399192632205
C:\Users\Fakhri\Downloads\klasifikasi_jenis_kain_glcm_knn\klasifikasi_jenis_kain_glcm_knn\dataset\Nylon\nylon_174.png,Nylon,11.274728208072483,6.785526490595938,2.5051033499930573,0.8145994630956047,0.3424132607311808,0.08638643750373325,0.08647501703138966,0.01231086428472064,0.6821685329451848,0.19142956677184508,0.007629485950015943,0.0022257938499883087
C:\Users\Fakhri\Downloads\klasifikasi_jenis_kain_glcm_knn\klasifikasi_jenis_kain_glcm_knn\dataset\Nylon\nylon_175.png,Nylon,8.41600022041259,4.481388565849724,2.1750495379713506,0.6460798561249557,0.374960106757833,0.08329371301989216,0.08898353268606886,0.012114184935555886,0.7537963915697891,0.13108232137023487,0.008064822565945534,0.0022131457698947934
C:\Users\Fakhri\Downloads\klasifikasi_jenis_kain_glcm_knn\klasifikasi_jenis_kain_glcm_knn\dataset\Nylon\nylon_176.png,Nylon,10.948249838529838,6.359820969978068,2.437456720193119,0.7703631050021102,0.3560549323033922,0.08428049484200806,0.08049809040602936,0.011504916927134368,0.8045279599689469,0.11370985270554233,0.00661230567251754,0.0019151212335340795
C:\Users\Fakhri\Downloads\klasifikasi_jenis_kain_glcm_knn\klasifikasi_jenis_kain_glcm_knn\dataset\Nylon\nylon_177.png,Nylon,10.237633730345053,5.570734273815066,2.376048224098286,0.7053463862836347,0.3529265190118828,0.08027557003161048,0.07620346129496124,0.010390414972194091,0.8368469299707512,0.0888262002144252,0.0059149282366270485,0.0016253805353758535
C:\Users\Fakhri\Downloads\klasifikasi_jenis_kain_glcm_knn\klasifikasi_jenis_kain_glcm_knn\dataset\Nylon\nylon_178.png,Nylon,14.739368967626534,10.518431008370312,2.8760300604924187,1.174415364259833,0.30388745559330005,0.11517828458048716,0.07246098482050664,0.012987898828409233,0.7372803906158508,0.18760347796851617,0.005419279837134687,0.0019900753955279294
C:\Users\Fakhri\Downloads\klasifikasi_jenis_kain_glcm_knn\klasifikasi_jenis_kain_glcm_knn\dataset\Nylon\nylon_179.png,Nylon,11.457039338173518,6.383899042893488,2.53974450682364,0.7756050353285837,0.33212067840255366,0.08095894675453327,0.06287473133252414,0.009086004968325984,0.8848579776070582,0.06417533833610346,0.004035787326421537,0.0011699169390316508
C:\Users\Fakhri\Downloads\klasifikasi_jenis_kain_glcm_knn\klasifikasi_jenis_kain_glcm_knn\dataset\Nylon\nylon_180.png,Nylon,17.363553107712818,11.885659474754785,3.136306735677399,1.2107121123007618,0.2820874535872228,0.1027305452585412,0.056267296140858715,0.009951790692563993,0.8447776881489771,0.10664753821199492,0.003265046752991697,0.001186342355715322
C:\Users\Fakhri\Downloads\klasifikasi_jenis_kain_glcm_knn\klasifikasi_jenis_kain_glcm_knn\dataset\Nylon\nylon_181.png,Nylon,9.520644040319446,5.415280696409382,2.340690511675874,0.7183019722807578,0.3471970989489335,0.08285963514729465,0.08329299945474991,0.011253118570700982,0.8073006089468349,0.110216231531443,0.007064356435735223,0.0019407944519796625
C:\Users\Fakhri\Downloads\klasifikasi_jenis_kain_glcm_knn\klasifikasi_jenis_kain_glcm_knn\dataset\Nylon\nylon_182.png,Nylon,17.770919217021277,14.387437760257212,3.178969195344246,1.4941458139252692,0.2856245994632539,0.13864470903766754,0.07156666568805979,0.015908105374215855,0.6774760042609528,0.26115682803729456,0.0053748554543036715,0.0026325663462797373
C:\Users\Fakhri\Downloads\klasifikasi_jenis_kain_glcm_knn\klasifikasi_jenis_kain_glcm_knn\dataset\Nylon\nylon_183.png,Nylon,12.90484471397725,7.30410135535633,2.706758219395356,0.8367467871808741,0.3201797599272867,0.0785034324471036,0.06305265728530095,0.009454259850545177,0.8488075655035646,0.08587370576680503,0.004065020620059245,0.0012322219874895451
C:\Users\Fakhri\Downloads\klasifikasi_jenis_kain_glcm_knn\klasifikasi_jenis_kain_glcm_knn\dataset\Nylon\nylon_184.png,Nylon,21.95737923287365,17.330460317223856,3.45417466352294,1.6077645312349405,0.2778568523088904,0.13672814941861977,0.05996132951308531,0.013598432830092665,0.8419110717010064,0.125022667231715,0.003780278412411336,0.001866309417233013
C:\Users\Fakhri\Downloads\klasifikasi_jenis_kain_glcm_knn\klasifikasi_jenis_kain_glcm_knn\dataset\Nylon\nylon_185.png,Nylon,21.674841111275594,16.081245313009173,3.5223475877164128,1.4713645723694828,0.2579709565916664,0.1059097466191064,0.06102725112813547,0.010806145702553588,0.7159438063734562,0.2105887169373281,0.0038410981652013294,0.0013937172776636207
C:\Users\Fakhri\Downloads\klasifikasi_jenis_kain_glcm_knn\klasifikasi_jenis_kain_glcm_knn\dataset\Nylon\nylon_186.png,Nylon,11.780099997728987,7.0453597657739895,2.6208624579176862,0.8544518437056337,0.3184287825481922,0.08492176983056818,0.0755874220287535,0.01081679931358834,0.7618528923429403,0.14261355572046205,0.005830461516343337,0.0016744571679336078
C:\Users\Fakhri\Downloads\klasifikasi_jenis_kain_glcm_knn\klasifikasi_jenis_kain_glcm_knn\dataset\Nylon\nylon_187.png,Nylon,21.30108536885533,15.725245118911873,3.4875288583954576,1.4763757423929746,0.2594676561018836,0.10957395191221056,0.05597692838524992,0.010195594752668586,0.823273395999958,0.13094010800311326,0.0032373666638080413,0.001197843526010545
C:\Users\Fakhri\Downloads\klasifikasi_jenis_kain_glcm_knn\klasifikasi_jenis_kain_glcm_knn\dataset\Nylon\nylon_188.png,Nylon,14.412724196309808,8.079715496742923,2.8033316796264955,0.8566060786480351,0.3195686805268808,0.07717826713212664,0.06447535783634921,0.009334883426808833,0.8719385445994994,0.07203054410983897,0.0042442118167173885,0.0012399904678786749
C:\Users\Fakhri\Downloads\klasifikasi_jenis_kain_glcm_knn\klasifikasi_jenis_kain_glcm_knn\dataset\Nylon\nylon_189.png,Nylon,11.708658923423434,5.817858400373706,2.5679504111409925,0.7180737650975261,0.3326909180725211,0.07663155453448779,0.09134535363070924,0.010478569708223535,0.5496713703075564,0.22361948094808295,0.008453774053049423,0.00197889528353697
C:\Users\Fakhri\Downloads\klasifikasi_jenis_kain_glcm_knn\klasifikasi_jenis_kain_glcm_knn\dataset\Nylon\nylon_190.png,Nylon,35.34526467484017,20.864898287964916,4.029785366662599,1.423163065894765,0.2756117540287692,0.0917664130655944,0.07993890630703165,0.013345525265604168,0.47452817002751296,0.30930182014067886,0.006568331786179263,0.0022870365565248875
C:\Users\Fakhri\Downloads\klasifikasi_jenis_kain_glcm_knn\klasifikasi_jenis_kain_glcm_knn\dataset\Nylon\nylon_191.png,Nylon,14.538586693800818,7.415155209290902,2.868924411272219,0.8200874545721286,0.3074323972719482,0.07481810490529137,0.07873388598146261,0.009877756486968987,0.6124857608586044,0.19741611612034837,0.006296594874957811,0.0016059786307595957
C:\Users\Fakhri\Downloads\klasifikasi_jenis_kain_glcm_knn\klasifikasi_jenis_kain_glcm_knn\dataset\Nylon\nylon_192.png,Nylon,33.031101948272585,19.2229554973417,3.926566860940318,1.381273177185579,0.27001302128159216,0.09255306051625999,0.06752877586124893,0.011438982505350885,0.5818306996370184,0.24342419834697415,0.00469098589007652,0.001653700605272661
C:\Users\Fakhri\Downloads\klasifikasi_jenis_kain_glcm_knn\klasifikasi_jenis_kain_glcm_knn\dataset\Nylon\nylon_193.png,Nylon,16.152187128936415,9.247081395002862,3.0111952100714245,0.973187280653122,0.29883572780785134,0.08471579478024001,0.08352841311993801,0.010275300138997275,0.48696191193641547,0.2933904047166145,0.0070825775912815095,0.0017588779415606975
C:\Users\Fakhri\Downloads\klasifikasi_jenis_kain_glcm_knn\klasifikasi_jenis_kain_glcm_knn\dataset\Nylon\nylon_194.png,Nylon,25.890506351786218,15.234789793518006,3.6755970462526126,1.2424038004442826,0.2720950453805261,0.0837016121366551,0.07756591953994968,0.011212764888206,0.470722937083315,0.31099749915636504,0.006142197970516131,0.0017790256025862904
C:\Users\Fakhri\Downloads\klasifikasi_jenis_kain_glcm_knn\klasifikasi_jenis_kain_glcm_knn\dataset\Nylon\nylon_195.png,Nylon,21.060887753143792,11.757790436635885,3.3838990144284224,1.0784849885953283,0.2801169216877812,0.08078717633439668,0.07411819213384079,0.010030440330768157,0.5340519820832906,0.2598167649347516,0.005594116138418038,0.0015217144445945079
C:\Users\Fakhri\Downloads\klasifikasi_jenis_kain_glcm_knn\klasifikasi_jenis_kain_glcm_knn\dataset\Nylon\nylon_196.png,Nylon,22.931261394697486,12.875143995169681,3.5188618198508834,1.1251796221206543,0.2726484786996808,0.0784630014164576,0.06648934499923854,0.009370311229235009,0.609700646262548,0.21907325782616094,0.0045086357309604965,0.0012690989793453606
C:\Users\Fakhri\Downloads\klasifikasi_jenis_kain_glcm_knn\klasifikasi_jenis_kain_glcm_knn\dataset\Nylon\nylon_197.png,Nylon,64.1344548829963,37.681037295863554,5.816652428528656,1.9452972364059982,0.20251498136543067,0.0632729266893891,0.04673484567310004,0.008499709903165193,0.6321664546187423,0.21585776111961344,0.0022563908685264413,0.000822832539986643
C:\Users\Fakhri\Downloads\klasifikasi_jenis_kain_glcm_knn\klasifikasi_jenis_kain_glcm_knn\dataset\Nylon\nylon_198.png,Nylon,59.894693533539844,29.788229116275016,5.682062315484675,1.657915036486561,0.1985895633307486,0.05724113576410253,0.04331140724176991,0.006537625200919109,0.6135660594739151,0.19202368415464796,0.0019186185405301317,0.0005825737076454265
C:\Users\Fakhri\Downloads\klasifikasi_jenis_kain_glcm_knn\klasifikasi_jenis_kain_glcm_knn\dataset\Nylon\nylon_199.png,Nylon,72.39653691054066,43.11335934894476,6.204047314896617,2.0945486833009883,0.190206548032842,0.061631836978200995,0.042597188667685935,0.007787839308875855,0.6343813481140941,0.21742238052782947,0.001875170923491303,0.0006899840554023516
C:\Users\Fakhri\Downloads\klasifikasi_jenis_kain_glcm_knn\klasifikasi_jenis_kain_glcm_knn\dataset\Nylon\nylon_200.png,Nylon,77.02974265454465,42.030339200042185,6.423501360926347,2.0225508634432376,0.1824763502781044,0.05710476770302079,0.03748053133744314,0.006291576482285216,0.6496723232264286,0.19101196519660124,0.001444374163969502,0.000486401958962457
C:\Users\Fakhri\Downloads\klasifikasi_jenis_kain_glcm_knn\klasifikasi_jenis_kain_glcm_knn\dataset\Polyester\polyester_001.png,Polyester,21.236884381422318,11.454380475191478,3.5022713839295228,1.0498956462884963,0.2573432390757525,0.07401505546272519,0.06942945793640017,0.008719728974498827,0.5064960624370449,0.26635747757352685,0.004896483302731074,0.001310476764549054
C:\Users\Fakhri\Downloads\klasifikasi_jenis_kain_glcm_knn\klasifikasi_jenis_kain_glcm_knn\dataset\Polyester\polyester_002.png,Polyester,23.32608395600214,11.386473900522622,3.6867113312352617,1.0375228992505374,0.2460037479226385,0.07053476979839454,0.06818092356168338,0.007931484698847994,0.4759134422180704,0.2554965510604104,0.004711546787252174,0.001150250904956312
C:\Users\Fakhri\Downloads\klasifikasi_jenis_kain_glcm_knn\klasifikasi_jenis_kain_glcm_knn\dataset\Polyester\polyester_003.png,Polyester,23.32763148387053,11.79927128423698,3.6999546974242428,1.0639542938070727,0.24386581816996655,0.07091776578234188,0.06563802214290962,0.008251872197080535,0.5184490411639676,0.243818109836062,0.004376443345590045,0.001161590456486371
C:\Users\Fakhri\Downloads\klasifikasi_jenis_kain_glcm_knn\klasifikasi_jenis_kain_glcm_knn\dataset\Polyester\polyester_004.png,Polyester,33.73004985087644,18.831490651048014,4.4702335343452075,1.444063674064093,0.20860932689198133,0.07531969087466232,0.05158930200039804,0.007550703762983601,0.5797682937611649,0.23485373271267537,0.002718469208204608,0.0008528131289365068
C:\Users\Fakhri\Downloads\klasifikasi_jenis_kain_glcm_knn\klasifikasi_jenis_kain_glcm_knn\dataset\Polyester\polyester_005.png,Polyester,26.090994130275188,13.624500952861966,3.8752296279674603,1.1483312733953936,0.23925079305378963,0.07312543678638493,0.0700120973890828,0.008365896847863756,0.3736914499179853,0.3268500564987919,0.004971682010887512,0.001300259852948357
C:\Users\Fakhri\Downloads\klasifikasi_jenis_kain_glcm_knn\klasifikasi_jenis_kain_glcm_knn\dataset\Polyester\polyester_006.png,Polyester,28.18066802772285,13.880032583456417,4.048223588046326,1.199447853420486,0.23241082116031084,0.0801280859220227,0.06532438430365127,0.008529755535810753,0.42065546018126954,0.28476143334943793,0.004340031914151814,0.0012314223130746034
C:\Users\Fakhri\Downloads\klasifikasi_jenis_kain_glcm_knn\klasifikasi_jenis_kain_glcm_knn\dataset\Polyester\polyester_007.png,Polyester,30.199874304346277,14.581682014393035,4.152032092159085,1.1887100856856303,0.22783323296293778,0.07290849761399873,0.06342174469495686,0.008293260890594926,0.4358142286640601,0.2720986294733253,0.004091095876351757,0.0011578079249886424
C:\Users\Fakhri\Downloads\klasifikasi_jenis_kain_glcm_knn\klasifikasi_jenis_kain_glcm_knn\dataset\Polyester\polyester_008.png,Polyester,41.085555818711015,19.83509803797578,4.844270567087883,1.427052726863771,0.20402327388620697,0.07201777731683044,0.05129067935095915,0.0073807212900327355,0.4856745116431616,0.24808826314151936,0.002685208835044049,0.000837713316250825
C:\Users\Fakhri\Downloads\klasifikasi_jenis_kain_glcm_knn\klasifikasi_jenis_kain_glcm_knn\dataset\Polyester\polyester_009.png,Polyester,7.525392405527949,4.503750692832692,1.9762608620282582,0.6587616691197437,0.41403693234494693,0.0971349199213364,0.06220294779745173,0.01011429117183718,0.9639019688605622,0.021678467281647275,0.003971505600601209,0.0013283207934066438
C:\Users\Fakhri\Downloads\klasifikasi_jenis_kain_glcm_knn\klasifikasi_jenis_kain_glcm_knn\dataset\Polyester\polyester_010.png,Polyester,9.862550051017191,5.510128983134012,2.34833815720645,0.7392231418519495,0.3531067769405967,0.08878679496525652,0.0653921930101189,0.01026476573935001,0.8990259568432396,0.056536856230550506,0.004381504322356375,0.0013865082649014207
C:\Users\Fakhri\Downloads\klasifikasi_jenis_kain_glcm_knn\klasifikasi_jenis_kain_glcm_knn\dataset\Polyester\polyester_011.png,Polyester,6.657884303797101,4.0178943862255405,1.8690728123225961,0.6301673819278212,0.4242118052554775,0.10017220595387738,0.05988393969004451,0.009768831550803823,0.9739031014541042,0.015821139469676265,0.00368151630266887,0.0012350200554106447
C:\Users\Fakhri\Downloads\klasifikasi_jenis_kain_glcm_knn\klasifikasi_jenis_kain_glcm_knn\dataset\Polyester\polyester_012.png,Polyester,10.610631038907885,6.116569488076788,2.3575198807333417,0.7640580397251981,0.3708781917509349,0.08812037899177862,0.056108090138556464,0.008813327672611372,0.9573282275233926,0.02462813592893133,0.0032257925236611946,0.0010157730072940833
C:\Users\Fakhri\Downloads\klasifikasi_jenis_kain_glcm_knn\klasifikasi_jenis_kain_glcm_knn\dataset\Polyester\polyester_013.png,Polyester,18.547342173769184,10.55318383173273,3.12445271051526,0.9941744336747524,0.30677010274014815,0.07872877518742342,0.06323271656672284,0.009132987264522403,0.7603564137454023,0.13647245802974467,0.004081787900781436,0.0011986585405514712
C:\Users\Fakhri\Downloads\klasifikasi_jenis_kain_glcm_knn\klasifikasi_jenis_kain_glcm_knn\dataset\Polyester\polyester_014.png,Polyester,19.181180872090703,11.489860872570425,3.2117020473726545,1.066545819668592,0.2960317605300989,0.08212734086557498,0.0660070455864514,0.010518188489017569,0.7267670451962122,0.16388581400472796,0.004467562356142376,0.0014423115919802206
C:\Users\Fakhri\Downloads\klasifikasi_jenis_kain_glcm_knn\klasifikasi_jenis_kain_glcm_knn\dataset\Polyester\polyester_015.png,Polyester,17.116880234243013,9.828399781493927,3.0113502292076806,0.9661437238436772,0.313213375705444,0.08107823470529876,0.054112456865605674,0.00871558192794967,0.8761335870212067,0.07113685810114032,0.0030041193563748376,0.0009781055526341875
C:\Users\Fakhri\Downloads\klasifikasi_jenis_kain_glcm_knn\klasifikasi_jenis_kain_glcm_knn\dataset\Polyester\polyester_016.png,Polyester,12.775308610968017,7.36040752041398,2.6946665033967165,0.8641780171394329,0.31853314947469563,0.08716615127518446,0.05479273145877015,0.008691530950859663,0.9205707986152833,0.045937233429163386,0.003077786130982652,0.0009875530957045016
C:\Users\Fakhri\Downloads\klasifikasi_jenis_kain_glcm_knn\klasifikasi_jenis_kain_glcm_knn\dataset\Polyester\polyester_017.png,Polyester,19.10193352185785,9.51759540300184,3.355169964915713,0.9138174560939272,0.2600029546808737,0.06352868186218567,0.06676402056495365,0.007862163738086349,0.6309899809739988,0.1836470216817835,0.004519248060642032,0.0010840447432991526
C:\Users\Fakhri\Downloads\klasifikasi_jenis_kain_glcm_knn\klasifikasi_jenis_kain_glcm_knn\dataset\Polyester\polyester_018.png,Polyester,26.891235712959425,19.665098817554938,3.946845788396191,1.6254961301919786,0.2358673320677489,0.10137229535500125,0.05529481977344237,0.010480754131397362,0.6674777827896724,0.24289397155009174,0.0031673633009402778,0.0013057246485376661
C:\Users\Fakhri\Downloads\klasifikasi_jenis_kain_glcm_knn\klasifikasi_jenis_kain_glcm_knn\dataset\Polyester\polyester_019.png,Polyester,19.855834615718084,9.891876465388552,3.404171900090104,0.9328531736195859,0.2590277654345729,0.06340656015629605,0.05675438102809632,0.007359374607568553,0.762710475775367,0.11837072772537813,0.0032752201604968633,0.0008606500783750446
C:\Users\Fakhri\Downloads\klasifikasi_jenis_kain_glcm_knn\klasifikasi_jenis_kain_glcm_knn\dataset\Polyester\polyester_020.png,Polyester,32.81710303342545,25.380836453185413,4.28283164750214,1.842436773242064,0.2350261410849379,0.09832995430152086,0.0409158040968602,0.008178326058653259,0.8756874262379716,0.09622308430271452,0.0017409880420142896,0.0007561709916894725
C:\Users\Fakhri\Downloads\klasifikasi_jenis_kain_glcm_knn\klasifikasi_jenis_kain_glcm_knn\dataset\Polyester\polyester_021.png,Polyester,24.170711585475022,16.978922404738768,3.731416991769459,1.4744180209660498,0.24352011144167549,0.09711589813821087,0.05440276174490688,0.009481994836448114,0.735133146435309,0.18619051737601758,0.0030495687115515324,0.001117908072671239
C:\Users\Fakhri\Downloads\klasifikasi_jenis_kain_glcm_knn\klasifikasi_jenis_kain_glcm_knn\dataset\Polyester\polyester_022.png,Polyester,20.694109133887633,10.857943285318033,3.457137100654687,1.0085949140349255,0.25893044596342674,0.06813798870381078,0.0597171340644728,0.007911271189300514,0.6940677928456874,0.16074020436202568,0.0036287243127048744,0.0009718457394315694
C:\Users\Fakhri\Downloads\klasifikasi_jenis_kain_glcm_knn\klasifikasi_jenis_kain_glcm_knn\dataset\Polyester\polyester_023.png,Polyester,31.39718411047819,23.55878132931997,4.266098572743888,1.7637383000633884,0.2217694212706218,0.09100438356969466,0.05113165638960138,0.008946455699188928,0.6691857947849819,0.24856175083987364,0.002694485354721814,0.001005159353856186
C:\Users\Fakhri\Downloads\klasifikasi_jenis_kain_glcm_knn\klasifikasi_jenis_kain_glcm_knn\dataset\Polyester\polyester_024.png,Polyester,17.048396399685885,8.535954878841515,3.206167617493824,0.8833227368428294,0.26486495966019247,0.06538387156547346,0.054540612806200095,0.006944394757087809,0.8425811030456355,0.07901349235016536,0.003022903063818106,0.0007820554163712974
C:\Users\Fakhri\Downloads\klasifikasi_jenis_kain_glcm_knn\klasifikasi_jenis_kain_glcm_knn\dataset\Polyester\polyester_025.png,Polyester,28.623507737802772,15.694790422800784,4.120117942025959,1.2720128549000995,0.22053858275544072,0.06820461638578237,0.057836098855654224,0.007276457332295075,0.5732587447734914,0.2337919047409002,0.0033979611621497187,0.0008576086773194766
C:\Users\Fakhri\Downloads\klasifikasi_jenis_kain_glcm_knn\klasifikasi_jenis_kain_glcm_knn\dataset\Polyester\polyester_026.png,Polyester,31.81906344237569,17.861801407063798,4.317462790944145,1.3803830323508584,0.21502500509505082,0.06982439666877216,0.056438385917549634,0.0071276140445181175,0.5287839210687215,0.2646604540425854,0.0032360942869458765,0.000822093643570226
C:\Users\Fakhri\Downloads\klasifikasi_jenis_kain_glcm_knn\klasifikasi_jenis_kain_glcm_knn\dataset\Polyester\polyester_027.png,Polyester,34.96846991318436,19.438411084365587,4.546834603433237,1.4342656850094933,0.20312514188214062,0.06740463198479488,0.05119135290174618,0.0065368287821676915,0.5724696789806221,0.23751166240928354,0.002663284742438494,0.0006833521237929605
C:\Users\Fakhri\Downloads\klasifikasi_jenis_kain_glcm_knn\klasifikasi_jenis_kain_glcm_knn\dataset\Polyester\polyester_028.png,Polyester,41.28212208178876,21.110019420240988,4.92129267936435,1.4324657365568543,0.19073188854505949,0.05856138190425056,0.04690767175186187,0.005654333713218543,0.5810099379703196,0.21421833500698792,0.00223230115892086,0.0005416653054181262
C:\Users\Fakhri\Downloads\klasifikasi_jenis_kain_glcm_knn\klasifikasi_jenis_kain_glcm_knn\dataset\Polyester\polyester_029.png,Polyester,29.085045816464213,14.340603873847556,4.038908551343608,1.1046250837527969,0.23980422365408371,0.06003317707466655,0.05256497435641189,0.006869548406900564,0.6943536179397366,0.1507549179704286,0.0028102672244049894,0.0007432302900046615
C:\Users\Fakhri\Downloads\klasifikasi_jenis_kain_glcm_knn\klasifikasi_jenis_kain_glcm_knn\dataset\Polyester\polyester_030.png,Polyester,43.70177572195589,24.255674631889676,5.047923720516347,1.5585202265457143,0.1925514097925699,0.06179666382161714,0.045060404492680284,0.006126189698331598,0.5809412147760686,0.23255243430392414,0.002067970253263906,0.0005952439142313882
C:\Users\Fakhri\Downloads\klasifikasi_jenis_kain_glcm_knn\klasifikasi_jenis_kain_glcm_knn\dataset\Polyester\polyester_031.png,Polyester,32.914524249344154,16.230739356431815,4.310306510322768,1.1857586526597927,0.22844660220859794,0.05875008228037371,0.047147789399700955,0.0062760333003167796,0.7356428722878832,0.1305460463333694,0.0022623026392652387,0.0006102088917481122
C:\Users\Fakhri\Downloads\klasifikasi_jenis_kain_glcm_knn\klasifikasi_jenis_kain_glcm_knn\dataset\Polyester\polyester_032.png,Polyester,43.696012118727005,24.458627455476222,5.043983587993824,1.5857292485727819,0.1933500681487741,0.06440546843623408,0.04147082411391161,0.00593325646561324,0.6894892499120656,0.17405492828797153,0.001755032784973734,0.000536078244576266
C:\Users\Fakhri\Downloads\klasifikasi_jenis_kain_glcm_knn\klasifikasi_jenis_kain_glcm_knn\dataset\Polyester\polyester_033.png,Polyester,54.99922611033741,27.02402746532334,5.591227023160098,1.6129942570673215,0.18026087541423877,0.05812983315754725,0.04726759075856129,0.005415958684356204,0.38648536043385356,0.3008948591837722,0.002263557744589482,0.0005470570520419978
C:\Users\Fakhri\Downloads\klasifikasi_jenis_kain_glcm_knn\klasifikasi_jenis_kain_glcm_knn\dataset\Polyester\polyester_034.png,Polyester,51.598655966458345,22.78473481335109,5.3806976227947345,1.3823799757615967,0.19220472065482821,0.052678349355557576,0.04897456436946602,0.005566591253090111,0.4561969316489424,0.23998562270213078,0.0024294948933579505,0.0005639430809990761
C:\Users\Fakhri\Downloads\klasifikasi_jenis_kain_glcm_knn\klasifikasi_jenis_kain_glcm_knn\dataset\Polyester\polyester_035.png,Polyester,62.50406142502246,30.46733249298446,6.010777882595453,1.7126444848395606,0.16811950890985042,0.05291831162339519,0.041852729908073476,0.005114268053048547,0.4697181310902332,0.2582972974955756,0.00177780673847658,0.0004555890787667201
C:\Users\Fakhri\Downloads\klasifikasi_jenis_kain_glcm_knn\klasifikasi_jenis_kain_glcm_knn\dataset\Polyester\polyester_036.png,Polyester,39.58848761933826,18.209087007475432,4.7635357133293015,1.230901131491256,0.20718620023599532,0.05270213093345996,0.043147210535603185,0.005341499098082839,0.7159302255661949,0.1307892791243594,0.0018902133896184859,0.0004767119038540971
C:\Users\Fakhri\Downloads\klasifikasi_jenis_kain_glcm_knn\klasifikasi_jenis_kain_glcm_knn\dataset\Polyester\polyester_037.png,Polyester,19.362459823557696,10.50790854745595,3.153789261515152,0.9823882886624054,0.3103495123347641,0.07840820466884654,0.07563202337354859,0.011995796311428998,0.7959356110632306,0.11076519618974962,0.005864102088722294,0.001849002828042962
C:\Users\Fakhri\Downloads\klasifikasi_jenis_kain_glcm_knn\klasifikasi_jenis_kain_glcm_knn\dataset\Polyester\polyester_038.png,Polyester,22.213748869673214,12.592760837536503,3.422990899850054,1.0923733234957849,0.290933263957536,0.07417939118394408,0.06696804259254795,0.010258323285409458,0.7654976813130477,0.1329975337378825,0.004589951925305292,0.0014073937753448504
C:\Users\Fakhri\Downloads\klasifikasi_jenis_kain_glcm_knn\klasifikasi_jenis_kain_glcm_knn\dataset\Polyester\polyester_039.png,Polyester,18.798530580581712,10.814012901369445,3.078876797951827,0.9845854051131732,0.3349848858165598,0.07317013147215741,0.08391501882206265,0.010639980524037035,0.8004882873945544,0.11484468017722026,0.007154939569459015,0.0018137749252614655
C:\Users\Fakhri\Downloads\klasifikasi_jenis_kain_glcm_knn\klasifikasi_jenis_kain_glcm_knn\dataset\Polyester\polyester_040.png,Polyester,20.659121916521304,11.83823124461948,3.2242794304937377,1.0400525663947116,0.3194204615196631,0.07417006357937705,0.07727847775322706,0.009682908374353816,0.8193852375660943,0.10368445332603879,0.006065721838442141,0.0015261954323960987
C:\Users\Fakhri\Downloads\klasifikasi_jenis_kain_glcm_knn\klasifikasi_jenis_kain_glcm_knn\dataset\Polyester\polyester_041.png,Polyester,22.51314855751592,12.267313688625167,3.261754356771011,1.024942566101047,0.33499735284924176,0.0740018842822118,0.09824718053349259,0.014355573953066409,0.702047834604035,0.16238181402606322,0.009858590986302644,0.0028340806265264515
C:\Users\Fakhri\Downloads\klasifikasi_jenis_kain_glcm_knn\klasifikasi_jenis_kain_glcm_knn\dataset\Polyester\polyester_042.png,Polyester,25.66528532266507,14.40498043606657,3.6494426555821335,1.1537323715042003,0.2960848773092758,0.07010717147770007,0.0790036139370723,0.011678070174752345,0.7197170493743271,0.15716568630968566,0.006377948338124402,0.001858821630407707
C:\Users\Fakhri\Downloads\klasifikasi_jenis_kain_glcm_knn\klasifikasi_jenis_kain_glcm_knn\dataset\Polyester\polyester_043.png,Polyester,28.15936950428632,16.028769893889645,3.5731426404709716,1.1666841590887929,0.3368178478852069,0.07135573077773781,0.10308999227607735,0.014302873144801383,0.7134763517021185,0.1629385090915831,0.01083211868767797,0.0029604460022846094
C:\Users\Fakhri\Downloads\klasifikasi_jenis_kain_glcm_knn\klasifikasi_jenis_kain_glcm_knn\dataset\Polyester\polyester_044.png,Polyester,19.91770477980307,10.952983460955155,2.9807847805915624,0.9238968862247133,0.3819638294547698,0.06865503032694514,0.1240225448772088,0.014872599959014127,0.8175994924650488,0.10029889417465025,0.015602785867360136,0.0037104075592709097
C:\Users\Fakhri\Downloads\klasifikasi_jenis_kain_glcm_knn\klasifikasi_jenis_kain_glcm_knn\dataset\Polyester\polyester_045.png,Polyester,30.905503923168855,15.13976441328228,4.01671320159818,1.1595567176311796,0.25773181178100063,0.06851597776881212,0.05736429889258172,0.007623045976109933,0.6226574124387361,0.18474006271215676,0.0033487736173913383,0.0009021277970357232
C:\Users\Fakhri\Downloads\klasifikasi_jenis_kain_glcm_knn\klasifikasi_jenis_kain_glcm_knn\dataset\Polyester\polyester_046.png,Polyester,45.192237557483026,23.130283553445544,4.757795436905761,1.4560650191538322,0.24632650695272962,0.0683251044475617,0.05193614044034147,0.008354319963918925,0.681401775093886,0.1629782721773823,0.0027671573458984064,0.0008968735698870428
C:\Users\Fakhri\Downloads\klasifikasi_jenis_kain_glcm_knn\klasifikasi_jenis_kain_glcm_knn\dataset\Polyester\polyester_047.png,Polyester,37.262614899576135,18.453552339318698,4.324471196045646,1.2671727958622163,0.2524876883503476,0.06766390297115993,0.05422404731004385,0.007660086647748958,0.6595770143344051,0.16853013907117392,0.002998924234132896,0.0008565424872390111
C:\Users\Fakhri\Downloads\klasifikasi_jenis_kain_glcm_knn\klasifikasi_jenis_kain_glcm_knn\dataset\Polyester\polyester_048.png,Polyester,46.50944896918693,24.58420226047888,4.797895796443577,1.504566302378813,0.24781612990119298,0.06997546005366125,0.04974486980619022,0.008198495105356562,0.6871263988319062,0.16517420432805208,0.0025417673940273714,0.0008469724193693232
C:\Users\Fakhri\Downloads\klasifikasi_jenis_kain_glcm_knn\klasifikasi_jenis_kain_glcm_knn\dataset\Polyester\polyester_049.png,Polyester,31.75048964240571,16.63460411393478,3.9779221644393292,1.2161667471569677,0.2736718300069777,0.07314513887287584,0.05876561323403456,0.008716241331159289,0.6575659190450259,0.17922015281599332,0.0035293701617151465,0.001048759403908033
C:\Users\Fakhri\Downloads\klasifikasi_jenis_kain_glcm_knn\klasifikasi_jenis_kain_glcm_knn\dataset\Polyester\polyester_050.png,Polyester,42.0500556363639,22.152005709375718,4.640650846482264,1.4306357082431471,0.2411142434841653,0.06814895932291509,0.052195757107794484,0.007978251526437006,0.6566351123287325,0.18068267779627586,0.0027880495574749715,0.000858410017131821
C:\Users\Fakhri\Downloads\klasifikasi_jenis_kain_glcm_knn\klasifikasi_jenis_kain_glcm_knn\dataset\Polyester\polyester_051.png,Polyester,38.738735242125436,19.486306739519883,4.4612715016204785,1.3209952978003654,0.2432360400464655,0.06755713764548547,0.0523894099845546,0.007449988946078636,0.6468323011429195,0.17741711994229997,0.002800152613826443,0.0008041208883789754
C:\Users\Fakhri\Downloads\klasifikasi_jenis_kain_glcm_knn\klasifikasi_jenis_kain_glcm_knn\dataset\Polyester\polyester_052.png,Polyester,43.446523955211035,22.765089827418137,4.66494913909467,1.4595058996801544,0.2492665273159896,0.07089339609600777,0.049491344750897746,0.007976227488906503,0.6926291731315088,0.16099211602776622,0.0025130134102070013,0.0008088063168883392
C:\Users\Fakhri\Downloads\klasifikasi_jenis_kain_glcm_knn\klasifikasi_jenis_kain_glcm_knn\dataset\Polyester\polyester_053.png,Polyester,13.670824921514734,8.628011350415866,2.6787833246941664,0.9308512546262339,0.33534002354917486,0.09066433327423784,0.08035805927456847,0.012473411721004267,0.6927307749937021,0.19372916265605433,0.006613003690336748,0.0020451811997814436
C:\Users\Fakhri\Downloads\klasifikasi_jenis_kain_glcm_knn\klasifikasi_jenis_kain_glcm_knn\dataset\Polyester\polyester_054.png,Polyester,10.617658419263153,6.344701125041729,2.381947418078128,0.7819897556983568,0.3584909338629132,0.0896145852264752,0.08955171110709935,0.013014024343479593,0.6938130442267236,0.18285868335184066,0.008188873791822059,0.0023819582610127427
C:\Users\Fakhri\Downloads\klasifikasi_jenis_kain_glcm_knn\klasifikasi_jenis_kain_glcm_knn\dataset\Polyester\polyester_055.png,Polyester,14.625735133833698,9.112303097793358,2.7406606207222075,0.9423953852700725,0.33237833795006416,0.0898350838258359,0.07974048575647888,0.012222579141708585,0.6859423703381683,0.19543910802824507,0.00650793650955454,0.0019909009967019383
C:\Users\Fakhri\Downloads\klasifikasi_jenis_kain_glcm_knn\klasifikasi_jenis_kain_glcm_knn\dataset\Polyester\polyester_056.png,Polyester,17.89196373551157,11.054272443052442,3.122432529405616,1.05148221839234,0.2923029248460702,0.08283726509803238,0.06559520758307844,0.009911839344456492,0.7054416018299069,0.18188091939579,0.004400975817057467,0.0013323150501526476
C:\Users\Fakhri\Downloads\klasifikasi_jenis_kain_glcm_knn\klasifikasi_jenis_kain_glcm_knn\dataset\Polyester\polyester_057.png,Polyester,15.100003715108814,8.50411550882733,2.8594862580946967,0.8843226861321369,0.3120306643436159,0.07960119841838878,0.07718034075145319,0.010255027475364359,0.6289874015179746,0.20866103991791057,0.006061970587030904,0.0016261964044948392
C:\Users\Fakhri\Downloads\klasifikasi_jenis_kain_glcm_knn\klasifikasi_jenis_kain_glcm_knn\dataset\Polyester\polyester_058.png,Polyester,14.846761354326581,8.74507310806822,2.8041162694125465,0.9066472725573137,0.32147430602286536,0.0832994652738224,0.08204933991154809,0.01153433767978982,0.6370015734656511,0.21362536694726858,0.006865135125632176,0.0019331686019213503
C:\Users\Fakhri\Downloads\klasifikasi_jenis_kain_glcm_knn\klasifikasi_jenis_kain_glcm_knn\dataset\Polyester\polyester_059.png,Polyester,13.900603198552753,8.267033187026323,2.6944082488320276,0.8897301642624942,0.3337204725280623,0.08803366458217879,0.07939271784108129,0.011920125637756082,0.6840536204438483,0.18788007202392898,0.006445293041413436,0.0019335968086343022
C:\Users\Fakhri\Downloads\klasifikasi_jenis_kain_glcm_knn\klasifikasi_jenis_kain_glcm_knn\dataset\Polyester\polyester_060.png,Polyester,17.49305228718702,9.741042975711663,3.0354198899079834,0.9401164084824196,0.30359362639603377,0.07863169588924082,0.07150273711876166,0.010040430252112216,0.6781896822002086,0.17908972733529757,0.005213451655122267,0.0014720989991011703
C:\Users\Fakhri\Downloads\klasifikasi_jenis_kain_glcm_knn\klasifikasi_jenis_kain_glcm_knn\dataset\Polyester\polyester_061.png,Polyester,11.219622419999068,5.4644913986542,2.0639022355534595,0.5857322869145408,0.4846560298238365,0.07035011862743515,0.18134349716505826,0.020997225721247872,0.6537643739343244,0.16852584097883022,0.033326347452042514,0.007686813901741183
C:\Users\Fakhri\Downloads\klasifikasi_jenis_kain_glcm_knn\klasifikasi_jenis_kain_glcm_knn\dataset\Polyester\polyester_062.png,Polyester,11.731193354873364,6.447799156323614,2.416172511959442,0.7549954256410096,0.38480678318011335,0.0859337326902318,0.11659791086502701,0.01768050455206325,0.535709796051779,0.25466705009230695,0.013907673059304314,0.004345391271800525
C:\Users\Fakhri\Downloads\klasifikasi_jenis_kain_glcm_knn\klasifikasi_jenis_kain_glcm_knn\dataset\Polyester\polyester_063.png,Polyester,9.675340289416853,4.662657186990079,1.8492164470215589,0.5186370630102795,0.524961475349537,0.06673488132430948,0.2040871821259613,0.021731083192743694,0.6845431769069412,0.1519988398093281,0.04212381788484523,0.008960511944870514
C:\Users\Fakhri\Downloads\klasifikasi_jenis_kain_glcm_knn\klasifikasi_jenis_kain_glcm_knn\dataset\Polyester\polyester_064.png,Polyester,12.957219269369219,7.0301381850951605,2.5286948996002776,0.787992737778482,0.37369284334994535,0.08732614677999984,0.11169947883904414,0.017317601990161753,0.562209234897948,0.23731524841987087,0.012776672911603724,0.0041016106189063805
C:\Users\Fakhri\Downloads\klasifikasi_jenis_kain_glcm_knn\klasifikasi_jenis_kain_glcm_knn\dataset\Polyester\polyester_065.png,Polyester,11.24125685496378,5.484605101391505,2.313190249891564,0.668740215167372,0.4016559198656075,0.08305988371841148,0.13258683197745272,0.01810419576117202,0.43375257179611815,0.2755039618813342,0.017907029917976117,0.005022378595182476
C:\Users\Fakhri\Downloads\klasifikasi_jenis_kain_glcm_knn\klasifikasi_jenis_kain_glcm_knn\dataset\Polyester\polyester_066.png,Polyester,16.474579640428285,7.352427212220669,2.507599026875187,0.677144697577091,0.44502172888680125,0.06914021686312405,0.1602479389376851,0.020161730253054316,0.5646182745201491,0.19384908378785823,0.026085897300572983,0.0065414889855628855
C:\Users\Fakhri\Downloads\klasifikasi_jenis_kain_glcm_knn\klasifikasi_jenis_kain_glcm_knn\dataset\Polyester\polyester_067.png,Polyester,12.652933279737361,6.217480581700248,2.4097573401755503,0.7016507748789055,0.4062771596918644,0.08088267309782331,0.13801656918389069,0.01959189309281863,0.5132806083417348,0.23886625340349088,0.019432415644252122,0.005594571217424739
C:\Users\Fakhri\Downloads\klasifikasi_jenis_kain_glcm_knn\klasifikasi_jenis_kain_glcm_knn\dataset\Polyester\polyester_068.png,Polyester,15.413691740582065,6.884804518671124,2.3589474711875407,0.6381171840312339,0.47481563976299507,0.0669013745531718,0.17860670383592692,0.020924697841080232,0.6123886405978317,0.17303086956995248,0.032338197634875034,0.007554381186876784
C:\Users\Fakhri\Downloads\klasifikasi_jenis_kain_glcm_knn\klasifikasi_jenis_kain_glcm_knn\dataset\Polyester\polyester_069.png,Polyester,43.80450032710933,27.33919734373616,4.9175740307724976,1.6909289599051271,0.20312530418755148,0.06911113964129585,0.04974446211305853,0.007465055486703734,0.5110706699610751,0.30490603900610624,0.002530238564337081,0.0008267479484095408
C:\Users\Fakhri\Downloads\klasifikasi_jenis_kain_glcm_knn\klasifikasi_jenis_kain_glcm_knn\dataset\Polyester\polyester_070.png,Polyester,50.738200449956814,26.206338155452073,4.93763290816674,1.47866072407017,0.2348564310194309,0.06536838236658983,0.0537145027312717,0.0081268365832918,0.6242159552822386,0.1940394146819106,0.002951293276519325,0.0009063831720980434
C:\Users\Fakhri\Downloads\klasifikasi_jenis_kain_glcm_knn\klasifikasi_jenis_kain_glcm_knn\dataset\Polyester\polyester_071.png,Polyester,48.93566408889177,30.341501092173967,5.188478948723085,1.773094247375082,0.19459999797192304,0.06613154507218384,0.045277814617851346,0.00703461321922131,0.558080800202721,0.273575299786642,0.0020995662797125554,0.0007017287528932322
C:\Users\Fakhri\Downloads\klasifikasi_jenis_kain_glcm_knn\klasifikasi_jenis_kain_glcm_knn\dataset\Polyester\polyester_072.png,Polyester,54.355595930369184,27.614983454412016,5.1532713213405215,1.5191008011130693,0.22954940942213317,0.06314438078772347,0.04555111943787304,0.00727071160611597,0.690251216564466,0.15739074158144253,0.002127767729302684,0.0007001153446633613
C:\Users\Fakhri\Downloads\klasifikasi_jenis_kain_glcm_knn\klasifikasi_jenis_kain_glcm_knn\dataset\Polyester\polyester_073.png,Polyester,46.29300627406668,27.350811839907465,4.9062385474461285,1.623909511522459,0.2153214603397696,0.06483162196550879,0.05015562181645484,0.007567618031128038,0.6092170365248912,0.2306259909440692,0.002572855242460296,0.0007833665321295724
C:\Users\Fakhri\Downloads\klasifikasi_jenis_kain_glcm_knn\klasifikasi_jenis_kain_glcm_knn\dataset\Polyester\polyester_074.png,Polyester,45.24921490840458,27.554506671606074,4.896300624184571,1.6537260393402187,0.21250455529938114,0.06489436747559481,0.048300984773754524,0.007391151356127899,0.6114186783765938,0.23631512241906147,0.002387614248483658,0.0007418833175059491
C:\Users\Fakhri\Downloads\klasifikasi_jenis_kain_glcm_knn\klasifikasi_jenis_kain_glcm_knn\dataset\Polyester\polyester_075.png,Polyester,48.9806734925637,27.983690003317168,4.976431217147244,1.6136132012861995,0.2215654902092746,0.06841178464084686,0.048879865605389816,0.007785890305172966,0.641139313311832,0.2050407615115542,0.002449861349445156,0.0007845672331297592
C:\Users\Fakhri\Downloads\klasifikasi_jenis_kain_glcm_knn\klasifikasi_jenis_kain_glcm_knn\dataset\Polyester\polyester_076.png,Polyester,52.311386520878365,32.14037110252444,5.338076030098157,1.8201435985889725,0.19536943919242292,0.06497767336452269,0.04119081063439991,0.006495487788786798,0.6414210676488216,0.22046622265858565,0.0017388742423332711,0.0005559100793393625
C:\Users\Fakhri\Downloads\klasifikasi_jenis_kain_glcm_knn\klasifikasi_jenis_kain_glcm_knn\dataset\Polyester\polyester_077.png,Polyester,10.969984110400114,6.252281061309544,2.1939635181843045,0.7084511310616599,0.43798587785697946,0.08151296012338893,0.14052435880192332,0.019113098787212734,0.6981052908292317,0.1719850410305778,0.02011240596194143,0.005418910405150679
C:\Users\Fakhri\Downloads\klasifikasi_jenis_kain_glcm_knn\klasifikasi_jenis_kain_glcm_knn\dataset\Polyester\polyester_078.png,Polyester,9.862169733021567,5.811231200070451,2.19225159890649,0.7192426927205723,0.4139659738389798,0.08504618844007485,0.1220913601465899,0.01770931261750116,0.6855848187254546,0.18509850980099352,0.01521991997582871,0.004411446558132683
C:\Users\Fakhri\Downloads\klasifikasi_jenis_kain_glcm_knn\klasifikasi_jenis_kain_glcm_knn\dataset\Polyester\polyester_079.png,Polyester,8.799776332620386,5.059473388481444,1.8411728332025354,0.597032189677377,0.5078036997742028,0.07652889996529541,0.1748256213619934,0.020420544446953813,0.7904097724472141,0.1205662784659348,0.03098099652011709,0.007170460059798162
C:\Users\Fakhri\Downloads\klasifikasi_jenis_kain_glcm_knn\klasifikasi_jenis_kain_glcm_knn\dataset\Polyester\polyester_080.png,Polyester,8.627195615666272,5.217911352770778,2.010923640327885,0.678338152532052,0.4424272222104684,0.08821503307282953,0.13066778849647706,0.01853992605853806,0.7490949666224992,0.15207662471661637,0.017417799808816126,0.004929603827620751
C:\Users\Fakhri\Downloads\klasifikasi_jenis_kain_glcm_knn\klasifikasi_jenis_kain_glcm_knn\dataset\Polyester\polyester_081.png,Polyester,8.287014158445904,4.591870648325288,2.006045105950737,0.6240270739039775,0.42836694662773284,0.08584727087099352,0.12459354549915835,0.01787960380113848,0.6544532635182662,0.1912105569611032,0.015843231812136527,0.00457767394723705
C:\Users\Fakhri\Downloads\klasifikasi_jenis_kain_glcm_knn\klasifikasi_jenis_kain_glcm_knn\dataset\Polyester\polyester_082.png,Polyester,12.3719674653565,6.986426733140831,2.3376823944112637,0.7447487488099371,0.43285716322534656,0.07567988401611213,0.1442905301467569,0.018763673092473985,0.7024512099797234,0.16789563562180235,0.021171832517953404,0.005454900736141794
C:\Users\Fakhri\Downloads\klasifikasi_jenis_kain_glcm_knn\klasifikasi_jenis_kain_glcm_knn\dataset\Polyester\polyester_083.png,Polyester,7.082743090938849,4.182728812183406,1.7590561355980423,0.5780756287985809,0.4902820995736683,0.08250074646209885,0.16414814820113197,0.01995214160220759,0.7903456756045429,0.1239519762514362,0.027342702512375316,0.006572830115766069
C:\Users\Fakhri\Downloads\klasifikasi_jenis_kain_glcm_knn\klasifikasi_jenis_kain_glcm_knn\dataset\Polyester\polyester_084.png,Polyester,8.133989396574698,4.684613923442508,1.6909158228368923,0.5472903823093007,0.5451324183621161,0.07129085708339336,0.2058569524423632,0.02048870402925022,0.8082761417023353,0.11049694899761307,0.04279687186165559,0.008456224184061735
C:\Users\Fakhri\Downloads\klasifikasi_jenis_kain_glcm_knn\klasifikasi_jenis_kain_glcm_knn\dataset\Polyester\polyester_085.png,Polyester,9.687765019129063,4.44671820598638,2.22345040409424,0.5835131084337822,0.3896175917857958,0.07487397636561847,0.11380789228417759,0.013554329373595535,0.520044830901506,0.22015564535031462,0.013135956190934885,0.0031703643313616783
C:\Users\Fakhri\Downloads\klasifikasi_jenis_kain_glcm_knn\klasifikasi_jenis_kain_glcm_knn\dataset\Polyester\polyester_086.png,Polyester,11.985627496647227,5.516780903921745,2.5042772211001108,0.6549607241285949,0.3593832216456274,0.0722031784097676,0.10727956154172204,0.013133440455213339,0.5111291539621431,0.22492301793692682,0.011681391582774758,0.002893269624986147
C:\Users\Fakhri\Downloads\klasifikasi_jenis_kain_glcm_knn\klasifikasi_jenis_kain_glcm_knn\dataset\Polyester\polyester_087.png,Polyester,11.503263262965904,5.225514972412425,2.433460179179043,0.6346962041865815,0.36727268248506917,0.07268131587441448,0.10745015752627311,0.01333014207180878,0.5543671658446553,0.2023208285810536,0.011723229040075514,0.0029354320530965055
C:\Users\Fakhri\Downloads\klasifikasi_jenis_kain_glcm_knn\klasifikasi_jenis_kain_glcm_knn\dataset\Polyester\polyester_088.png,Polyester,11.856196528145206,5.448534670014296,2.4454029650370894,0.6414887814472547,0.3742091251783229,0.07203537677791841,0.10633607652926026,0.013838012750484168,0.6438670750907316,0.16369067018680922,0.011498851768519254,0.003007154686470305
C:\Users\Fakhri\Downloads\klasifikasi_jenis_kain_glcm_knn\klasifikasi_jenis_kain_glcm_knn\dataset\Polyester\polyester_089.png,Polyester,10.10961719617167,4.372669903673137,2.2396325428547508,0.5610973538061897,0.3973652044329103,0.07096942603681304,0.1189956024994212,0.014263768010964097,0.5399432372248132,0.19870270436375237,0.014363408492070864,0.0034666249787444724
C:\Users\Fakhri\Downloads\klasifikasi_jenis_kain_glcm_knn\klasifikasi_jenis_kain_glcm_knn\dataset\Polyester\polyester_090.png,Polyester,13.125092891371338,5.725001022738252,2.6234309199492176,0.6597684827341147,0.3490290134585179,0.06943425576722838,0.10981979214671068,0.012612429127103402,0.42817674725015586,0.24902735874494614,0.01221946011563294,0.002842152819608406
C:\Users\Fakhri\Downloads\klasifikasi_jenis_kain_glcm_knn\klasifikasi_jenis_kain_glcm_knn\dataset\Polyester\polyester_091.png,Polyester,12.65146360235382,5.48037539096454,2.5005968469987248,0.6287342020740992,0.374075394550551,0.06934007289187565,0.11486971775909743,0.014457443214464264,0.5423143413452004,0.19800353033201684,0.013404069722354167,0.003385457132280545
C:\Users\Fakhri\Downloads\klasifikasi_jenis_kain_glcm_knn\klasifikasi_jenis_kain_glcm_knn\dataset\Polyester\polyester_092.png,Polyester,12.631359366776918,5.480453222408138,2.557833945031251,0.641459657367931,0.35653876942893586,0.06926033320561148,0.10538507575413718,0.01286379933453614,0.5685060412882618,0.18727165956213873,0.011271491525024444,0.002775918349920893
C:\Users\Fakhri\Downloads\klasifikasi_jenis_kain_glcm_knn\klasifikasi_jenis_kain_glcm_knn\dataset\Polyester\polyester_093.png,Polyester,2.965715562364757,1.226621033261746,1.0939021967823301,0.27089847307442233,0.5970472032576611,0.06742179525833736,0.19176307375471582,0.019783430492177366,0.7305886089495441,0.11129070293722766,0.03716446057789539,0.007691246647994499
C:\Users\Fakhri\Downloads\klasifikasi_jenis_kain_glcm_knn\klasifikasi_jenis_kain_glcm_knn\dataset\Polyester\polyester_094.png,Polyester,2.940150171764754,1.227209377156815,1.105770610401942,0.2708368866498323,0.588580799187934,0.06802159093314745,0.19084482039221287,0.01959792980220758,0.7135680624768482,0.11960932131792236,0.03680582432306825,0.007597190021313053
C:\Users\Fakhri\Downloads\klasifikasi_jenis_kain_glcm_knn\klasifikasi_jenis_kain_glcm_knn\dataset\Polyester\polyester_095.png,Polyester,3.1983169851770312,1.338968194721215,1.1378486911316144,0.2817514070709178,0.5878482396169283,0.06745864008661458,0.18918697317828084,0.01923306858326481,0.7369251283353676,0.11029739190009866,0.03616162174748813,0.007374766294136064
C:\Users\Fakhri\Downloads\klasifikasi_jenis_kain_glcm_knn\klasifikasi_jenis_kain_glcm_knn\dataset\Polyester\polyester_096.png,Polyester,3.935383117659418,1.692663860466775,1.319760422580887,0.33144092580787987,0.5413404648802679,0.07150503805127446,0.15875449371262712,0.017373471970628777,0.7682671576427302,0.09966766655297955,0.025504826802266786,0.005609497472435867
C:\Users\Fakhri\Downloads\klasifikasi_jenis_kain_glcm_knn\klasifikasi_jenis_kain_glcm_knn\dataset\Polyester\polyester_097.png,Polyester,2.9591598258837988,1.1730121981619692,1.0720316468971858,0.2582850650300333,0.6042161000371671,0.06582218469221617,0.20131722478582595,0.02007985872156684,0.686631646410471,0.12418555594033716,0.04093182572174484,0.008202185179288864
C:\Users\Fakhri\Downloads\klasifikasi_jenis_kain_glcm_knn\klasifikasi_jenis_kain_glcm_knn\dataset\Polyester\polyester_098.png,Polyester,2.8151427377557217,1.1561999622631998,1.071268107967276,0.2612322614009982,0.6017233387187538,0.06604767418210213,0.19253954187958186,0.019426185505486457,0.7437043139465555,0.10519165156358963,0.03744885187049282,0.0075972658759805
C:\Users\Fakhri\Downloads\klasifikasi_jenis_kain_glcm_knn\klasifikasi_jenis_kain_glcm_knn\dataset\Polyester\polyester_099.png,Polyester,3.897017971538668,1.5688361650768035,1.2547358468724878,0.302000877900963,0.5626718242403899,0.06775751433181253,0.17649300968536372,0.018296868338857995,0.7016768281593024,0.11996087149502879,0.03148455785880738,0.006555536988983195
C:\Users\Fakhri\Downloads\klasifikasi_jenis_kain_glcm_knn\klasifikasi_jenis_kain_glcm_knn\dataset\Polyester\polyester_100.png,Polyester,3.944805881503644,1.6521963184435906,1.2969258021025138,0.3184337278208664,0.5512759684567409,0.06849217815480443,0.16528410890859285,0.017147679412004388,0.7767487620595385,0.09345717164893945,0.02761287956692447,0.005750366121993501
C:\Users\Fakhri\Downloads\klasifikasi_jenis_kain_glcm_knn\klasifikasi_jenis_kain_glcm_knn\dataset\Polyester\polyester_101.png,Polyester,69.60600463225178,30.93776990920343,4.861687844053082,1.33953604023416,0.3174294850898004,0.0668352974385877,0.06472113821135986,0.009339933929654844,0.7970724082614318,0.09037908324527763,0.004276060097184263,0.0012319507780009166
C:\Users\Fakhri\Downloads\klasifikasi_jenis_kain_glcm_knn\klasifikasi_jenis_kain_glcm_knn\dataset\Polyester\polyester_102.png,Polyester,57.04146490252352,24.618848377059255,4.7921254765311,1.3152971038017545,0.2559304660484826,0.06599934457023425,0.052792600284390145,0.0075085383947490906,0.7756483035817429,0.09688580403667463,0.002843436793612811,0.0008104092607174585
C:\Users\Fakhri\Downloads\klasifikasi_jenis_kain_glcm_knn\klasifikasi_jenis_kain_glcm_knn\dataset\Polyester\polyester_103.png,Polyester,85.6327132136219,38.60726742177049,5.692938069590286,1.6103455962883395,0.2705058503730823,0.06564045614416977,0.05596770893209262,0.008917565992104784,0.753339877592321,0.1112907357531667,0.0032119074263309844,0.0010163000756531401
C:\Users\Fakhri\Downloads\klasifikasi_jenis_kain_glcm_knn\klasifikasi_jenis_kain_glcm_knn\dataset\Polyester\polyester_104.png,Polyester,56.77565496035569,24.782745517125434,4.8510531718517065,1.3130969635460727,0.2542938590516726,0.06357593414228867,0.04932060735676728,0.006969360312486505,0.8414967630873589,0.06929596399484833,0.0024810942932056686,0.0007134530427975797
C:\Users\Fakhri\Downloads\klasifikasi_jenis_kain_glcm_knn\klasifikasi_jenis_kain_glcm_knn\dataset\Polyester\polyester_105.png,Polyester,42.05798701215011,16.892108759292636,3.2290596772657714,0.8257435645736108,0.4824219759555885,0.06171491074233664,0.1986206337511448,0.020469779834146672,0.4071910113991423,0.23773252705043615,0.039869168038164836,0.00831387793758843
C:\Users\Fakhri\Downloads\klasifikasi_jenis_kain_glcm_knn\klasifikasi_jenis_kain_glcm_knn\dataset\Polyester\polyester_106.png,Polyester,50.17994388471953,20.992361826032223,5.013186783935206,1.3049632183690474,0.2350412359877051,0.06681440653916486,0.0699765078059217,0.0107692221207783,0.3167142444311762,0.28517638123888905,0.005012687789798879,0.0016498236509924964
C:\Users\Fakhri\Downloads\klasifikasi_jenis_kain_glcm_knn\klasifikasi_jenis_kain_glcm_knn\dataset\Polyester\polyester_107.png,Polyester,43.47712217091895,17.072840840795354,3.147454765899992,0.7872607411166738,0.5003993805685248,0.06026056160195222,0.2143555807247961,0.020245325220193466,0.4240200571943502,0.22567398116429221,0.046358188181136,0.008853973765066614
C:\Users\Fakhri\Downloads\klasifikasi_jenis_kain_glcm_knn\klasifikasi_jenis_kain_glcm_knn\dataset\Polyester\polyester_108.png,Polyester,71.17599203320005,29.821519297509557,5.937686319962869,1.5685395353353957,0.21174444464257922,0.06595818572211494,0.0648460647179362,0.010931399297351877,0.28359595896241346,0.2993143636756547,0.004324507600000915,0.0015789883422531082
C:\Users\Fakhri\Downloads\klasifikasi_jenis_kain_glcm_knn\klasifikasi_jenis_kain_glcm_knn\dataset\Polyester\polyester_109.png,Polyester,60.44507129455161,30.79790211581603,5.0177525183016956,1.5064921476503055,0.27137248584591134,0.0669486747453079,0.059985069564846706,0.009447645272660487,0.6553693048647659,0.17530532285831046,0.0036874665718975227,0.0011771441377304926
C:\Users\Fakhri\Downloads\klasifikasi_jenis_kain_glcm_knn\klasifikasi_jenis_kain_glcm_knn\dataset\Polyester\polyester_110.png,Polyester,55.55722495235719,28.08176448437986,4.212734098606158,1.3755277016748435,0.3684371697968223,0.08401229516520888,0.11788242356585084,0.018455877370614007,0.6662420051597667,0.168722733349559,0.014236885195277812,0.004383437278032599
C:\Users\Fakhri\Downloads\klasifikasi_jenis_kain_glcm_knn\klasifikasi_jenis_kain_glcm_knn\dataset\Polyester\polyester_111.png,Polyester,51.911285287203064,25.608249241640177,4.341605211668881,1.2883111526633622,0.332614221462661,0.07132756561328446,0.08574245836802334,0.01191953982497696,0.7360886066162727,0.12999152406488867,0.007493844596631427,0.0020960248644430065
C:\Users\Fakhri\Downloads\klasifikasi_jenis_kain_glcm_knn\klasifikasi_jenis_kain_glcm_knn\dataset\Polyester\polyester_112.png,Polyester,39.83770191017045,20.55983051180194,3.6148539682536676,1.175744868682678,0.38996308673401053,0.08341284994880387,0.11052053077789752,0.017422486033820992,0.7289116540560503,0.14004711526853658,0.012518330743026882,0.0039059162511997474
C:\Users\Fakhri\Downloads\klasifikasi_jenis_kain_glcm_knn\klasifikasi_jenis_kain_glcm_knn\dataset\Polyester\polyester_113.png,Polyester,3.1815651923450816,1.363531419742269,1.2871004027315762,0.3200225821833693,0.5209703610977566,0.07611661545813932,0.11954100949594508,0.013694749309486144,0.897132257091227,0.04444454195493202,0.014477599109959298,0.003342557769821387
C:\Users\Fakhri\Downloads\klasifikasi_jenis_kain_glcm_knn\klasifikasi_jenis_kain_glcm_knn\dataset\Polyester\polyester_114.png,Polyester,2.8738945637582027,1.3294623102054681,1.2121282904449127,0.32154548970601465,0.5392450719190296,0.07978286663491156,0.12006644832687562,0.014730714937371311,0.9096729461012979,0.04197600041216354,0.014632945976396384,0.003662323698280706
C:\Users\Fakhri\Downloads\klasifikasi_jenis_kain_glcm_knn\klasifikasi_jenis_kain_glcm_knn\dataset\Polyester\polyester_115.png,Polyester,3.069382364909977,1.3193526819745112,1.2618114693794924,0.3173776586789951,0.5258772321634304,0.07726050153029797,0.10658501629808874,0.01251562433709881,0.9302241689737638,0.030129324730746074,0.011517006551811223,0.0027204382009073237
C:\Users\Fakhri\Downloads\klasifikasi_jenis_kain_glcm_knn\klasifikasi_jenis_kain_glcm_knn\dataset\Polyester\polyester_116.png,Polyester,3.4888424307230985,1.6794992683796275,1.3452420906302793,0.3689948784302052,0.5104058212446488,0.08327146064402839,0.09518687570515204,0.01244903956641522,0.9461200083834068,0.02611926441495872,0.009215519892634234,0.002469305329883482
C:\Users\Fakhri\Downloads\klasifikasi_jenis_kain_glcm_knn\klasifikasi_jenis_kain_glcm_knn\dataset\Polyester\polyester_117.png,Polyester,52.389456030098955,26.6574857487139,5.315941608390149,1.5603733229297607,0.19592589016101977,0.05736078267419051,0.055148405191514115,0.0063477276340039804,0.35697404186799714,0.32670350676508386,0.0030816402412829178,0.0007341020259792166
C:\Users\Fakhri\Downloads\klasifikasi_jenis_kain_glcm_knn\klasifikasi_jenis_kain_glcm_knn\dataset\Polyester\polyester_118.png,Polyester,63.106478178029825,28.303181015298488,5.705250961013797,1.5226152688195418,0.19659543733998083,0.05345783866743522,0.05452783560324156,0.006555753014469878,0.3672035907481898,0.2834036461777533,0.003016262753160869,0.0007374390528072238
C:\Users\Fakhri\Downloads\klasifikasi_jenis_kain_glcm_knn\klasifikasi_jenis_kain_glcm_knn\dataset\Polyester\polyester_119.png,Polyester,64.65116444530474,32.63924603728424,5.887971197285348,1.7216308977281198,0.18133695802720506,0.05371718572824494,0.05063360094445085,0.006027811595562817,0.36367088120112095,0.3207098249242287,0.002600096057233496,0.0006399249946544595
C:\Users\Fakhri\Downloads\klasifikasi_jenis_kain_glcm_knn\klasifikasi_jenis_kain_glcm_knn\dataset\Polyester\polyester_120.png,Polyester,78.35913955676678,37.246189896012105,6.361020607840971,1.7821989368294224,0.177302586487362,0.050245457880802244,0.04589274453988027,0.005768292961351762,0.39946816965954796,0.285162328328081,0.0021394172050906908,0.0005464605563979608
C:\Users\Fakhri\Downloads\klasifikasi_jenis_kain_glcm_knn\klasifikasi_jenis_kain_glcm_knn\dataset\Polyester\polyester_121.png,Polyester,27.966801742288038,14.832688165721265,3.9952069713127414,1.1939086354603257,0.23400731982440945,0.06709044513787041,0.058415059548019815,0.00730182061934151,0.5505413093919365,0.23824934345170667,0.0034656357663557413,0.0009046582228352181
C:\Users\Fakhri\Downloads\klasifikasi_jenis_kain_glcm_knn\klasifikasi_jenis_kain_glcm_knn\dataset\Polyester\polyester_122.png,Polyester,40.321439096875814,25.658845110387666,4.830380735773866,1.7163211486434466,0.19729733546340777,0.07422511673909693,0.049495655250806736,0.007426649286794438,0.5338381480378093,0.29641018942009184,0.002504975008335758,0.0008193536816782631
C:\Users\Fakhri\Downloads\klasifikasi_jenis_kain_glcm_knn\klasifikasi_jenis_kain_glcm_knn\dataset\Polyester\polyester_123.png,Polyester,31.614342507640995,17.50263726056002,4.250204631694625,1.312860578219977,0.22390829115482327,0.06652818257154149,0.05147471049911084,0.007073264018686876,0.6228956331021316,0.20866559490601388,0.002699676884845322,0.0007744251851831129
C:\Users\Fakhri\Downloads\klasifikasi_jenis_kain_glcm_knn\klasifikasi_jenis_kain_glcm_knn\dataset\Polyester\polyester_124.png,Polyester,49.50005597564416,30.777479829466586,5.3353577120694995,1.872598725846837,0.18288570474486354,0.06988229737339828,0.04089572210196959,0.006591491768404581,0.6395376264274205,0.22400692771299338,0.001715907849974469,0.0005978987868042536
C:\Users\Fakhri\Downloads\klasifikasi_jenis_kain_glcm_knn\klasifikasi_jenis_kain_glcm_knn\dataset\Polyester\polyester_125.png,Polyester,28.709687885617882,13.901206966953028,3.56391673051994,1.0659606530476307,0.32819569551681577,0.07932591221380941,0.10078218196539322,0.0163997750741819,0.4270234857142326,0.2769239763861899,0.010426000824189386,0.0034145859995161824
C:\Users\Fakhri\Downloads\klasifikasi_jenis_kain_glcm_knn\klasifikasi_jenis_kain_glcm_knn\dataset\Polyester\polyester_126.png,Polyester,24.216751860203406,11.11873394828229,3.5526680003454114,0.9676356395746045,0.29024159002032945,0.07166092297504306,0.08420130533182431,0.011762011042679548,0.4694839725497561,0.2432047166966898,0.00722820472335122,0.00205512206032174
C:\Users\Fakhri\Downloads\klasifikasi_jenis_kain_glcm_knn\klasifikasi_jenis_kain_glcm_knn\dataset\Polyester\polyester_127.png,Polyester,35.17597293303113,16.764555864571093,3.9729766064955414,1.1678920502541255,0.3050344857678831,0.07592423478124558,0.08986286703143036,0.014818083899033678,0.43987525034666125,0.266405937127207,0.00829491048154733,0.0027616703140101915
C:\Users\Fakhri\Downloads\klasifikasi_jenis_kain_glcm_knn\klasifikasi_jenis_kain_glcm_knn\dataset\Polyester\polyester_128.png,Polyester,31.347545789432136,14.38043815980169,4.026637576728054,1.1078733865349948,0.2700894313771331,0.06929718816496676,0.07083759597892364,0.010357864289559624,0.4947527407424641,0.23159230500727113,0.005125250356714152,0.0015155688916551348
C:\Users\Fakhri\Downloads\klasifikasi_jenis_kain_glcm_knn\klasifikasi_jenis_kain_glcm_knn\dataset\Polyester\polyester_129.png,Polyester,67.39174303995667,28.582097898062806,6.048092220320563,1.6157330750219159,0.17972651136667073,0.060851563257257095,0.0507510671858637,0.0061097505753311306,0.31496914534360987,0.28981173415860056,0.0026129998725968116,0.0006647831620672413
C:\Users\Fakhri\Downloads\klasifikasi_jenis_kain_glcm_knn\klasifikasi_jenis_kain_glcm_knn\dataset\Polyester\polyester_130.png,Polyester,52.73126446202661,24.560341365812107,5.574337347256731,1.5712215810997403,0.17428486837563703,0.06379753509933175,0.05114918172669988,0.005765805937579836,0.30112062679605783,0.32469093348392425,0.002649483309420799,0.0006575615953437771
C:\Users\Fakhri\Downloads\klasifikasi_jenis_kain_glcm_knn\klasifikasi_jenis_kain_glcm_knn\dataset\Polyester\polyester_131.png,Polyester,77.66710439245814,32.19783279799633,6.51968821242581,1.7174711360273958,0.16632298188601904,0.05756374784953519,0.047029496071300546,0.005622663655488859,0.3162367327643714,0.2828344817332591,0.002243387847303228,0.0005659218871660276
C:\Users\Fakhri\Downloads\klasifikasi_jenis_kain_glcm_knn\klasifikasi_jenis_kain_glcm_knn\dataset\Polyester\polyester_132.png,Polyester,71.34644021422122,34.96701218347227,6.43254217356282,1.9047155427179934,0.1590994485271339,0.06197004410025654,0.04381434299208564,0.005793982117811444,0.3439441700239397,0.32105954790952046,0.0019532668806096424,0.0005714343293240469
C:\Users\Fakhri\Downloads\klasifikasi_jenis_kain_glcm_knn\klasifikasi_jenis_kain_glcm_knn\dataset\Polyester\polyester_133.png,Polyester,4.649351362195862,1.9009833230089241,1.5328110372673633,0.36254382567977983,0.4795859469228048,0.07189035579389565,0.10300087713513144,0.011456095730043367,0.9063379438782336,0.0383643576886676,0.010740422819982361,0.0024103801301935115
C:\Users\Fakhri\Downloads\klasifikasi_jenis_kain_glcm_knn\klasifikasi_jenis_kain_glcm_knn\dataset\Polyester\polyester_134.png,Polyester,3.723414078048455,1.4913779245915,1.3986663367477012,0.32338966428756166,0.49736513409923583,0.07129063116552829,0.10401947994590804,0.011522038221981456,0.9138041288281059,0.03472331179480372,0.01095280957300597,0.002454748178816832
C:\Users\Fakhri\Downloads\klasifikasi_jenis_kain_glcm_knn\klasifikasi_jenis_kain_glcm_knn\dataset\Polyester\polyester_135.png,Polyester,4.3011549354550604,1.7214113892063279,1.4832792317666295,0.3455631615901776,0.4852983729512674,0.07169867154048028,0.09798356693061273,0.011110112907621823,0.9040062151513172,0.038565324517379075,0.009724213997265967,0.002224614221004207
C:\Users\Fakhri\Downloads\klasifikasi_jenis_kain_glcm_knn\klasifikasi_jenis_kain_glcm_knn\dataset\Polyester\polyester_136.png,Polyester,4.548706141525638,1.8658015869313225,1.5084642069820795,0.3596661481666193,0.4857792913256746,0.07278085892137617,0.0864103496841228,0.010051219043584714,0.9436992753038379,0.023220123879564337,0.0075677755367945,0.0017828225954410525
C:\Users\Fakhri\Downloads\klasifikasi_jenis_kain_glcm_knn\klasifikasi_jenis_kain_glcm_knn\dataset\Polyester\polyester_137.png,Polyester,18.03179829332975,9.718434452950017,2.564793110192256,0.8686271918510233,0.46238859909010194,0.08525470158737737,0.18082738288470504,0.025866005371022606,0.5350857543614245,0.25043220347626577,0.033367592634785496,0.009397501554829274
C:\Users\Fakhri\Downloads\klasifikasi_jenis_kain_glcm_knn\klasifikasi_jenis_kain_glcm_knn\dataset\Polyester\polyester_138.png,Polyester,16.91790198969814,8.057832254960402,2.7339030920471967,0.7795058471220224,0.38567422255758804,0.0776759996865376,0.11973503060119062,0.01740665045418128,0.5503873298776837,0.21377519934000094,0.014639469033102101,0.004246276241844148
C:\Users\Fakhri\Downloads\klasifikasi_jenis_kain_glcm_knn\klasifikasi_jenis_kain_glcm_knn\dataset\Polyester\polyester_139.png,Polyester,23.372957472772246,12.330807918705684,2.9328634311899235,0.975059740212637,0.4368302950446336,0.08361983426577457,0.1649585472880079,0.02490271522442346,0.5376996941642819,0.24364846371885923,0.02783146754891867,0.008266462790805552
C:\Users\Fakhri\Downloads\klasifikasi_jenis_kain_glcm_knn\klasifikasi_jenis_kain_glcm_knn\dataset\Polyester\polyester_140.png,Polyester,18.586675643203066,8.77939493785142,2.868882790165473,0.8148409914249714,0.3804068869682862,0.07515016261631316,0.11771588887848618,0.01718634744567825,0.591851864532511,0.19261796421924327,0.014152401032975671,0.00411457495271775
C:\Users\Fakhri\Downloads\klasifikasi_jenis_kain_glcm_knn\klasifikasi_jenis_kain_glcm_knn\dataset\Polyester\polyester_141.png,Polyester,20.91061604547372,12.159988740060296,3.358473420011555,1.1149566504671167,0.28013368956080253,0.0828080802862149,0.05465086981712993,0.008694850875405797,0.80105865637917,0.1162472870989283,0.0030623180035144275,0.0009892432243179916
C:\Users\Fakhri\Downloads\klasifikasi_jenis_kain_glcm_knn\klasifikasi_jenis_kain_glcm_knn\dataset\Polyester\polyester_142.png,Polyester,18.721626697099655,10.858204880843443,3.1668268145001943,1.0536994434863882,0.2929653075355361,0.08615691437234922,0.060318537867601975,0.009697742689408248,0.7711432070654367,0.1328574363107465,0.003732372223755306,0.0012255043652858225
C:\Users\Fakhri\Downloads\klasifikasi_jenis_kain_glcm_knn\klasifikasi_jenis_kain_glcm_knn\dataset\Polyester\polyester_143.png,Polyester,20.140308612602052,11.469691528419139,3.281428409392831,1.0772610390356603,0.2858640299237609,0.0830355762663751,0.05303213007557175,0.008453958295211216,0.835092813393731,0.0943274944659716,0.0028838762312095307,0.0009302670917512309
C:\Users\Fakhri\Downloads\klasifikasi_jenis_kain_glcm_knn\klasifikasi_jenis_kain_glcm_knn\dataset\Polyester\polyester_144.png,Polyester,20.51114749400279,11.879831083197292,3.2494395864980237,1.0923560101923309,0.2983304387273993,0.08823390213542545,0.05227749857824771,0.008804769589179421,0.8767679978729169,0.0716407096963111,0.00281046082511723,0.0009691022601004104
C:\Users\Fakhri\Downloads\klasifikasi_jenis_kain_glcm_knn\klasifikasi_jenis_kain_glcm_knn\dataset\Polyester\polyester_145.png,Polyester,31.059323268998583,19.372334596941034,3.9883106676114255,1.4000445748343038,0.25336562535741175,0.08038264627782758,0.044249445281895415,0.007563000378254182,0.8289254469263039,0.10698249077507155,0.002015212382476929,0.0006997409443008351
C:\Users\Fakhri\Downloads\klasifikasi_jenis_kain_glcm_knn\klasifikasi_jenis_kain_glcm_knn\dataset\Polyester\polyester_146.png,Polyester,24.044192591747887,13.653977368248981,3.6770112419680205,1.1653884695477958,0.2542944680231058,0.07205079195723163,0.04996936694721176,0.007536771937714382,0.7865640345724202,0.1212097490062512,0.0025537405643462183,0.0007773181975735156
C:\Users\Fakhri\Downloads\klasifikasi_jenis_kain_glcm_knn\klasifikasi_jenis_kain_glcm_knn\dataset\Polyester\polyester_147.png,Polyester,30.860360908276267,19.3304747849486,4.0432838183672954,1.426412164501279,0.24593077856284676,0.08047488226152187,0.042256330147550564,0.007210522990113148,0.8383640287859949,0.10131788868599383,0.0018375890793297413,0.0006386897097619673
C:\Users\Fakhri\Downloads\klasifikasi_jenis_kain_glcm_knn\klasifikasi_jenis_kain_glcm_knn\dataset\Polyester\polyester_148.png,Polyester,29.853410414513274,16.734868845701317,3.9267252287200356,1.2412838421265762,0.25928078862940374,0.07043064499493486,0.04134447271499062,0.006499393167702182,0.8723383921338058,0.07168731918436834,0.0017516075356289777,0.0005524736392988647
C:\Users\Fakhri\Downloads\klasifikasi_jenis_kain_glcm_knn\klasifikasi_jenis_kain_glcm_knn\dataset\Polyester\polyester_149.png,Polyester,12.00760883302542,5.288470468784933,2.3249883053170657,0.5973188227392381,0.39697413218220734,0.07174436982960412,0.08054254331370352,0.010034313843716666,0.9008666994892732,0.04366702163623176,0.006587788737754011,0.001655804374505055
C:\Users\Fakhri\Downloads\klasifikasi_jenis_kain_glcm_knn\klasifikasi_jenis_kain_glcm_knn\dataset\Polyester\polyester_150.png,Polyester,14.416210526147688,6.688186756064989,2.5657364765206028,0.6820576751442229,0.37273512625610933,0.0721185789109791,0.07210516620810178,0.009400439798016115,0.8996007465214978,0.04650332410193781,0.005287523262294108,0.0013978127789650038
C:\Users\Fakhri\Downloads\klasifikasi_jenis_kain_glcm_knn\klasifikasi_jenis_kain_glcm_knn\dataset\Polyester\polyester_151.png,Polyester,15.573285720038008,6.84385954382039,2.6372936158380837,0.6806644622448969,0.3704942072542921,0.07016808367527169,0.0713193693366216,0.009206096700028192,0.9171194577110499,0.03633289171228151,0.00517120465902371,0.0013428931865556524
C:\Users\Fakhri\Downloads\klasifikasi_jenis_kain_glcm_knn\klasifikasi_jenis_kain_glcm_knn\dataset\Polyester\polyester_152.png,Polyester,17.704846879533882,7.982888530679077,2.8347678645184193,0.7375789295708193,0.3511826977632233,0.06931380301638726,0.0643584669937456,0.008378098749504336,0.914496014633024,0.038582840762585814,0.004212204812441489,0.0011135091377334205
C:\Users\Fakhri\Downloads\klasifikasi_jenis_kain_glcm_knn\klasifikasi_jenis_kain_glcm_knn\dataset\Polyester\polyester_153.png,Polyester,37.97286580575463,20.535242322187802,4.001477034410501,1.2256364197476481,0.3051338440093992,0.06817926957201169,0.06481284899881308,0.00962398445711663,0.8659830611826695,0.07238718069346246,0.004293326472173766,0.0012718261939011401
C:\Users\Fakhri\Downloads\klasifikasi_jenis_kain_glcm_knn\klasifikasi_jenis_kain_glcm_knn\dataset\Polyester\polyester_154.png,Polyester,46.214666217459616,24.98854487493759,4.4633836131182045,1.3784592731216734,0.2852562135979512,0.0656607208616964,0.061207790653727834,0.00905866682742212,0.8752733731010495,0.0673220567589435,0.0038284530814008105,0.0011245011124218693
C:\Users\Fakhri\Downloads\klasifikasi_jenis_kain_glcm_knn\klasifikasi_jenis_kain_glcm_knn\dataset\Polyester\polyester_155.png,Polyester,49.30986997702973,26.40574016543886,4.628759857533004,1.410466618218689,0.2719242547628964,0.06452648366862991,0.053086753597924426,0.008052712075369398,0.8851621366489092,0.061469998619125936,0.0028830495793355413,0.0008710857129779277
C:\Users\Fakhri\Downloads\klasifikasi_jenis_kain_glcm_knn\klasifikasi_jenis_kain_glcm_knn\dataset\Polyester\polyester_156.png,Polyester,51.36365355217773,27.571097165335903,4.658413451867176,1.4239619205702285,0.28113025530338553,0.06426407406513067,0.056107766234052094,0.008005724697698006,0.8708987031102562,0.06925011023760666,0.0032121730597103686,0.0009159051373489554
C:\Users\Fakhri\Downloads\klasifikasi_jenis_kain_glcm_knn\klasifikasi_jenis_kain_glcm_knn\dataset\Polyester\polyester_157.png,Polyester,13.912362003342755,5.023731818584913,2.30739316186177,0.5401139621746266,0.45240736498800477,0.06752910242213522,0.17385884869472834,0.02137270118509228,0.5031732469626934,0.1808346993309395,0.030683691625403686,0.007465905195011218
C:\Users\Fakhri\Downloads\klasifikasi_jenis_kain_glcm_knn\klasifikasi_jenis_kain_glcm_knn\dataset\Polyester\polyester_158.png,Polyester,15.562684371624789,5.838817499504038,2.364083783563571,0.5677394198982595,0.46206298045436317,0.06515031391484763,0.1854933780824506,0.021354596303843044,0.5071686212367,0.18515242585896424,0.03486381209573906,0.007981581407416883
C:\Users\Fakhri\Downloads\klasifikasi_jenis_kain_glcm_knn\klasifikasi_jenis_kain_glcm_knn\dataset\Polyester\polyester_159.png,Polyester,15.97871858335718,5.694491639896431,2.425892457945919,0.5680078923406529,0.4542751097292859,0.0653584386464377,0.17740282258181916,0.021138401879342517,0.5237970000905088,0.17082512765975338,0.03191859349400899,0.007537757800313078
C:\Users\Fakhri\Downloads\klasifikasi_jenis_kain_glcm_knn\klasifikasi_jenis_kain_glcm_knn\dataset\Polyester\polyester_160.png,Polyester,18.00960026529427,6.767263092113676,2.5478609536387005,0.6070650285890151,0.45719158669330257,0.06193303926058199,0.19971345089422163,0.02188252820107903,0.5419594934156179,0.17268738429049765,0.04036430750854969,0.008776240098669796
C:\Users\Fakhri\Downloads\klasifikasi_jenis_kain_glcm_knn\klasifikasi_jenis_kain_glcm_knn\dataset\Polyester\polyester_161.png,Polyester,44.02803367180342,22.2340576429579,4.302368192802444,1.2342615466914146,0.2877797101251281,0.06428274984422866,0.06151837263568625,0.009048037820673588,0.8203644738868604,0.09045989059576008,0.003866377160147492,0.0011355299909719188
C:\Users\Fakhri\Downloads\klasifikasi_jenis_kain_glcm_knn\klasifikasi_jenis_kain_glcm_knn\dataset\Polyester\polyester_162.png,Polyester,45.4795687311776,23.07520183889235,4.394233957621773,1.2754961098735218,0.28968914207235413,0.06343316715035777,0.06487806196093475,0.00920753869176738,0.8318468721819893,0.08538179155788873,0.004293941692567282,0.0012136104814483627
C:\Users\Fakhri\Downloads\klasifikasi_jenis_kain_glcm_knn\klasifikasi_jenis_kain_glcm_knn\dataset\Polyester\polyester_163.png,Polyester,44.97120596716595,22.895111509654797,4.372928760822059,1.26575053757919,0.2868905907074623,0.06409479548252785,0.060231022268139346,0.008762882098131237,0.8456457681008546,0.0783606915180216,0.003704564146130848,0.001075602092378661
C:\Users\Fakhri\Downloads\klasifikasi_jenis_kain_glcm_knn\klasifikasi_jenis_kain_glcm_knn\dataset\Polyester\polyester_164.png,Polyester,47.54851252689744,23.844481671785285,4.4930874398241105,1.2906091176650627,0.29008132324864705,0.0621732910168424,0.06381785864696203,0.00881968520816143,0.8467243838492116,0.07708843773491648,0.004150505929454689,0.001146165944897304
C:\Users\Fakhri\Downloads\klasifikasi_jenis_kain_glcm_knn\klasifikasi_jenis_kain_glcm_knn\dataset\Polyester\polyester_165.png,Polyester,18.71445654036368,10.537957975610503,3.1255654856230652,0.9981875813046724,0.29767438880580466,0.08276581997223945,0.06569224242198234,0.009920101420334095,0.8238482302250718,0.10005705943803407,0.004413879126618209,0.0013396778069225022
C:\Users\Fakhri\Downloads\klasifikasi_jenis_kain_glcm_knn\klasifikasi_jenis_kain_glcm_knn\dataset\Polyester\polyester_166.png,Polyester,15.077420264179274,8.337118971892611,2.735364038429456,0.8580819987595638,0.3341529090110476,0.0851106250475257,0.07430684049507817,0.010876702507960521,0.8506212762226886,0.08363210312349686,0.005639809201807664,0.0016613504639969314
C:\Users\Fakhri\Downloads\klasifikasi_jenis_kain_glcm_knn\klasifikasi_jenis_kain_glcm_knn\dataset\Polyester\polyester_167.png,Polyester,16.556259598418016,9.25823382045894,2.82828540783964,0.910436948904279,0.3322632949829231,0.08814569806761575,0.06825887080923727,0.010427320753680433,0.8604581016946549,0.07875993367449918,0.0047680024622522785,0.0014587537913783295
C:\Users\Fakhri\Downloads\klasifikasi_jenis_kain_glcm_knn\klasifikasi_jenis_kain_glcm_knn\dataset\Polyester\polyester_168.png,Polyester,16.332173723011188,9.168985401233316,2.7476290151291294,0.8857405738116931,0.3482691185543796,0.08898514380315754,0.07605394863786101,0.011526437148951758,0.842465237387759,0.08930611388020537,0.005917061856759136,0.0017979581425418875
C:\Users\Fakhri\Downloads\klasifikasi_jenis_kain_glcm_knn\klasifikasi_jenis_kain_glcm_knn\dataset\Polyester\polyester_169.png,Polyester,17.38627953852588,8.408971269764274,2.51684517623911,0.7125305194359253,0.4274804794209574,0.07384074953945698,0.14499264181575813,0.019194068325758172,0.6807046777928862,0.15414497446054712,0.02139127843960661,0.005610472429838384
C:\Users\Fakhri\Downloads\klasifikasi_jenis_kain_glcm_knn\klasifikasi_jenis_kain_glcm_knn\dataset\Polyester\polyester_170.png,Polyester,19.968602351274267,9.681305365400199,2.7773995487797234,0.7792049181315734,0.3913796425398906,0.07381733842000292,0.12244685306984932,0.017051599705937722,0.6727120742605665,0.15812496786710514,0.015283988879240797,0.004238605535717339
C:\Users\Fakhri\Downloads\klasifikasi_jenis_kain_glcm_knn\klasifikasi_jenis_kain_glcm_knn\dataset\Polyester\polyester_171.png,Polyester,22.580672089183143,10.890069897355373,2.939537868645342,0.8288918399881081,0.39222266029983893,0.07216432918820934,0.12653939827679658,0.01731809641041062,0.7100602818365659,0.13946909198231916,0.016312135779534023,0.004422445700290372
C:\Users\Fakhri\Downloads\klasifikasi_jenis_kain_glcm_knn\klasifikasi_jenis_kain_glcm_knn\dataset\Polyester\polyester_172.png,Polyester,19.55473639082816,9.18001627507505,2.7866472742834087,0.768175140365965,0.39055134002635833,0.0717363013035785,0.11855746505929311,0.015808774897417426,0.7021292103269628,0.13969871130463013,0.014305789885042719,0.00380847347913737
C:\Users\Fakhri\Downloads\klasifikasi_jenis_kain_glcm_knn\klasifikasi_jenis_kain_glcm_knn\dataset\Polyester\polyester_173.png,Polyester,17.83074805970119,10.736352431310255,3.1755064900420304,1.0759759759966416,0.2830557082549225,0.08502406844402065,0.06654142578622767,0.010138260755143578,0.6835826846111294,0.19051584190436985,0.00453054567680333,0.0013952833056473614
C:\Users\Fakhri\Downloads\klasifikasi_jenis_kain_glcm_knn\klasifikasi_jenis_kain_glcm_knn\dataset\Polyester\polyester_174.png,Polyester,20.979959229092447,12.848712795300711,3.49525932106277,1.2103922200717134,0.25667760563592223,0.08491064042386591,0.06378340750544192,0.009769742220742731,0.6256253418035346,0.22934080523938244,0.004163770936065029,0.0012876978586763028
C:\Users\Fakhri\Downloads\klasifikasi_jenis_kain_glcm_knn\klasifikasi_jenis_kain_glcm_knn\dataset\Polyester\polyester_175.png,Polyester,21.27057259959368,13.060898792405931,3.484221590274523,1.2073941269176869,0.2629405760912378,0.08307866406686641,0.060804938946654646,0.009802584121756922,0.6757387582651573,0.19922638974188137,0.0037933312557705216,0.0012353564990997949
C:\Users\Fakhri\Downloads\klasifikasi_jenis_kain_glcm_knn\klasifikasi_jenis_kain_glcm_knn\dataset\Polyester\polyester_176.png,Polyester,19.10896899046256,11.314009764120364,3.3531499385513173,1.0931430962625708,0.2614412685781307,0.07717998690324074,0.05523524575334307,0.008334635863398958,0.7939412593890339,0.12221777895875159,0.00312039852840766,0.0009456228319558129
C:\Users\Fakhri\Downloads\klasifikasi_jenis_kain_glcm_knn\klasifikasi_jenis_kain_glcm_knn\dataset\Polyester\polyester_177.png,Polyester,7.8350868398913995,3.9916018434278606,2.0537336962714683,0.5808996265899745,0.39465770946464324,0.08111180764292066,0.08481368811845069,0.0115857127258167,0.8330902326448767,0.08539265421603114,0.007327590431618976,0.002016936352416349
C:\Users\Fakhri\Downloads\klasifikasi_jenis_kain_glcm_knn\klasifikasi_jenis_kain_glcm_knn\dataset\Polyester\polyester_178.png,Polyester,13.098953009393455,6.992457966680383,2.7159288612693455,0.7909779979359507,0.31876553067206725,0.07629528108115016,0.07527725638589472,0.010226809920702512,0.6916321527192625,0.1647558670670585,0.005771252970141908,0.0016216039533771482
C:\Users\Fakhri\Downloads\klasifikasi_jenis_kain_glcm_knn\klasifikasi_jenis_kain_glcm_knn\dataset\Polyester\polyester_179.png,Polyester,13.212496641328448,6.776767776453586,2.688510581519399,0.7633870938659529,0.3274229016268288,0.0758182450158858,0.07306647933629494,0.009788960946732386,0.7530792865921899,0.1272149129807956,0.005434534159017867,0.0014758229997391427
C:\Users\Fakhri\Downloads\klasifikasi_jenis_kain_glcm_knn\klasifikasi_jenis_kain_glcm_knn\dataset\Polyester\polyester_180.png,Polyester,13.183792318252225,7.165168264989857,2.7202582333070424,0.8086223718059823,0.318755044784312,0.07867755875447675,0.062108509944587414,0.009062430641944357,0.8576836163311147,0.07754457226467609,0.0039395946566769665,0.0011843656626880155
C:\Users\Fakhri\Downloads\klasifikasi_jenis_kain_glcm_knn\klasifikasi_jenis_kain_glcm_knn\dataset\Polyester\polyester_181.png,Polyester,14.230011049476659,6.855032037651873,2.8591813788736107,0.773218533125563,0.30027450451617804,0.07079819928145446,0.07933089990367631,0.009164428692941843,0.6405183626244351,0.1734445566061772,0.006377378432795126,0.001498069820066899
C:\Users\Fakhri\Downloads\klasifikasi_jenis_kain_glcm_knn\klasifikasi_jenis_kain_glcm_knn\dataset\Polyester\polyester_182.png,Polyester,25.850087561888596,14.454032916417122,3.8940302343204016,1.2392847534818783,0.23497433269131895,0.07377830282299874,0.06033649961191614,0.008015230320100488,0.5393939724707076,0.25728713932722,0.0037047371025030144,0.0010217089921468992
C:\Users\Fakhri\Downloads\klasifikasi_jenis_kain_glcm_knn\klasifikasi_jenis_kain_glcm_knn\dataset\Polyester\polyester_183.png,Polyester,15.41908908060091,7.242219711305181,3.0019552812819033,0.7953476541572496,0.28758412327859634,0.06856164726822855,0.0679456823636349,0.008194637567374808,0.7155674639238446,0.1340921432594354,0.004683767836720597,0.0011446544959095686
C:\Users\Fakhri\Downloads\klasifikasi_jenis_kain_glcm_knn\klasifikasi_jenis_kain_glcm_knn\dataset\Polyester\polyester_184.png,Polyester,32.4805530789844,18.98865106959332,4.344067846531288,1.489347966844633,0.2175895911965584,0.0781973911420776,0.05500124886119575,0.007648254806467644,0.5517599265293829,0.2629263908499986,0.003083633177875841,0.0008961145669203397
C:\Users\Fakhri\Downloads\klasifikasi_jenis_kain_glcm_knn\klasifikasi_jenis_kain_glcm_knn\dataset\Polyester\polyester_185.png,Polyester,97.7229468850931,48.51233894415477,6.361076446984856,1.9693053466506671,0.23765734545774328,0.07060248111182175,0.051091924726762494,0.008897733028490198,0.615696163994555,0.19085848721488674,0.0026895544253314496,0.0009457321274858352
C:\Users\Fakhri\Downloads\klasifikasi_jenis_kain_glcm_knn\klasifikasi_jenis_kain_glcm_knn\dataset\Polyester\polyester_186.png,Polyester,86.70567287586425,45.40117112324743,6.783911732188817,2.0677364958731532,0.1840622410494619,0.05755845987230007,0.03538390625685622,0.005855961686972767,0.6446293893374352,0.18595674980355126,0.0012863131092732815,0.0004471525735564133
C:\Users\Fakhri\Downloads\klasifikasi_jenis_kain_glcm_knn\klasifikasi_jenis_kain_glcm_knn\dataset\Polyester\polyester_187.png,Polyester,81.53520959630863,40.672341099384184,5.843362427790481,1.8482718332887693,0.24509632160180586,0.07727811542266372,0.05268954098573458,0.009361181568951993,0.7690403788725572,0.11525525045994038,0.002863819449654291,0.0010235782019226653
C:\Users\Fakhri\Downloads\klasifikasi_jenis_kain_glcm_knn\klasifikasi_jenis_kain_glcm_knn\dataset\Polyester\polyester_188.png,Polyester,78.29485486378904,39.377786205977145,6.215499585193526,1.8310347840436167,0.2177735315713292,0.059696890494943484,0.036947886345218485,0.006482733447744079,0.7728381386450862,0.11444515822816276,0.0014071721383336823,0.0005110569751638848
C:\Users\Fakhri\Downloads\klasifikasi_jenis_kain_glcm_knn\klasifikasi_jenis_kain_glcm_knn\dataset\Polyester\polyester_189.png,Polyester,100.96885913580128,50.2133749568442,6.84531882441371,2.1151686116312716,0.20972226954015652,0.06747519422985866,0.04500475151446811,0.007750840810789498,0.5020936814911736,0.24813934696479817,0.0020855031921532203,0.000728477866996473
C:\Users\Fakhri\Downloads\klasifikasi_jenis_kain_glcm_knn\klasifikasi_jenis_kain_glcm_knn\dataset\Polyester\polyester_190.png,Polyester,62.690645155958585,32.91342850020564,5.866558688293544,1.810376810939803,0.19717980632364993,0.06377389864771199,0.04278598690999241,0.007077841525549126,0.7358665780455378,0.13878138660014372,0.0018807365165228298,0.0006548080157326898
C:\Users\Fakhri\Downloads\klasifikasi_jenis_kain_glcm_knn\klasifikasi_jenis_kain_glcm_knn\dataset\Polyester\polyester_191.png,Polyester,86.0502538885607,43.23593984439899,6.338537358981014,1.992329187828807,0.2159227664815232,0.0708137420512465,0.039768922121975796,0.006954459829386603,0.6884009937239489,0.15686553998777134,0.0016299316782623274,0.0005771020054235408
C:\Users\Fakhri\Downloads\klasifikasi_jenis_kain_glcm_knn\klasifikasi_jenis_kain_glcm_knn\dataset\Polyester\polyester_192.png,Polyester,60.729831100856444,30.64595250344483,5.599645268090883,1.666974722979809,0.22241044580448624,0.06334269331376356,0.041383061165260866,0.0070053444584200104,0.773055530428857,0.11506062237734278,0.0017616326023888378,0.0006265465163624672
C:\Users\Fakhri\Downloads\klasifikasi_jenis_kain_glcm_knn\klasifikasi_jenis_kain_glcm_knn\dataset\Polyester\polyester_193.png,Polyester,60.10264039194707,32.0801756937601,5.933790933842466,1.810393443435522,0.16484874355095072,0.05704271476962731,0.04034579939442551,0.005236258744756833,0.5130652786463589,0.25987470410515123,0.0016552019344172678,0.00045485611677390094
C:\Users\Fakhri\Downloads\klasifikasi_jenis_kain_glcm_knn\klasifikasi_jenis_kain_glcm_knn\dataset\Polyester\polyester_194.png,Polyester,64.94088810370461,35.83475528813981,6.150594524213907,1.9735911670711934,0.1605323835813854,0.060572280417553,0.037888515129439554,0.0052126564950669835,0.5501567039518133,0.2482891424927833,0.001462711366449334,0.0004276894672984161
C:\Users\Fakhri\Downloads\klasifikasi_jenis_kain_glcm_knn\klasifikasi_jenis_kain_glcm_knn\dataset\Polyester\polyester_195.png,Polyester,61.15331352044216,31.914675734890082,5.944894698336733,1.778687519041778,0.16592776653383748,0.05519170838989763,0.036972960716787635,0.005090809217016404,0.6128601026479407,0.20184759206817318,0.001392916162649181,0.00040169280717154666
C:\Users\Fakhri\Downloads\klasifikasi_jenis_kain_glcm_knn\klasifikasi_jenis_kain_glcm_knn\dataset\Polyester\polyester_196.png,Polyester,72.91154033650514,40.69536052424331,6.438448306871535,2.1031754746241744,0.15921036136284125,0.06075337689803827,0.034607525639339935,0.005293593865383723,0.6816331754077868,0.17845143371166355,0.0012257029668891987,0.00039286413379930934
C:\Users\Fakhri\Downloads\klasifikasi_jenis_kain_glcm_knn\klasifikasi_jenis_kain_glcm_knn\dataset\Polyester\polyester_197.png,Polyester,47.93290563443083,27.491311399676253,5.296684768487071,1.6952025263844057,0.18131783471076543,0.06301372059061341,0.045518773388049986,0.006190452669155375,0.5217937785332892,0.2742619177455267,0.002110280435001701,0.0006176787222825297
C:\Users\Fakhri\Downloads\klasifikasi_jenis_kain_glcm_knn\klasifikasi_jenis_kain_glcm_knn\dataset\Polyester\polyester_198.png,Polyester,49.90355092328438,29.12927599139974,5.435229614348987,1.8148444404722015,0.174319238172407,0.06726674948244422,0.0436784431527269,0.006097210156380079,0.5467598993129049,0.26418855351187,0.0019449823679370598,0.0005786917064332891
C:\Users\Fakhri\Downloads\klasifikasi_jenis_kain_glcm_knn\klasifikasi_jenis_kain_glcm_knn\dataset\Polyester\polyester_199.png,Polyester,45.583978686703155,25.157506744640667,5.1533239635177415,1.6020529030190527,0.18491312531078444,0.06169619142147787,0.044328270388511566,0.006174975348501576,0.5758609792461139,0.23424713789611046,0.0020031258761915934,0.0005924029680186857
C:\Users\Fakhri\Downloads\klasifikasi_jenis_kain_glcm_knn\klasifikasi_jenis_kain_glcm_knn\dataset\Polyester\polyester_200.png,Polyester,58.562010530350996,35.75877046218906,5.78539401238432,2.0187601708607086,0.17112709061812167,0.06691367718616609,0.03863637647460488,0.006180667019639855,0.6583803066001507,0.20899651423005966,0.0015309702318950659,0.0005177844114438447
C:\Users\Fakhri\Downloads\klasifikasi_jenis_kain_glcm_knn\klasifikasi_jenis_kain_glcm_knn\dataset\Silk\silk_001.png,Silk,44.14840241056023,16.98678548846742,4.81256242860865,1.146258421910656,0.22294151216403255,0.05964986429828033,0.059695292687280854,0.0065652150392400835,0.30605941712549106,0.2664406088799103,0.0036066300175315916,0.0008647586450904664
C:\Users\Fakhri\Downloads\klasifikasi_jenis_kain_glcm_knn\klasifikasi_jenis_kain_glcm_knn\dataset\Silk\silk_002.png,Silk,46.638358466095696,17.335802372713193,4.279551575343562,0.9837801272559458,0.32788246532596277,0.05597037529799488,0.11253438660587824,0.013738596546594782,0.35977363041095045,0.23742915952073984,0.012852737203831373,0.0031712188672117446
C:\Users\Fakhri\Downloads\klasifikasi_jenis_kain_glcm_knn\klasifikasi_jenis_kain_glcm_knn\dataset\Silk\silk_003.png,Silk,52.78116236452516,20.622781944244913,5.407967081799577,1.3070164148893417,0.18990654759959277,0.056038372131564505,0.05329360274180115,0.00583818828403622,0.3072924649798132,0.2698195591449837,0.002874292535640773,0.0006833329686537937
C:\Users\Fakhri\Downloads\klasifikasi_jenis_kain_glcm_knn\klasifikasi_jenis_kain_glcm_knn\dataset\Silk\silk_004.png,Silk,50.553655204395966,18.198997297401927,4.3702988798402345,0.9511250587461438,0.3246134537513536,0.052695500103801834,0.10085270193030742,0.011299173048001985,0.4484840679149296,0.19850636178746112,0.010298938798212124,0.0023470998328429496
C:\Users\Fakhri\Downloads\klasifikasi_jenis_kain_glcm_knn\klasifikasi_jenis_kain_glcm_knn\dataset\Silk\silk_005.png,Silk,90.93552341479625,38.55811710169703,7.123873448515699,1.8785476667458956,0.1559453241660584,0.05275486182746808,0.03843904450607721,0.004740475677658315,0.3299781324076058,0.2834663540499236,0.0015000322521906554,0.0004129076484992171
C:\Users\Fakhri\Downloads\klasifikasi_jenis_kain_glcm_knn\klasifikasi_jenis_kain_glcm_knn\dataset\Silk\silk_006.png,Silk,97.864208021911,36.800468154958054,6.523806733477829,1.4882993837513732,0.23082405246801221,0.047181621620134964,0.057222075764129104,0.0071012182376913,0.4234544682247215,0.21674298187926658,0.0033247932552150495,0.0008419978975920847
C:\Users\Fakhri\Downloads\klasifikasi_jenis_kain_glcm_knn\klasifikasi_jenis_kain_glcm_knn\dataset\Silk\silk_007.png,Silk,97.41066287255457,42.56578590983095,7.593392589370466,2.0415530756132094,0.1368430543634103,0.0495538603647895,0.03533506627069744,0.0042422500439795565,0.3319804398756677,0.2912862579518236,0.0012665635937902245,0.0003379684844157923
C:\Users\Fakhri\Downloads\klasifikasi_jenis_kain_glcm_knn\klasifikasi_jenis_kain_glcm_knn\dataset\Silk\silk_008.png,Silk,90.35179587150317,32.98832526244672,6.3506330523036025,1.390221724152216,0.22569582084908865,0.04586054692821579,0.05021688170191537,0.005931773016108973,0.5651170184371536,0.15891706299121655,0.0025569211389788013,0.0006167207990311222
C:\Users\Fakhri\Downloads\klasifikasi_jenis_kain_glcm_knn\klasifikasi_jenis_kain_glcm_knn\dataset\Silk\silk_009.png,Silk,68.88285805278007,28.693007527184022,6.086799795060326,1.6006297761390564,0.1807075928224736,0.06165565976371893,0.04846288654347624,0.006085801686846785,0.2667718873464008,0.3045519755941635,0.0023856883542974776,0.0006768962517627474
C:\Users\Fakhri\Downloads\klasifikasi_jenis_kain_glcm_knn\klasifikasi_jenis_kain_glcm_knn\dataset\Silk\silk_010.png,Silk,69.96475699900598,24.279935636306288,5.205994285093987,1.127376092073944,0.2908253149053275,0.051614263482663174,0.09124384678964483,0.010465857414842435,0.3975777610655679,0.20873096314681136,0.008434973748399995,0.0019797879739412616
C:\Users\Fakhri\Downloads\klasifikasi_jenis_kain_glcm_knn\klasifikasi_jenis_kain_glcm_knn\dataset\Silk\silk_011.png,Silk,73.97990853525245,31.939050431486233,6.435513368099255,1.7487533774571842,0.16499031363131564,0.062080151374805805,0.044307122372531794,0.006102063154026502,0.32159798827817077,0.2921631877984903,0.002000356267670236,0.000622417581904414
C:\Users\Fakhri\Downloads\klasifikasi_jenis_kain_glcm_knn\klasifikasi_jenis_kain_glcm_knn\dataset\Silk\silk_012.png,Silk,56.4850159436704,19.1559208455367,4.606937083520362,0.9574653142775044,0.30823499483237937,0.052505047244767934,0.09202033641713663,0.010532104613764385,0.5052667416730242,0.16785841616327032,0.008578667541918278,0.002001252027041063
C:\Users\Fakhri\Downloads\klasifikasi_jenis_kain_glcm_knn\klasifikasi_jenis_kain_glcm_knn\dataset\Silk\silk_013.png,Silk,111.98014838872781,45.94026302790725,8.067370753727772,2.0581745588397684,0.13558468464057233,0.04605250263108062,0.0332881757092517,0.003875387796039859,0.3448119725521881,0.26830750867050407,0.00112312127261971,0.00029079431050579093
C:\Users\Fakhri\Downloads\klasifikasi_jenis_kain_glcm_knn\klasifikasi_jenis_kain_glcm_knn\dataset\Silk\silk_014.png,Silk,131.4697130017191,47.55614919218742,7.701556753375409,1.6908099779001142,0.2037705963023451,0.0412484068578075,0.05137826018106243,0.006239699749046447,0.3947818013722229,0.21898038461651706,0.002678659472191196,0.0006661937569849466
C:\Users\Fakhri\Downloads\klasifikasi_jenis_kain_glcm_knn\klasifikasi_jenis_kain_glcm_knn\dataset\Silk\silk_015.png,Silk,117.88451380927165,50.343050717523155,8.476919166169056,2.2420565645371053,0.12160198555024153,0.04679098508496545,0.03135123726070752,0.003797243731613158,0.3566856806589198,0.27415461209441855,0.0009973191377344508,0.0002688063964167623
C:\Users\Fakhri\Downloads\klasifikasi_jenis_kain_glcm_knn\klasifikasi_jenis_kain_glcm_knn\dataset\Silk\silk_016.png,Silk,110.41675633820059,38.15220383022025,7.022514186570252,1.4598759816826112,0.21123333530708596,0.04156745625112939,0.05018011959699729,0.005780593566348482,0.5201997006469786,0.16622820246344916,0.002551459664748261,0.000600398905621797
C:\Users\Fakhri\Downloads\klasifikasi_jenis_kain_glcm_knn\klasifikasi_jenis_kain_glcm_knn\dataset\Silk\silk_017.png,Silk,96.76449140531287,40.910156347381516,7.561807357750152,2.0041248167291834,0.13961836639655353,0.051581052070300344,0.035932830854950436,0.00438417557406123,0.3168138405405709,0.288365276839691,0.0013103893287146732,0.00036072713818288276
C:\Users\Fakhri\Downloads\klasifikasi_jenis_kain_glcm_knn\klasifikasi_jenis_kain_glcm_knn\dataset\Silk\silk_018.png,Silk,117.95123645480747,42.97039535395261,7.514370747784695,1.6533344467086568,0.192084062124835,0.041103437686200076,0.047546307483016005,0.005707289126725995,0.41866383526406875,0.21170385714734194,0.002293224504445549,0.0005685336090458477
C:\Users\Fakhri\Downloads\klasifikasi_jenis_kain_glcm_knn\klasifikasi_jenis_kain_glcm_knn\dataset\Silk\silk_019.png,Silk,92.64626645105453,40.76596445858276,7.501870143979062,2.042094924636966,0.13673313420312735,0.052663130617058226,0.033798104109499696,0.004404485918580834,0.4264973583513529,0.2518090732771227,0.001161711337603557,0.00034141032064937787
C:\Users\Fakhri\Downloads\klasifikasi_jenis_kain_glcm_knn\klasifikasi_jenis_kain_glcm_knn\dataset\Silk\silk_020.png,Silk,91.18372786348954,31.62816390048427,6.517122879523908,1.3434713547962818,0.20902718537610465,0.040466124754928244,0.047421607791606785,0.005186504373269241,0.565343396577486,0.15098830083248466,0.002275708713154922,0.0005090740487978929
C:\Users\Fakhri\Downloads\klasifikasi_jenis_kain_glcm_knn\klasifikasi_jenis_kain_glcm_knn\dataset\Silk\silk_021.png,Silk,30.16839306488056,11.71620322912889,4.015545040670349,0.9544887903942619,0.2531438603643234,0.06444551229143915,0.06717728998814915,0.00738238063682909,0.3818680829273025,0.2396666200065177,0.0045672878340189136,0.0011086973085328896
C:\Users\Fakhri\Downloads\klasifikasi_jenis_kain_glcm_knn\klasifikasi_jenis_kain_glcm_knn\dataset\Silk\silk_022.png,Silk,41.8614250122459,14.749590713716369,4.169674503349921,0.901665962069973,0.31296674235755134,0.053972775356984845,0.09539919480519282,0.011095570892131463,0.4269948977848988,0.20150316217536368,0.009224118062901443,0.002199482159038392
C:\Users\Fakhri\Downloads\klasifikasi_jenis_kain_glcm_knn\klasifikasi_jenis_kain_glcm_knn\dataset\Silk\silk_023.png,Silk,39.990158939494215,15.679734760567063,4.733985009933428,1.1512807773526694,0.21131597736296934,0.0633066465945696,0.057229454027542516,0.0069385126417412304,0.3967014025547659,0.2358158954228904,0.0033233533659702045,0.0008858714561279725
C:\Users\Fakhri\Downloads\klasifikasi_jenis_kain_glcm_knn\klasifikasi_jenis_kain_glcm_knn\dataset\Silk\silk_024.png,Silk,40.79849489667035,13.630206864460591,3.8407909372115956,0.7920092166543787,0.3615818222648544,0.05384942991697775,0.108788475859547,0.011840362548670281,0.4227950995758132,0.192845045852381,0.011975126665127194,0.0026437867225713647
C:\Users\Fakhri\Downloads\klasifikasi_jenis_kain_glcm_knn\klasifikasi_jenis_kain_glcm_knn\dataset\Silk\silk_025.png,Silk,95.60586547787936,41.545491349840276,7.3701532794937314,1.9882604206997665,0.1483722358234659,0.05472243749085932,0.037361125863087784,0.004975404853928364,0.31952178415164195,0.2951868553994792,0.0014206083792179813,0.00043009515446623263
C:\Users\Fakhri\Downloads\klasifikasi_jenis_kain_glcm_knn\klasifikasi_jenis_kain_glcm_knn\dataset\Silk\silk_026.png,Silk,97.97218305803052,35.604297118514786,6.5092337172644585,1.4373254696647129,0.2328005681365611,0.0462156617786954,0.05793770372951416,0.0069620841707882545,0.5118487037205373,0.17729848814452895,0.003405248129450099,0.0008377302523493929
C:\Users\Fakhri\Downloads\klasifikasi_jenis_kain_glcm_knn\klasifikasi_jenis_kain_glcm_knn\dataset\Silk\silk_027.png,Silk,89.8005128086847,41.00499433865418,7.107389170472597,1.987195442234061,0.1566388600138294,0.05633667475338715,0.03327012379251317,0.005065929251987762,0.55279527979366,0.20385191892671414,0.0011325647763552962,0.00038996821750017095
C:\Users\Fakhri\Downloads\klasifikasi_jenis_kain_glcm_knn\klasifikasi_jenis_kain_glcm_knn\dataset\Silk\silk_028.png,Silk,68.77294237626204,24.19608186196648,5.36968724966222,1.1313816915725199,0.2595252360800692,0.04835996181076915,0.059021510378077645,0.006523107814023412,0.6823492012496265,0.1118943017527696,0.0035260896228628998,0.0007965501190426033
C:\Users\Fakhri\Downloads\klasifikasi_jenis_kain_glcm_knn\klasifikasi_jenis_kain_glcm_knn\dataset\Silk\silk_029.png,Silk,98.04831751877737,41.95449247839138,7.53958990202183,2.015555080795638,0.14256560326189807,0.05207342294691861,0.036370821414376316,0.004472777644662776,0.3057165838370036,0.2964544785746217,0.0013428423902150496,0.0003726610402856827
C:\Users\Fakhri\Downloads\klasifikasi_jenis_kain_glcm_knn\klasifikasi_jenis_kain_glcm_knn\dataset\Silk\silk_030.png,Silk,103.00228448626785,36.82585500372376,6.848764995266759,1.4770470065996972,0.21312479707617324,0.04235604013177615,0.05450057901131286,0.006279141822829173,0.4424466253628585,0.19930165683120402,0.00300974073459956,0.0007093380218705449
C:\Users\Fakhri\Downloads\klasifikasi_jenis_kain_glcm_knn\klasifikasi_jenis_kain_glcm_knn\dataset\Silk\silk_031.png,Silk,101.25069450723784,44.254383657696124,7.767617902156052,2.1080835331143035,0.13555742747505997,0.0515055039169406,0.03264021890586675,0.004336952830661009,0.429140682668038,0.24901211689419966,0.0010841930500782796,0.00032409638243719146
C:\Users\Fakhri\Downloads\klasifikasi_jenis_kain_glcm_knn\klasifikasi_jenis_kain_glcm_knn\dataset\Silk\silk_032.png,Silk,97.4450564456755,33.05776060679676,6.475807055606847,1.330483639121048,0.23161371671455733,0.043038268863844945,0.05355503962834216,0.005896267443381584,0.5074289770170863,0.16737849349924724,0.0029029082393571813,0.0006518678238268796
C:\Users\Fakhri\Downloads\klasifikasi_jenis_kain_glcm_knn\klasifikasi_jenis_kain_glcm_knn\dataset\Silk\silk_033.png,Silk,16.899574038775885,7.553709700679176,3.1518576898483417,0.8440707663692903,0.28028214421881575,0.08149146320794287,0.07804478697508484,0.009906478094009961,0.500362074666035,0.22332572313538065,0.00618912708221347,0.0017430133032146924
C:\Users\Fakhri\Downloads\klasifikasi_jenis_kain_glcm_knn\klasifikasi_jenis_kain_glcm_knn\dataset\Silk\silk_034.png,Silk,33.13778036595607,13.923865991383389,4.36108873108875,1.087616208756052,0.22246436259465088,0.06530632817522272,0.056349361050376585,0.006996919029891757,0.4928988916416795,0.21346645643023202,0.00322420736669656,0.0008746822743337322
C:\Users\Fakhri\Downloads\klasifikasi_jenis_kain_glcm_knn\klasifikasi_jenis_kain_glcm_knn\dataset\Silk\silk_035.png,Silk,13.743016706694794,6.491735352833705,2.6827112352689078,0.7469128429766712,0.3407596800201618,0.08522831933284561,0.1094540435888865,0.015145169303116083,0.6914256018538398,0.14569907548958808,0.012209563811177914,0.003645949846959795
C:\Users\Fakhri\Downloads\klasifikasi_jenis_kain_glcm_knn\klasifikasi_jenis_kain_glcm_knn\dataset\Silk\silk_036.png,Silk,24.84366243585281,10.31131450863917,3.7949065506837663,0.9236611810837094,0.24193865172399898,0.06504969950561135,0.05427188513302316,0.0067897699600248,0.7222994225075734,0.11545413887778172,0.0029915384920021146,0.0008057554456302112
C:\Users\Fakhri\Downloads\klasifikasi_jenis_kain_glcm_knn\klasifikasi_jenis_kain_glcm_knn\dataset\Silk\silk_037.png,Silk,60.01002804451332,23.749733694346002,5.644159969227612,1.3777240840019442,0.19273154115687455,0.0568204367155392,0.05254038951323484,0.0057808515286413495,0.26480677120855217,0.2900890832306487,0.0027939107745986323,0.000679134474151901
C:\Users\Fakhri\Downloads\klasifikasi_jenis_kain_glcm_knn\klasifikasi_jenis_kain_glcm_knn\dataset\Silk\silk_038.png,Silk,58.6373578125768,21.520765291810307,4.823781822355721,1.0925069270101395,0.30025910007154294,0.05432144763777483,0.09537952206414095,0.01147799960153396,0.3692772720937332,0.2312378171488051,0.009228997704036764,0.0022559614373039404
C:\Users\Fakhri\Downloads\klasifikasi_jenis_kain_glcm_knn\klasifikasi_jenis_kain_glcm_knn\dataset\Silk\silk_039.png,Silk,70.6163448391227,28.33781845795574,6.221656726185576,1.5524726912557578,0.17137175049122558,0.05471456787045654,0.046932450380670725,0.0055615303052780505,0.2997452978095799,0.2803018217103998,0.0022335855180706456,0.0005820027996142273
C:\Users\Fakhri\Downloads\klasifikasi_jenis_kain_glcm_knn\klasifikasi_jenis_kain_glcm_knn\dataset\Silk\silk_040.png,Silk,67.81017302155638,24.206459149306635,5.105323335224873,1.0981646652474928,0.29202484613149077,0.0502378296873526,0.08727790549018433,0.009918540432203873,0.4591013674396502,0.19321695725379712,0.00771581023105881,0.001788890552373665
C:\Users\Fakhri\Downloads\klasifikasi_jenis_kain_glcm_knn\klasifikasi_jenis_kain_glcm_knn\dataset\Silk\silk_041.png,Silk,92.98082725939742,39.10472287923981,7.1155118103694734,1.882754491578631,0.15939660617809961,0.057509301751254974,0.04126416266732131,0.0056207139184087,0.29858606134617194,0.2943838852728868,0.0017343235455877471,0.0005358464461655362
C:\Users\Fakhri\Downloads\klasifikasi_jenis_kain_glcm_knn\klasifikasi_jenis_kain_glcm_knn\dataset\Silk\silk_042.png,Silk,77.67905892609998,28.814358295663297,5.658705369084648,1.2770966000244313,0.2539233652302707,0.04862652065903461,0.07117391176282116,0.008159412653136513,0.4234061931358882,0.2134994669415991,0.005132301730466018,0.001204825718786986
C:\Users\Fakhri\Downloads\klasifikasi_jenis_kain_glcm_knn\klasifikasi_jenis_kain_glcm_knn\dataset\Silk\silk_043.png,Silk,97.53171695683807,39.70554833465467,7.367190748223156,1.898340607030577,0.15379492120501362,0.05497173022999077,0.03526570305803044,0.0049519633722146725,0.44474238384374004,0.22531744578270646,0.001268191753416933,0.00040286256433456316
C:\Users\Fakhri\Downloads\klasifikasi_jenis_kain_glcm_knn\klasifikasi_jenis_kain_glcm_knn\dataset\Silk\silk_044.png,Silk,61.91275796894039,21.759291641313773,5.064461617893996,1.0697424636607917,0.2692115636663333,0.04770958074763364,0.06914576751395755,0.0073906761401512115,0.588301406956274,0.14461891442942104,0.004835759258902869,0.0010601988409868434
C:\Users\Fakhri\Downloads\klasifikasi_jenis_kain_glcm_knn\klasifikasi_jenis_kain_glcm_knn\dataset\Silk\silk_045.png,Silk,84.13036657529112,33.1041914192761,6.753751072476651,1.6475252692896738,0.16674329755162864,0.05051079674755078,0.042217524776522825,0.004905320473680561,0.29988718357408145,0.2749755004342154,0.0018063815672058276,0.0004646607517553893
C:\Users\Fakhri\Downloads\klasifikasi_jenis_kain_glcm_knn\klasifikasi_jenis_kain_glcm_knn\dataset\Silk\silk_046.png,Silk,85.56256823093571,29.325266297093417,5.995461850207307,1.2552381929812513,0.24312289531641,0.045926104865473494,0.06639104578357086,0.007310850321450963,0.4124668414505341,0.20113549030970898,0.00446121949265886,0.001005640945660167
C:\Users\Fakhri\Downloads\klasifikasi_jenis_kain_glcm_knn\klasifikasi_jenis_kain_glcm_knn\dataset\Silk\silk_047.png,Silk,96.11974614928016,37.92755518695069,7.474340239883927,1.8399797632680566,0.1401831719816696,0.047706221345955695,0.038092163744669394,0.004137232698743422,0.2780024181556225,0.2842620577363837,0.001468129633154257,0.00035176967774793046
C:\Users\Fakhri\Downloads\klasifikasi_jenis_kain_glcm_knn\klasifikasi_jenis_kain_glcm_knn\dataset\Silk\silk_048.png,Silk,98.37318968929752,32.383397556227116,6.28603806168424,1.26590285423893,0.24837231972686916,0.04552682879263452,0.06453764440957535,0.007108212134424852,0.4361422762912715,0.1857579654236298,0.004215634225684776,0.0009493576290838188
C:\Users\Fakhri\Downloads\klasifikasi_jenis_kain_glcm_knn\klasifikasi_jenis_kain_glcm_knn\dataset\Silk\silk_049.png,Silk,85.61158317295418,33.671361082131924,6.837599971060367,1.6674589206083037,0.16324882967158597,0.050577686619720744,0.04232538411931459,0.0048354644415392395,0.2763516364998274,0.28377201235932925,0.0018148198572129183,0.0004602336569613121
C:\Users\Fakhri\Downloads\klasifikasi_jenis_kain_glcm_knn\klasifikasi_jenis_kain_glcm_knn\dataset\Silk\silk_050.png,Silk,85.56134611164714,29.216705981033073,5.985847165027015,1.2499098915324112,0.2432186542119308,0.04571583828700325,0.06630100771665975,0.007366281225664329,0.4106696319475678,0.20103380098456403,0.0044500857233401485,0.0010120823505714788
C:\Users\Fakhri\Downloads\klasifikasi_jenis_kain_glcm_knn\klasifikasi_jenis_kain_glcm_knn\dataset\Silk\silk_051.png,Silk,96.86108314164609,38.44728024030565,7.484174509994307,1.854447307145867,0.1409477058468317,0.04845598345153422,0.037721596361668226,0.004259873183097444,0.29540469445458345,0.27882270395663783,0.0014410653516086945,0.00035997501164195813
C:\Users\Fakhri\Downloads\klasifikasi_jenis_kain_glcm_knn\klasifikasi_jenis_kain_glcm_knn\dataset\Silk\silk_052.png,Silk,97.56970134807814,32.073407667447434,6.265749375434531,1.25963092646012,0.24947975964272087,0.04596618080364113,0.0653296681210447,0.007174844524245298,0.44008046684214097,0.1840126315624169,0.004319443930752937,0.0009702381185951974
C:\Users\Fakhri\Downloads\klasifikasi_jenis_kain_glcm_knn\klasifikasi_jenis_kain_glcm_knn\dataset\Silk\silk_053.png,Silk,32.02067574918408,12.363346674975427,4.12896892984558,0.9856132265390516,0.24740653850797314,0.06517052829742227,0.06651689266931367,0.007314712167469696,0.35416764993414973,0.24867271984575628,0.0044780020244739255,0.0010925440363512221
C:\Users\Fakhri\Downloads\klasifikasi_jenis_kain_glcm_knn\klasifikasi_jenis_kain_glcm_knn\dataset\Silk\silk_054.png,Silk,39.88291727725723,14.013158354295735,4.038174331025237,0.8690334207173536,0.32227974554336064,0.053666712087413485,0.09847048145325837,0.011270310899050418,0.43448639250129945,0.19850738307173776,0.009823455625397753,0.002301546737153915
C:\Users\Fakhri\Downloads\klasifikasi_jenis_kain_glcm_knn\klasifikasi_jenis_kain_glcm_knn\dataset\Silk\silk_055.png,Silk,41.15138820439176,16.23006949396076,4.784218998603411,1.1681754036747027,0.21029077165164942,0.0629837012692385,0.05662050141948032,0.0069884605916946466,0.39929176178573544,0.2363028475171764,0.003254719762435043,0.0008859665521144743
C:\Users\Fakhri\Downloads\klasifikasi_jenis_kain_glcm_knn\klasifikasi_jenis_kain_glcm_knn\dataset\Silk\silk_056.png,Silk,41.912047004192694,14.02873224800531,3.8860493163907672,0.8044084695994955,0.35996848277220844,0.05389404886790392,0.10696841564139287,0.011770226193735647,0.4367481276641619,0.18860213839998738,0.011580780169481485,0.002588483265036014
C:\Users\Fakhri\Downloads\klasifikasi_jenis_kain_glcm_knn\klasifikasi_jenis_kain_glcm_knn\dataset\Silk\silk_057.png,Silk,28.90998294317123,12.71745956230581,3.6445021185897377,0.9428402517641792,0.3117178125174049,0.06551281735463381,0.08956496476724785,0.012180327350098916,0.601389900486534,0.1759103392604949,0.008170243288113914,0.0022276595917958427
C:\Users\Fakhri\Downloads\klasifikasi_jenis_kain_glcm_knn\klasifikasi_jenis_kain_glcm_knn\dataset\Silk\silk_058.png,Silk,68.67375727497506,30.903021658909218,6.290494947118187,1.6611325008833584,0.16342352281862962,0.05087374120478195,0.041940041045934635,0.004989385058177251,0.44502046194125217,0.24925083536695786,0.0017838610061934445,0.0004407725507593937
C:\Users\Fakhri\Downloads\klasifikasi_jenis_kain_glcm_knn\klasifikasi_jenis_kain_glcm_knn\dataset\Silk\silk_059.png,Silk,31.529365979792544,12.454663085742245,3.7193153490689617,0.894832728066383,0.3134270059611438,0.062157075387869486,0.09052158928090925,0.011922392573924337,0.5732034590234355,0.16936802605699958,0.00833630157062839,0.0022115177021760357
C:\Users\Fakhri\Downloads\klasifikasi_jenis_kain_glcm_knn\klasifikasi_jenis_kain_glcm_knn\dataset\Silk\silk_060.png,Silk,85.79793197405547,39.764301017988686,6.983713818853075,1.8958695753224677,0.15214736709685728,0.04915400949395625,0.03691461500765265,0.004340442028770633,0.4322577099405738,0.2627844761892585,0.0013815282381683322,0.00033942944355659383
C:\Users\Fakhri\Downloads\klasifikasi_jenis_kain_glcm_knn\klasifikasi_jenis_kain_glcm_knn\dataset\Silk\silk_061.png,Silk,24.269667915884025,10.685206853032803,3.40641023862238,0.8787050320851829,0.32253474059612414,0.06493268161541373,0.08668531392325367,0.01141853279182684,0.6488809644276882,0.15504273955595788,0.007644726541091063,0.0020293174466192703
C:\Users\Fakhri\Downloads\klasifikasi_jenis_kain_glcm_knn\klasifikasi_jenis_kain_glcm_knn\dataset\Silk\silk_062.png,Silk,80.99518359452344,41.516422765528475,6.740133584878038,2.0238573877149446,0.162010724370681,0.05643346193616838,0.03913463575503889,0.005680585108866904,0.4899410592912356,0.2608051011031151,0.0015637887628586488,0.0004798879002600131
C:\Users\Fakhri\Downloads\klasifikasi_jenis_kain_glcm_knn\klasifikasi_jenis_kain_glcm_knn\dataset\Silk\silk_063.png,Silk,32.60361622628626,13.810626551364955,3.8885094584141418,0.9731601294745902,0.300719715439901,0.061342650125858995,0.07849722958111131,0.010514011436216967,0.607754099317726,0.16662410238199393,0.006272359488390598,0.0016984645123784136
C:\Users\Fakhri\Downloads\klasifikasi_jenis_kain_glcm_knn\klasifikasi_jenis_kain_glcm_knn\dataset\Silk\silk_064.png,Silk,106.8419249517088,53.811575509310984,7.786199791184216,2.334388693020894,0.14053325528367136,0.05299123479401047,0.03437595483263564,0.004530297128106141,0.4135529188713556,0.2947643674338799,0.0012022298627243325,0.0003404052416197095
C:\Users\Fakhri\Downloads\klasifikasi_jenis_kain_glcm_knn\klasifikasi_jenis_kain_glcm_knn\dataset\Silk\silk_065.png,Silk,22.06476615718165,8.701927722642308,2.9609514213873798,0.6963569312244177,0.3749603176364735,0.0640192084379427,0.12168791803377377,0.01396954752046889,0.6100806741214458,0.15468080469149129,0.015003097653321085,0.003499766943999986
C:\Users\Fakhri\Downloads\klasifikasi_jenis_kain_glcm_knn\klasifikasi_jenis_kain_glcm_knn\dataset\Silk\silk_066.png,Silk,81.86176847987977,37.95665327070159,6.721965070611929,1.860517464461196,0.16826256838548329,0.055096243498478234,0.043601419719712764,0.006489862758703659,0.46135225364473387,0.2492133133038435,0.001943202120201366,0.0005968268230732535
C:\Users\Fakhri\Downloads\klasifikasi_jenis_kain_glcm_knn\klasifikasi_jenis_kain_glcm_knn\dataset\Silk\silk_067.png,Silk,25.378327662083745,9.807924860748692,3.0293702031185936,0.717271820890255,0.38732400613667145,0.06564493248052157,0.13261375212885493,0.015732122671352683,0.5948645951185332,0.15724491100293708,0.017833906937439855,0.0043014850423085515
C:\Users\Fakhri\Downloads\klasifikasi_jenis_kain_glcm_knn\klasifikasi_jenis_kain_glcm_knn\dataset\Silk\silk_068.png,Silk,107.82984438084092,48.407905467770505,7.692807343972156,2.085220010890965,0.15518635505306827,0.05237267382168545,0.03848658996517805,0.0059164334721209565,0.4281851630226972,0.2563427234012946,0.0015162217921777773,0.00048063727542343174
C:\Users\Fakhri\Downloads\klasifikasi_jenis_kain_glcm_knn\klasifikasi_jenis_kain_glcm_knn\dataset\Silk\silk_069.png,Silk,32.07502313240044,13.419003090686942,3.802492716532191,0.942324999605326,0.30113162722804404,0.06133505957426317,0.08435404857235794,0.010659022717056935,0.5869096280010795,0.17331986780950398,0.007229220275830456,0.0018436389273550934
C:\Users\Fakhri\Downloads\klasifikasi_jenis_kain_glcm_knn\klasifikasi_jenis_kain_glcm_knn\dataset\Silk\silk_070.png,Silk,99.61308513323581,46.20018049863207,7.429951502278381,2.0667289375424653,0.1525897134404607,0.0518144240901264,0.037230043842569095,0.005220149602417235,0.4485197971060402,0.255443409058408,0.0014133261263912335,0.00041198045691466794
C:\Users\Fakhri\Downloads\klasifikasi_jenis_kain_glcm_knn\klasifikasi_jenis_kain_glcm_knn\dataset\Silk\silk_071.png,Silk,45.86928145553765,17.782550288683595,4.403933927404057,1.0414492378634876,0.2848042825053736,0.05729342774388911,0.07690422909371995,0.009910516047794169,0.5506523383279953,0.1747181173693652,0.006012478780832949,0.0015628498349651845
C:\Users\Fakhri\Downloads\klasifikasi_jenis_kain_glcm_knn\klasifikasi_jenis_kain_glcm_knn\dataset\Silk\silk_072.png,Silk,131.08754706778168,61.12209387410055,8.555080325581303,2.3936943289559207,0.13529906644887532,0.04827889071497871,0.03230371703425126,0.004274644274118369,0.3995452007651716,0.2796266043154341,0.0010618027178992278,0.00029535863180213
C:\Users\Fakhri\Downloads\klasifikasi_jenis_kain_glcm_knn\klasifikasi_jenis_kain_glcm_knn\dataset\Silk\silk_073.png,Silk,45.891549847114014,20.800376060240207,4.7796251823491325,1.2961418493022296,0.2513644978388504,0.06348908375716403,0.07046006044611787,0.011258726826629364,0.5129530671500255,0.22113853120609328,0.0050913790478272465,0.0016336095442236551
C:\Users\Fakhri\Downloads\klasifikasi_jenis_kain_glcm_knn\klasifikasi_jenis_kain_glcm_knn\dataset\Silk\silk_074.png,Silk,85.10201185510995,40.15343323138642,6.695523255185111,1.8940723957845864,0.17419013594190458,0.05478838200201895,0.043327215549853554,0.005808610451224697,0.38648755062134926,0.28860803984985284,0.0019109875626775483,0.0005356907528726333
C:\Users\Fakhri\Downloads\klasifikasi_jenis_kain_glcm_knn\klasifikasi_jenis_kain_glcm_knn\dataset\Silk\silk_075.png,Silk,57.965606809946145,25.708101587168294,5.3330341892585285,1.426132633698939,0.2347436740809782,0.0607940434193538,0.06549600869114332,0.010492533193867337,0.4944466273488331,0.22454233287076816,0.0043998204072947305,0.0014177457488478045
C:\Users\Fakhri\Downloads\klasifikasi_jenis_kain_glcm_knn\klasifikasi_jenis_kain_glcm_knn\dataset\Silk\silk_076.png,Silk,120.67420306908191,56.22845908721186,7.924805841834939,2.2596283897446394,0.1538878705263327,0.05316225698948724,0.03897828795164483,0.005360719109355692,0.3259221265175393,0.3131693159851287,0.0015480442410107517,0.00044970089529464276
C:\Users\Fakhri\Downloads\klasifikasi_jenis_kain_glcm_knn\klasifikasi_jenis_kain_glcm_knn\dataset\Silk\silk_077.png,Silk,106.28046071135476,53.83112946312185,7.44102195609658,2.189000663133682,0.16730245115501807,0.05060500555251877,0.036874800938804575,0.005937633599567086,0.5685613415647327,0.21846051464093666,0.001395006437039171,0.0004537795259218335
C:\Users\Fakhri\Downloads\klasifikasi_jenis_kain_glcm_knn\klasifikasi_jenis_kain_glcm_knn\dataset\Silk\silk_078.png,Silk,102.00125663012977,53.47602125301003,7.520893341934483,2.34558434935631,0.14846352148062167,0.05327757629857275,0.03345121842723683,0.004505753112229797,0.4687767881450154,0.27784298902863575,0.0011392858253750776,0.0003273922035099245
C:\Users\Fakhri\Downloads\klasifikasi_jenis_kain_glcm_knn\klasifikasi_jenis_kain_glcm_knn\dataset\Silk\silk_079.png,Silk,117.15523203081877,58.81225839425104,7.769576394688808,2.295464200802201,0.16562828405308488,0.05078803004862184,0.03718787874560386,0.006177023531268448,0.5707987879555662,0.21538373680272707,0.0014210939453035791,0.00047439379100265615
C:\Users\Fakhri\Downloads\klasifikasi_jenis_kain_glcm_knn\klasifikasi_jenis_kain_glcm_knn\dataset\Silk\silk_080.png,Silk,103.93247465274719,57.02436241110152,7.610871189916593,2.4797883219530137,0.14956166874470447,0.05707887005766242,0.032130630063908684,0.004614085441333599,0.49296847770616675,0.2774196790522607,0.001053667172763679,0.0003272150077870288
C:\Users\Fakhri\Downloads\klasifikasi_jenis_kain_glcm_knn\klasifikasi_jenis_kain_glcm_knn\dataset\Silk\silk_081.png,Silk,24.44754178440988,10.1667870956991,3.389209000403065,0.8291491932614796,0.32437089425586835,0.06227043426183087,0.10071041561455561,0.012273100439217042,0.5800803401502984,0.17501491565409427,0.010293216807647635,0.0025378499245717143
C:\Users\Fakhri\Downloads\klasifikasi_jenis_kain_glcm_knn\klasifikasi_jenis_kain_glcm_knn\dataset\Silk\silk_082.png,Silk,74.62209622941744,35.5885967081292,6.390112114040872,1.8287799026222031,0.17817314682766983,0.059571524861663915,0.04646291173137313,0.006958784762664442,0.4281973268278452,0.2719452304979672,0.002207226851930462,0.0006909709550443787
C:\Users\Fakhri\Downloads\klasifikasi_jenis_kain_glcm_knn\klasifikasi_jenis_kain_glcm_knn\dataset\Silk\silk_083.png,Silk,31.985073874539058,12.37474863181117,3.716317147448807,0.8759442073080207,0.32054687785379,0.0603190709063656,0.09820732554493557,0.012272169266867406,0.5497126045548623,0.1745809371324318,0.009795284929203599,0.0024816259621850364
C:\Users\Fakhri\Downloads\klasifikasi_jenis_kain_glcm_knn\klasifikasi_jenis_kain_glcm_knn\dataset\Silk\silk_084.png,Silk,103.84924379146663,49.46115056966643,7.504698261679621,2.187079149706934,0.15897241805074583,0.05789960318295664,0.04045268480497451,0.005951976648898968,0.3496976803801352,0.3089146631890631,0.001671845733959655,0.0005205502319085474
C:\Users\Fakhri\Downloads\klasifikasi_jenis_kain_glcm_knn\klasifikasi_jenis_kain_glcm_knn\dataset\Silk\silk_085.png,Silk,33.31268349383369,13.571656162338668,3.9336479912264366,0.9512884996021796,0.28684374583801336,0.059952470582618926,0.08000289118358485,0.009763834146155545,0.5779054321261324,0.17258545860497174,0.006495795054966155,0.0016073783606883748
C:\Users\Fakhri\Downloads\klasifikasi_jenis_kain_glcm_knn\klasifikasi_jenis_kain_glcm_knn\dataset\Silk\silk_086.png,Silk,98.53702064994711,45.19611477594118,7.463534144829363,2.0438646774750238,0.14805429792556746,0.05090926708353124,0.03733382332415689,0.0049473156349813556,0.42635149982675613,0.2624910290366043,0.001418290295991492,0.00039488961479055705
C:\Users\Fakhri\Downloads\klasifikasi_jenis_kain_glcm_knn\klasifikasi_jenis_kain_glcm_knn\dataset\Silk\silk_087.png,Silk,36.89019520761989,14.648948691437202,4.070152633681862,0.9765148725676261,0.2887058673837628,0.05930413981122313,0.08056839922518293,0.010197057350509986,0.5745072335477523,0.16957673026654296,0.006595246932318047,0.0016957599946160948
C:\Users\Fakhri\Downloads\klasifikasi_jenis_kain_glcm_knn\klasifikasi_jenis_kain_glcm_knn\dataset\Silk\silk_088.png,Silk,123.08894887713846,59.129918826326,8.290693819100232,2.3899074386859325,0.14083388976193092,0.051254870597740726,0.03310670809055094,0.004688473755791867,0.42539207455720157,0.2755854128365755,0.0011180359067516998,0.0003346932695197214
C:\Users\Fakhri\Downloads\klasifikasi_jenis_kain_glcm_knn\klasifikasi_jenis_kain_glcm_knn\dataset\Silk\silk_089.png,Silk,41.05475089719564,20.12684137289173,4.587768117079851,1.3232973408577529,0.23609825550461938,0.06683015872175191,0.054519818442662536,0.00713036591447239,0.49733220623025237,0.2458760869950171,0.0030232527210951564,0.0008144457798911114
C:\Users\Fakhri\Downloads\klasifikasi_jenis_kain_glcm_knn\klasifikasi_jenis_kain_glcm_knn\dataset\Silk\silk_090.png,Silk,30.158796421503087,14.021359611852207,3.294514961613866,0.8995152719308206,0.39452779521481557,0.0655790504293059,0.1257761502035549,0.01373510120930493,0.7091523570051584,0.1353047491684733,0.01600829296525705,0.0035184093137330037
C:\Users\Fakhri\Downloads\klasifikasi_jenis_kain_glcm_knn\klasifikasi_jenis_kain_glcm_knn\dataset\Silk\silk_091.png,Silk,46.43364734431753,23.272329835498873,5.059849321961493,1.4797107196277208,0.2030020365940346,0.06256293061195195,0.04900281933599538,0.006386046380932936,0.5375702077979251,0.23126449943611604,0.0024420578912556306,0.000654617626202763
C:\Users\Fakhri\Downloads\klasifikasi_jenis_kain_glcm_knn\klasifikasi_jenis_kain_glcm_knn\dataset\Silk\silk_092.png,Silk,29.284986525453984,13.052515794455584,3.226232208183802,0.824529142577475,0.3968216520625391,0.06329495999649852,0.12359418235412879,0.013075944018965613,0.7501808639133579,0.11163647243241585,0.01544650222377276,0.003305775204544416
C:\Users\Fakhri\Downloads\klasifikasi_jenis_kain_glcm_knn\klasifikasi_jenis_kain_glcm_knn\dataset\Silk\silk_093.png,Silk,38.574263527468354,18.238755763090115,4.395401125070601,1.2289443768709583,0.2508575185173401,0.06660327753896746,0.05941118806853604,0.007902778547710763,0.48407145344700836,0.2435033241267297,0.0035921431764891175,0.0009918830379203993
C:\Users\Fakhri\Downloads\klasifikasi_jenis_kain_glcm_knn\klasifikasi_jenis_kain_glcm_knn\dataset\Silk\silk_094.png,Silk,26.141181967007224,10.859101755954796,3.080819817745791,0.7662859544098413,0.40746361901050526,0.06073885969546703,0.13999823514244827,0.01439546388971631,0.7085296641024108,0.12114182193741843,0.019806735223600363,0.004101494434045076
C:\Users\Fakhri\Downloads\klasifikasi_jenis_kain_glcm_knn\klasifikasi_jenis_kain_glcm_knn\dataset\Silk\silk_095.png,Silk,45.12678972462144,20.454967847074585,4.901750375713089,1.3218851912807195,0.21491729021785663,0.061085868465066966,0.05265596494707405,0.0067384471783614825,0.5143445674827228,0.21970151783031616,0.002818057314883059,0.0007443391051096178
C:\Users\Fakhri\Downloads\klasifikasi_jenis_kain_glcm_knn\klasifikasi_jenis_kain_glcm_knn\dataset\Silk\silk_096.png,Silk,23.07171624725412,9.635009391829502,2.851930325839145,0.69921810287341,0.4299834167420627,0.05985774781793974,0.1621043327783992,0.01581210755068344,0.7352693833639988,0.11102216554847903,0.02652783745072437,0.005206321662260816
C:\Users\Fakhri\Downloads\klasifikasi_jenis_kain_glcm_knn\klasifikasi_jenis_kain_glcm_knn\dataset\Silk\silk_097.png,Silk,14.667701566017863,7.585140513498782,2.6752293070903304,0.760311650847389,0.34732859538376265,0.07379977040628329,0.06223532735250465,0.008484250140883715,0.9065203126602076,0.04831998978440742,0.003945218471126498,0.001084353186396554
C:\Users\Fakhri\Downloads\klasifikasi_jenis_kain_glcm_knn\klasifikasi_jenis_kain_glcm_knn\dataset\Silk\silk_098.png,Silk,15.359642009096376,8.125388016476215,2.895684683450201,0.8356549321266022,0.30890294506143556,0.07237898399828194,0.05886852318346885,0.008280420765731418,0.8797803957778898,0.06348505079762135,0.0035340683898601646,0.0010016500476895073
C:\Users\Fakhri\Downloads\klasifikasi_jenis_kain_glcm_knn\klasifikasi_jenis_kain_glcm_knn\dataset\Silk\silk_099.png,Silk,23.3405281862649,12.899256695049225,3.5053181225815613,1.0722158444226912,0.27572907830587806,0.07262218498384553,0.05308866841067994,0.0078682556875287,0.8581904258556324,0.07833132008001799,0.002880316161183454,0.0008740812938736847
C:\Users\Fakhri\Downloads\klasifikasi_jenis_kain_glcm_knn\klasifikasi_jenis_kain_glcm_knn\dataset\Silk\silk_100.png,Silk,19.249488934517263,10.649343182236876,3.2761372862920966,0.9806396535748597,0.27901524336728656,0.07031848478163404,0.050345772250416566,0.007131079245043665,0.921587210329399,0.043407133222743394,0.002585549074689908,0.0007454008841173173
C:\Users\Fakhri\Downloads\klasifikasi_jenis_kain_glcm_knn\klasifikasi_jenis_kain_glcm_knn\dataset\Silk\silk_101.png,Silk,22.391256227949608,12.301714431238661,3.3821589949807778,1.0278960718714591,0.28940165565539205,0.07246113502094852,0.052057808663992095,0.007909352276910609,0.862041245535467,0.07588492572290477,0.0027725732963370807,0.0008525907996840654
C:\Users\Fakhri\Downloads\klasifikasi_jenis_kain_glcm_knn\klasifikasi_jenis_kain_glcm_knn\dataset\Silk\silk_102.png,Silk,23.95116117701207,13.052296866046223,3.678497428982481,1.0902172624029345,0.25320198714532344,0.06507699547738492,0.04737026554561278,0.006965219659561452,0.8648408936399999,0.07360876494060517,0.0022924563427678102,0.0006778144693589286
C:\Users\Fakhri\Downloads\klasifikasi_jenis_kain_glcm_knn\klasifikasi_jenis_kain_glcm_knn\dataset\Silk\silk_103.png,Silk,29.96554093223168,17.18213600216294,3.982254866018319,1.2510139401078786,0.2498395141694095,0.06902230130949484,0.04555860658169348,0.007129616494124133,0.8381069256793107,0.09287444167729914,0.0021264180650188117,0.0006783449184563393
C:\Users\Fakhri\Downloads\klasifikasi_jenis_kain_glcm_knn\klasifikasi_jenis_kain_glcm_knn\dataset\Silk\silk_104.png,Silk,28.249095000588934,15.967620632661903,3.9753040220129487,1.2271269745367952,0.240050302104571,0.06534336587468548,0.04313203867996183,0.0065679721981871326,0.852740441020817,0.08357870028195812,0.0019035110194858824,0.0005879685234630376
C:\Users\Fakhri\Downloads\klasifikasi_jenis_kain_glcm_knn\klasifikasi_jenis_kain_glcm_knn\dataset\Silk\silk_105.png,Silk,34.365506624713525,17.56540696390566,4.244962939661666,1.2180296583973966,0.24403518448838948,0.06284785287023127,0.05020328513222935,0.007192234937306861,0.7216217192434401,0.14220574797356209,0.002572098081461339,0.000749901157705267
C:\Users\Fakhri\Downloads\klasifikasi_jenis_kain_glcm_knn\klasifikasi_jenis_kain_glcm_knn\dataset\Silk\silk_106.png,Silk,47.72427820548291,25.020926046152567,5.085752801516449,1.5573393540374005,0.2059393022377134,0.06677574266511638,0.04180909487341893,0.00680167799742676,0.741561538039145,0.1353025548380558,0.0017942632377152248,0.0006195078034911171
C:\Users\Fakhri\Downloads\klasifikasi_jenis_kain_glcm_knn\klasifikasi_jenis_kain_glcm_knn\dataset\Silk\silk_107.png,Silk,37.49413015615522,19.367085774879992,4.488818808399478,1.3057396757663544,0.2290961809529868,0.06162051243767797,0.046640635380679,0.0067478084008478064,0.7540319153294929,0.12720719108537865,0.0022208817869279985,0.0006510671792792048
C:\Users\Fakhri\Downloads\klasifikasi_jenis_kain_glcm_knn\klasifikasi_jenis_kain_glcm_knn\dataset\Silk\silk_108.png,Silk,53.16028563180789,27.28874227229676,5.401585939331485,1.6140675334952337,0.19002508060791767,0.062251671607966595,0.03860204751239756,0.005996001928250923,0.7396959912265672,0.1337054069237131,0.0015260701112729883,0.0004963114299656832
C:\Users\Fakhri\Downloads\klasifikasi_jenis_kain_glcm_knn\klasifikasi_jenis_kain_glcm_knn\dataset\Silk\silk_109.png,Silk,51.95771008765548,23.926270574294605,5.216902694992515,1.4188452039840982,0.20931666343624813,0.05963267133170005,0.054690877080116974,0.00757744495658502,0.4821210267919,0.23832217061039043,0.0030485097078625394,0.0008635386190901699
C:\Users\Fakhri\Downloads\klasifikasi_jenis_kain_glcm_knn\klasifikasi_jenis_kain_glcm_knn\dataset\Silk\silk_110.png,Silk,67.22323237806124,30.299605177765816,5.88937211814189,1.5752130016671353,0.19122677218584824,0.054295916003174384,0.05026631573471973,0.006843509041169293,0.4631390146327217,0.2414637516124778,0.0025735361135390974,0.0007132787914899811
C:\Users\Fakhri\Downloads\klasifikasi_jenis_kain_glcm_knn\klasifikasi_jenis_kain_glcm_knn\dataset\Silk\silk_111.png,Silk,70.84748810066588,32.314114403078214,6.107463455017755,1.6579095406737503,0.18981976417541868,0.0545387910916201,0.04803446920593107,0.0072495553297112336,0.5336106006402133,0.21245909924872583,0.002359866284374084,0.0007211481970024615
C:\Users\Fakhri\Downloads\klasifikasi_jenis_kain_glcm_knn\klasifikasi_jenis_kain_glcm_knn\dataset\Silk\silk_112.png,Silk,68.27381035537313,31.28217683416722,5.972056279065492,1.6140768443477607,0.19372874558504224,0.054219094227332086,0.04747786722349969,0.0071303380101465745,0.5861065553781982,0.18951696740153023,0.0023049895962312062,0.0007003702737992189
C:\Users\Fakhri\Downloads\klasifikasi_jenis_kain_glcm_knn\klasifikasi_jenis_kain_glcm_knn\dataset\Silk\silk_113.png,Silk,65.11722887301882,29.575952639359908,5.75527024380705,1.5611691360430704,0.21051186947792103,0.055923678084587904,0.05692161535478755,0.008442273613578306,0.41557476559698653,0.2651668973213265,0.003311342278364907,0.000988410086968295
C:\Users\Fakhri\Downloads\klasifikasi_jenis_kain_glcm_knn\klasifikasi_jenis_kain_glcm_knn\dataset\Silk\silk_114.png,Silk,86.23685916957851,37.753165677287264,6.6245547815975145,1.7410166171299608,0.19279958885426174,0.05207867435647476,0.05542168098891404,0.00842884841724759,0.36175332747188266,0.27898609358256704,0.003142608209277892,0.0009627973688933534
C:\Users\Fakhri\Downloads\klasifikasi_jenis_kain_glcm_knn\klasifikasi_jenis_kain_glcm_knn\dataset\Silk\silk_115.png,Silk,67.73128849449425,31.080500243245567,5.879527986445539,1.5906146269991461,0.21401472538922228,0.054081971867557505,0.06288457085338468,0.00959346977978113,0.4686746397200137,0.24338144701567233,0.004046503913829931,0.0012361173596014384
C:\Users\Fakhri\Downloads\klasifikasi_jenis_kain_glcm_knn\klasifikasi_jenis_kain_glcm_knn\dataset\Silk\silk_116.png,Silk,89.71941279730642,39.583018217439424,6.6792545788739055,1.7594630680342476,0.20237898837858337,0.05079671270071395,0.05431591140524358,0.008190023682548953,0.5154923997909425,0.21349083048387477,0.0030172947197029828,0.0009096375386541338
C:\Users\Fakhri\Downloads\klasifikasi_jenis_kain_glcm_knn\klasifikasi_jenis_kain_glcm_knn\dataset\Silk\silk_117.png,Silk,34.20243409301163,19.371688329998722,3.8770280193580136,1.235888825155181,0.31016920755911875,0.07099998638982899,0.042600697739996606,0.006506261916716371,0.9321327180602741,0.038380087983218146,0.0018571508920634658,0.0005691758219388274
C:\Users\Fakhri\Downloads\klasifikasi_jenis_kain_glcm_knn\klasifikasi_jenis_kain_glcm_knn\dataset\Silk\silk_118.png,Silk,23.904197364252084,15.216500747354118,3.4357329815217086,1.1805694847150656,0.29542095817191666,0.08196652048419177,0.04529022666952886,0.007793108330052226,0.948100917487081,0.032954526765132816,0.0021119371692212324,0.0007525669443827414
C:\Users\Fakhri\Downloads\klasifikasi_jenis_kain_glcm_knn\klasifikasi_jenis_kain_glcm_knn\dataset\Silk\silk_119.png,Silk,28.459138235018443,16.057538108462666,3.4214023326268763,1.0953943322470452,0.34957629863184186,0.07357114712421911,0.05089673891399562,0.0073757650027909604,0.9468487136705392,0.02992416876416143,0.0026448799414558314,0.0007664938185560006
C:\Users\Fakhri\Downloads\klasifikasi_jenis_kain_glcm_knn\klasifikasi_jenis_kain_glcm_knn\dataset\Silk\silk_120.png,Silk,22.563068358004667,14.532969079167339,3.2649877828417644,1.1346938827276325,0.31450634289780965,0.08524696499222424,0.043394392735776756,0.007478827052972028,0.9577832644976968,0.027109016512757333,0.0019390061749951007,0.0006933778899187237
C:\Users\Fakhri\Downloads\klasifikasi_jenis_kain_glcm_knn\klasifikasi_jenis_kain_glcm_knn\dataset\Silk\silk_121.png,Silk,31.839319079250902,17.834266531649707,3.9169058118595843,1.2277117787429,0.2753681429498292,0.07087935313525467,0.04586657528496312,0.007159096153253515,0.8503776627930506,0.08455910238367985,0.0021549953861027186,0.000685026883007177
C:\Users\Fakhri\Downloads\klasifikasi_jenis_kain_glcm_knn\klasifikasi_jenis_kain_glcm_knn\dataset\Silk\silk_122.png,Silk,39.43809694669763,20.513015322614134,4.12692505243209,1.2565736881972913,0.2954648850092953,0.0698484792953918,0.05194783265573729,0.0078092589922945065,0.8721003129593964,0.06680749141520549,0.002759561843637218,0.0008335857860756619
C:\Users\Fakhri\Downloads\klasifikasi_jenis_kain_glcm_knn\klasifikasi_jenis_kain_glcm_knn\dataset\Silk\silk_123.png,Silk,27.4550564555894,14.819459353033128,3.6720300596570525,1.1258132972385047,0.28517876098187045,0.07248961320863845,0.045834421617863975,0.007024531259425513,0.9055985404810517,0.05135447161458942,0.002150138244458763,0.0006691438428053407
C:\Users\Fakhri\Downloads\klasifikasi_jenis_kain_glcm_knn\klasifikasi_jenis_kain_glcm_knn\dataset\Silk\silk_124.png,Silk,30.85656987075824,16.12353049649296,3.625855149709794,1.1142973422299813,0.3298095935180169,0.07341524755773175,0.05735159539694859,0.010140721606711742,0.9120472613320153,0.04618305277805418,0.0033920397292801253,0.0011829567743763456
C:\Users\Fakhri\Downloads\klasifikasi_jenis_kain_glcm_knn\klasifikasi_jenis_kain_glcm_knn\dataset\Silk\silk_125.png,Silk,21.700378379860734,14.379472462722074,3.225183138570056,1.1848370060968594,0.31770166850096143,0.08812556626244529,0.0530881359962852,0.008792228003141975,0.9300187013359675,0.04647430675802483,0.002895653456819308,0.0009521159048462007
C:\Users\Fakhri\Downloads\klasifikasi_jenis_kain_glcm_knn\klasifikasi_jenis_kain_glcm_knn\dataset\Silk\silk_126.png,Silk,21.889441288973824,14.324118998296708,3.0977846111733096,1.1212448083530129,0.3557139733264887,0.08084080299545933,0.07935667474919032,0.010790055863014769,0.9361861778965768,0.04174467806485753,0.00641390713277576,0.0017215759455531145
C:\Users\Fakhri\Downloads\klasifikasi_jenis_kain_glcm_knn\klasifikasi_jenis_kain_glcm_knn\dataset\Silk\silk_127.png,Silk,21.478248914679014,15.466702028294684,2.986368380418886,1.1947276481070597,0.37355198751655455,0.09325350525315904,0.064488434006872,0.0095485752445593,0.952664188140358,0.03417825256275927,0.004249933409859695,0.0012362021479231432
C:\Users\Fakhri\Downloads\klasifikasi_jenis_kain_glcm_knn\klasifikasi_jenis_kain_glcm_knn\dataset\Silk\silk_128.png,Silk,19.605687051722978,12.659488226396693,2.908183053891593,1.0496900975843444,0.37192053419123594,0.08517178349019887,0.0590778745262813,0.008454462697805188,0.9582557165537583,0.026949598007662084,0.0035616731980516163,0.0010059126703870587
C:\Users\Fakhri\Downloads\klasifikasi_jenis_kain_glcm_knn\klasifikasi_jenis_kain_glcm_knn\dataset\Silk\silk_129.png,Silk,44.69359362889654,27.508826682096235,4.549558559278245,1.5851429607753191,0.2639627984007389,0.07492063782359389,0.041538058067806555,0.007169233077650429,0.8851262627437183,0.07075660845001469,0.0017768081709661464,0.0006058871057153877
C:\Users\Fakhri\Downloads\klasifikasi_jenis_kain_glcm_knn\klasifikasi_jenis_kain_glcm_knn\dataset\Silk\silk_130.png,Silk,28.88953666422518,16.928691374054107,3.785404787332943,1.2116028364147964,0.27113853132451277,0.07589304023566792,0.04964084378304962,0.008117850594128596,0.8739025451142338,0.07393611458071334,0.0025301128697617307,0.0008691457681410543
C:\Users\Fakhri\Downloads\klasifikasi_jenis_kain_glcm_knn\klasifikasi_jenis_kain_glcm_knn\dataset\Silk\silk_131.png,Silk,45.490704272139915,27.720401537764175,4.437412326010624,1.5546418875976211,0.2943432703787535,0.07659932011697901,0.04745665446584498,0.008006559719327514,0.8952918780171696,0.0638599455485954,0.0023162390516297624,0.0007718174894337041
C:\Users\Fakhri\Downloads\klasifikasi_jenis_kain_glcm_knn\klasifikasi_jenis_kain_glcm_knn\dataset\Silk\silk_132.png,Silk,31.80787394350337,18.106186927138737,3.882223056491904,1.2422873832299588,0.2779251120587426,0.07563826887604456,0.0470646495481662,0.007850519108664614,0.8863304383849376,0.06481429952115471,0.00227671188736721,0.0007901679615344746
C:\Users\Fakhri\Downloads\klasifikasi_jenis_kain_glcm_knn\klasifikasi_jenis_kain_glcm_knn\dataset\Silk\silk_133.png,Silk,56.11552972955307,20.360576952379947,4.929497667409584,1.0865222132870533,0.25269451790866543,0.05184522815466606,0.06594171610499101,0.007694084325773352,0.45684652581979,0.1969738768429228,0.004407508856483344,0.0010516811423595539
C:\Users\Fakhri\Downloads\klasifikasi_jenis_kain_glcm_knn\klasifikasi_jenis_kain_glcm_knn\dataset\Silk\silk_134.png,Silk,66.50313769403168,25.34661322537057,5.965029195249753,1.3899777508123463,0.18461005023798963,0.050089828803467955,0.04383531757429506,0.005229393092732128,0.4563351257402217,0.2068208005880944,0.0019488816189576162,0.0004948823805882777
C:\Users\Fakhri\Downloads\klasifikasi_jenis_kain_glcm_knn\klasifikasi_jenis_kain_glcm_knn\dataset\Silk\silk_135.png,Silk,78.01675398038736,29.318587152940196,5.693076807967093,1.3080546995946636,0.2429793341172487,0.052431632063732234,0.05759324329337561,0.007557934766041833,0.4414495338267502,0.20965081980940609,0.0033741040509776975,0.0009042517015191326
C:\Users\Fakhri\Downloads\klasifikasi_jenis_kain_glcm_knn\klasifikasi_jenis_kain_glcm_knn\dataset\Silk\silk_136.png,Silk,66.77020890151941,25.142469054130927,5.944622828077598,1.3495105075188791,0.18638622264861085,0.04889030884244731,0.03931369620255956,0.004974502735093202,0.6031006063752223,0.14926327271971152,0.0015703123865685954,0.0004284218464419213
C:\Users\Fakhri\Downloads\klasifikasi_jenis_kain_glcm_knn\klasifikasi_jenis_kain_glcm_knn\dataset\Silk\silk_137.png,Silk,78.69922410910216,38.29911631595533,6.551606685310116,1.883240173249812,0.16969185869956374,0.05296441778000993,0.03517013811218512,0.004552528526102534,0.536753302453357,0.22541329074117689,0.0012576641308111537,0.0003368817216375599
C:\Users\Fakhri\Downloads\klasifikasi_jenis_kain_glcm_knn\klasifikasi_jenis_kain_glcm_knn\dataset\Silk\silk_138.png,Silk,61.25265824888097,28.045693544173567,5.739071369852052,1.5336023958011475,0.1929379221403328,0.05250253667524592,0.04121210772953111,0.005479382524289964,0.6144755120914902,0.17665263516692367,0.0017284614563579717,0.0004701124925138472
C:\Users\Fakhri\Downloads\klasifikasi_jenis_kain_glcm_knn\klasifikasi_jenis_kain_glcm_knn\dataset\Silk\silk_139.png,Silk,77.69096948868528,36.45226371003752,6.556093554107544,1.82133960077604,0.16891871219669854,0.05124282449685687,0.034166112211645165,0.004475027359219718,0.5823650858629041,0.19590582407456275,0.0011873490935244938,0.000320591907993742
C:\Users\Fakhri\Downloads\klasifikasi_jenis_kain_glcm_knn\klasifikasi_jenis_kain_glcm_knn\dataset\Silk\silk_140.png,Silk,67.27125493471313,31.00027291163569,5.922367008941122,1.6084035882411725,0.194980678941875,0.053219943891322785,0.037649133197172495,0.0052721968077905825,0.6677439974004012,0.1532581324893124,0.0014452532896785126,0.0004110110219690334
C:\Users\Fakhri\Downloads\klasifikasi_jenis_kain_glcm_knn\klasifikasi_jenis_kain_glcm_knn\dataset\Silk\silk_141.png,Silk,41.963503596156166,19.149567355419617,4.52851808968491,1.215711530585837,0.25116751922735786,0.060749947726922604,0.052350692692482596,0.007253361456487226,0.722465432241621,0.1265727892079376,0.0027932062778012047,0.0007905670855885828
C:\Users\Fakhri\Downloads\klasifikasi_jenis_kain_glcm_knn\klasifikasi_jenis_kain_glcm_knn\dataset\Silk\silk_142.png,Silk,38.809735995336325,16.064280267504188,4.166808820962293,1.0112732297736329,0.28570686724666433,0.056945265896972616,0.06452362712438785,0.007974680245579544,0.7605892894519073,0.0991683846233327,0.004226893982306274,0.0010550174059399465
C:\Users\Fakhri\Downloads\klasifikasi_jenis_kain_glcm_knn\klasifikasi_jenis_kain_glcm_knn\dataset\Silk\silk_143.png,Silk,45.10534373470003,22.08179714626097,4.550775202566521,1.2902274903238278,0.2716344414410767,0.06030812839958724,0.056579805184540984,0.007541027847516898,0.7652841914703045,0.11486742128555143,0.003258141455717637,0.0008846816158407057
C:\Users\Fakhri\Downloads\klasifikasi_jenis_kain_glcm_knn\klasifikasi_jenis_kain_glcm_knn\dataset\Silk\silk_144.png,Silk,28.9042281165168,12.569314372865554,3.6226716474019565,0.9054050687761269,0.3124932276061583,0.05932641210673737,0.0672769799671711,0.007559508371056138,0.8594196092765127,0.061097998062162394,0.00458333820031521,0.0010385279633862632
C:\Users\Fakhri\Downloads\klasifikasi_jenis_kain_glcm_knn\klasifikasi_jenis_kain_glcm_knn\dataset\Silk\silk_145.png,Silk,30.91527629603512,13.130597709170571,3.6598153240431794,0.9080564493307831,0.31308591594477075,0.05887740855549815,0.08075701702436808,0.009456967596751993,0.7255661704651502,0.11676427228939133,0.006611130034800093,0.001564614557174275
C:\Users\Fakhri\Downloads\klasifikasi_jenis_kain_glcm_knn\klasifikasi_jenis_kain_glcm_knn\dataset\Silk\silk_146.png,Silk,56.004850191794795,25.964515528995975,5.443717496732897,1.4952956132784698,0.2107260619782574,0.05271785893544802,0.04026819797420273,0.005239584111723868,0.6688647467935586,0.15353537201363152,0.001648981009753414,0.0004349439628772605
C:\Users\Fakhri\Downloads\klasifikasi_jenis_kain_glcm_knn\klasifikasi_jenis_kain_glcm_knn\dataset\Silk\silk_147.png,Silk,88.86289592825933,44.856094074397525,6.946630747959425,2.1097996338455416,0.17154379443494028,0.05167757634918323,0.0388367320733593,0.005003251454270812,0.4742061060914012,0.26544657783906017,0.0015333242832525579,0.00040240641528942964
C:\Users\Fakhri\Downloads\klasifikasi_jenis_kain_glcm_knn\klasifikasi_jenis_kain_glcm_knn\dataset\Silk\silk_148.png,Silk,23.997385479508512,9.852372058348765,3.189026148357513,0.7470494749202538,0.33548234064036037,0.05846638342137754,0.06964877455705121,0.007738687736533506,0.8619256335362895,0.05694083828584778,0.0049108390851825175,0.0011030613135868741
C:\Users\Fakhri\Downloads\klasifikasi_jenis_kain_glcm_knn\klasifikasi_jenis_kain_glcm_knn\dataset\Silk\silk_149.png,Silk,63.718277079661725,23.576800745910866,5.215441240925963,1.1579370122464643,0.2561194032708693,0.05075947254363141,0.06751745708321409,0.008122378065779324,0.5442430626632283,0.16878692840202553,0.0046245800364271075,0.0011249978935576593
C:\Users\Fakhri\Downloads\klasifikasi_jenis_kain_glcm_knn\klasifikasi_jenis_kain_glcm_knn\dataset\Silk\silk_150.png,Silk,91.4058575576098,42.419489457978806,7.267668751708102,2.074747684951932,0.1510739006835324,0.05440280427173251,0.036258599807494594,0.00475357129429081,0.4307253428075857,0.26367155587904273,0.0013372825000499526,0.0003789388920415113
C:\Users\Fakhri\Downloads\klasifikasi_jenis_kain_glcm_knn\klasifikasi_jenis_kain_glcm_knn\dataset\Silk\silk_151.png,Silk,71.44263606614471,27.30653255979311,5.888562872815357,1.3337712884935755,0.217122854290387,0.046772699422407873,0.04960957991791217,0.005945917955477194,0.6596836833843523,0.1299528966712078,0.0024964643599649796,0.0006107535496312262
C:\Users\Fakhri\Downloads\klasifikasi_jenis_kain_glcm_knn\klasifikasi_jenis_kain_glcm_knn\dataset\Silk\silk_152.png,Silk,83.65951029825358,35.36703149107727,6.678714456231187,1.7283048042812297,0.1811268103559963,0.051361372613527634,0.03719367228276816,0.005146900597127596,0.6859016298759739,0.13264473165842738,0.0014098598436346687,0.0004078431727166215
C:\Users\Fakhri\Downloads\klasifikasi_jenis_kain_glcm_knn\klasifikasi_jenis_kain_glcm_knn\dataset\Silk\silk_153.png,Silk,40.30925218205663,17.817913456044284,4.631075821571971,1.2055790235859078,0.2350153017464316,0.059092144793087685,0.043840991024656266,0.0061312436965601695,0.7494733435575068,0.11061878922238307,0.0019596246432905997,0.0005763736637274425
C:\Users\Fakhri\Downloads\klasifikasi_jenis_kain_glcm_knn\klasifikasi_jenis_kain_glcm_knn\dataset\Silk\silk_154.png,Silk,45.612458178316025,18.53826453057464,4.660912078961965,1.105484097635904,0.24725993266566706,0.05329655394222035,0.0504658345263192,0.006361968801388945,0.7373856130479388,0.10695567451895721,0.0025872751014676767,0.0006623133591808499
C:\Users\Fakhri\Downloads\klasifikasi_jenis_kain_glcm_knn\klasifikasi_jenis_kain_glcm_knn\dataset\Silk\silk_155.png,Silk,30.20153221728663,13.802783193871102,4.07462596373839,1.0911834809489274,0.24810594753597917,0.06530278116097812,0.043513403742022144,0.00582826071543455,0.8544703750615925,0.06654830860101671,0.0019273849281833044,0.0005494944448042354
C:\Users\Fakhri\Downloads\klasifikasi_jenis_kain_glcm_knn\klasifikasi_jenis_kain_glcm_knn\dataset\Silk\silk_156.png,Silk,24.788646616434832,9.48306438061078,3.4906805720285097,0.7848968314878916,0.2940937802704127,0.057801880880859136,0.051700094206156864,0.006062305240540106,0.905386790100365,0.03623055532439898,0.0027096512857549744,0.0006486152305833183
C:\Users\Fakhri\Downloads\klasifikasi_jenis_kain_glcm_knn\klasifikasi_jenis_kain_glcm_knn\dataset\Silk\silk_157.png,Silk,58.153170695930896,27.51347411841426,5.2370555756172665,1.4410172729496564,0.24195415855620517,0.053129981285835,0.052236378400423174,0.006562352601115773,0.7307975878746039,0.12722325564475143,0.0027717037000535676,0.000706518521105987
C:\Users\Fakhri\Downloads\klasifikasi_jenis_kain_glcm_knn\klasifikasi_jenis_kain_glcm_knn\dataset\Silk\silk_158.png,Silk,49.535070548513296,19.60033470610846,4.741788644845583,1.0791614198631643,0.2620242618189342,0.051124448361271196,0.061633997621063745,0.007505455148693461,0.7986876125995813,0.0797263983756607,0.0038550815197423397,0.0009600545937475044
C:\Users\Fakhri\Downloads\klasifikasi_jenis_kain_glcm_knn\klasifikasi_jenis_kain_glcm_knn\dataset\Silk\silk_159.png,Silk,79.50396710311871,36.740657967466035,6.2848517967402735,1.7005788848601215,0.2080270750360784,0.047038793916002825,0.04201395895424023,0.005302111770138498,0.7025109528279522,0.1373561171282623,0.0017932851362316236,0.0004577374327112251
C:\Users\Fakhri\Downloads\klasifikasi_jenis_kain_glcm_knn\klasifikasi_jenis_kain_glcm_knn\dataset\Silk\silk_160.png,Silk,47.11647634839517,19.531845601486133,4.697040881754135,1.124045362694074,0.2593202463772422,0.050735884315579585,0.056306237366015754,0.006553902434470211,0.8400421982323442,0.06635190217583768,0.0032133460034386636,0.0007614919408622589
C:\Users\Fakhri\Downloads\klasifikasi_jenis_kain_glcm_knn\klasifikasi_jenis_kain_glcm_knn\dataset\Silk\silk_161.png,Silk,9.10155328264657,4.114393491894768,1.9278209065761718,0.49916381341654037,0.47240634692085454,0.06863364322217458,0.12518678276865589,0.013408355665523359,0.8908440906462038,0.04956181852950939,0.01585151458161981,0.0033968204695000457
C:\Users\Fakhri\Downloads\klasifikasi_jenis_kain_glcm_knn\klasifikasi_jenis_kain_glcm_knn\dataset\Silk\silk_162.png,Silk,11.697906470582575,5.722643069347018,2.181013632248598,0.6202144784201241,0.44790926240598083,0.07755970209704366,0.13227780618614957,0.016334417828566792,0.8821664888609759,0.05786042032904068,0.01776423121521875,0.004360687178742886
C:\Users\Fakhri\Downloads\klasifikasi_jenis_kain_glcm_knn\klasifikasi_jenis_kain_glcm_knn\dataset\Silk\silk_163.png,Silk,17.442133974508035,8.051472674294995,2.8737522177172163,0.7565590692569614,0.3507530899499575,0.0672378821172327,0.067781147416913,0.008281082418954474,0.8724177947220405,0.05887747425672781,0.004662860271182811,0.0011574310578045335
C:\Users\Fakhri\Downloads\klasifikasi_jenis_kain_glcm_knn\klasifikasi_jenis_kain_glcm_knn\dataset\Silk\silk_164.png,Silk,9.337973114150126,4.0904002521826435,1.9990037559888896,0.4960292425561828,0.4658276190640078,0.061542836926542915,0.12083241964865843,0.010300039260957537,0.955823898758601,0.019352529421191953,0.01470656444692676,0.0025082455403214244
C:\Users\Fakhri\Downloads\klasifikasi_jenis_kain_glcm_knn\klasifikasi_jenis_kain_glcm_knn\dataset\Silk\silk_165.png,Silk,14.126203487622286,6.35023180766871,2.431578148680685,0.6371122991033575,0.4158412264182602,0.06608428018801694,0.11219071274985494,0.011052626575676239,0.8138814520457119,0.08376415925918324,0.012708916581541814,0.002515033366882587
C:\Users\Fakhri\Downloads\klasifikasi_jenis_kain_glcm_knn\klasifikasi_jenis_kain_glcm_knn\dataset\Silk\silk_166.png,Silk,23.850396592054455,11.322910237725377,3.194593540718909,0.9019863885767706,0.3590836509288795,0.06803222634799985,0.10021472496895291,0.012134384377869626,0.757772449732827,0.115078951839956,0.010190234384832764,0.002470004046679861
C:\Users\Fakhri\Downloads\klasifikasi_jenis_kain_glcm_knn\klasifikasi_jenis_kain_glcm_knn\dataset\Silk\silk_167.png,Silk,21.63583607832446,9.511771378959947,3.0309774471304856,0.7762341423474374,0.36105339644382056,0.06326304734474163,0.08220061616415686,0.009622158971861937,0.8135837919091848,0.08198258171415591,0.006849527241046829,0.0016076411977586887
C:\Users\Fakhri\Downloads\klasifikasi_jenis_kain_glcm_knn\klasifikasi_jenis_kain_glcm_knn\dataset\Silk\silk_168.png,Silk,28.524631694739657,14.174570466144866,3.550246803113741,1.0501945603515208,0.33618675320867436,0.06833219842228322,0.08372437570331588,0.010015006694698144,0.8016181579627344,0.09867026100068872,0.007110071446004841,0.0017080374981614161
C:\Users\Fakhri\Downloads\klasifikasi_jenis_kain_glcm_knn\klasifikasi_jenis_kain_glcm_knn\dataset\Silk\silk_169.png,Silk,5.851806604219344,2.780564673009028,1.510568322294228,0.39652916565957025,0.5334051061472882,0.0666467671544754,0.162703762037348,0.01351959155601139,0.9314381639469166,0.03263996905635862,0.026655293536947334,0.004463204616899809
C:\Users\Fakhri\Downloads\klasifikasi_jenis_kain_glcm_knn\klasifikasi_jenis_kain_glcm_knn\dataset\Silk\silk_170.png,Silk,32.843082672567995,16.103505378281813,3.999437704935284,1.1142353622969907,0.29026345798632447,0.05873860438349908,0.0681424798609761,0.007871036136879938,0.8004367720163282,0.09787312501728414,0.004705350771471603,0.0010917219834715034
C:\Users\Fakhri\Downloads\klasifikasi_jenis_kain_glcm_knn\klasifikasi_jenis_kain_glcm_knn\dataset\Silk\silk_171.png,Silk,33.03813453238446,15.258317039978996,4.046890102904343,1.0714225225999867,0.26873391130582347,0.05888979867109099,0.05297047853053078,0.0065484038692402305,0.7782756900575031,0.10239415674614505,0.0028487531889881033,0.0007106204706955213
C:\Users\Fakhri\Downloads\klasifikasi_jenis_kain_glcm_knn\klasifikasi_jenis_kain_glcm_knn\dataset\Silk\silk_172.png,Silk,11.978248701621807,5.838135121759674,2.1469550798583317,0.5804239041693549,0.4676016091160992,0.06342346492022932,0.15973123946060033,0.013087377906232052,0.9223668304885377,0.03796078437079585,0.02568534832008017,0.004237976285964084
C:\Users\Fakhri\Downloads\klasifikasi_jenis_kain_glcm_knn\klasifikasi_jenis_kain_glcm_knn\dataset\Silk\silk_173.png,Silk,6.243345449902371,2.77291286450776,1.5896092810953732,0.39646546457522636,0.5221831294878522,0.06205487758554275,0.17905297576765541,0.011716355599004902,0.8550836868134285,0.06454908168214614,0.032197241119774934,0.004242444653623531
C:\Users\Fakhri\Downloads\klasifikasi_jenis_kain_glcm_knn\klasifikasi_jenis_kain_glcm_knn\dataset\Silk\silk_174.png,Silk,10.032195942933614,4.533593770227289,1.9361810669676347,0.501275345004454,0.500876179193055,0.0605369089989622,0.21526195797794048,0.017010567582670142,0.7882221858166808,0.09598809190683717,0.04662706996198122,0.007383077313123061
C:\Users\Fakhri\Downloads\klasifikasi_jenis_kain_glcm_knn\klasifikasi_jenis_kain_glcm_knn\dataset\Silk\silk_175.png,Silk,10.437848399965587,4.681160763550522,2.122010914479163,0.5387776216097592,0.4432672750982965,0.0640083302439597,0.1303339418548845,0.011915908386267516,0.8611180200805308,0.06226690340986107,0.017128925272102347,0.003128188623564112
C:\Users\Fakhri\Downloads\klasifikasi_jenis_kain_glcm_knn\klasifikasi_jenis_kain_glcm_knn\dataset\Silk\silk_176.png,Silk,10.0940693549356,4.854668099022256,2.0132303034517167,0.5503686081736033,0.4832007601082256,0.062490748988285355,0.17141965699699335,0.013353033602057683,0.8783852158216187,0.05856308153390637,0.029563002311344535,0.004624305720188913
C:\Users\Fakhri\Downloads\klasifikasi_jenis_kain_glcm_knn\klasifikasi_jenis_kain_glcm_knn\dataset\Silk\silk_177.png,Silk,24.325462851973274,12.047690311429255,3.202072455263806,0.8908176571335386,0.34785715774596554,0.0682209042233086,0.06510171059297178,0.00805615186827737,0.9012405029095713,0.04894713145226229,0.004303134305055803,0.0010791434641928034
C:\Users\Fakhri\Downloads\klasifikasi_jenis_kain_glcm_knn\klasifikasi_jenis_kain_glcm_knn\dataset\Silk\silk_178.png,Silk,33.346457203163475,16.00625698031121,3.8846026887870813,1.0450070077372127,0.3007238027955947,0.062101205222247866,0.07159703456914947,0.008527198774466142,0.8929745870019682,0.05140275788804,0.00519884847803524,0.0012480536647621816
C:\Users\Fakhri\Downloads\klasifikasi_jenis_kain_glcm_knn\klasifikasi_jenis_kain_glcm_knn\dataset\Silk\silk_179.png,Silk,29.14828826035126,14.425758182061095,3.725689111770117,1.0257574916538887,0.29539444577382085,0.06087373080843491,0.04985932640206836,0.006232722227828426,0.9015121763192077,0.04870636291220197,0.0025247992556372586,0.00063654311014462
C:\Users\Fakhri\Downloads\klasifikasi_jenis_kain_glcm_knn\klasifikasi_jenis_kain_glcm_knn\dataset\Silk\silk_180.png,Silk,34.28454528816079,18.36934216618532,3.76697549730603,1.1283669553220526,0.3415096252207874,0.06170259867262363,0.0828251520077062,0.00836917231557306,0.923305944584648,0.041121362764392065,0.00693004885034739,0.00141057908393927
C:\Users\Fakhri\Downloads\klasifikasi_jenis_kain_glcm_knn\klasifikasi_jenis_kain_glcm_knn\dataset\Silk\silk_181.png,Silk,9.067997352711572,4.3990884455225165,1.9213995574504488,0.5266134351371337,0.4515006949803237,0.07861019533226116,0.10053271865204196,0.011801153452801078,0.9752696181205348,0.012011203479537744,0.010246094742387184,0.0024151869439653713
C:\Users\Fakhri\Downloads\klasifikasi_jenis_kain_glcm_knn\klasifikasi_jenis_kain_glcm_knn\dataset\Silk\silk_182.png,Silk,24.879955786657927,11.877647606305999,3.5482780628530137,0.9752883831452658,0.29369584145001537,0.06557647925384003,0.04853955944513363,0.006794893705630996,0.905615215448031,0.045171088088693113,0.002402259411598485,0.0006778148145726541
C:\Users\Fakhri\Downloads\klasifikasi_jenis_kain_glcm_knn\klasifikasi_jenis_kain_glcm_knn\dataset\Silk\silk_183.png,Silk,22.311582572840322,10.42239707782038,3.275770334201576,0.8800334381281558,0.33038657543468747,0.0650265715909859,0.060554263698867385,0.008475241249547075,0.9527567018493194,0.02209411410381227,0.0037386485663499923,0.0010557098406134833
C:\Users\Fakhri\Downloads\klasifikasi_jenis_kain_glcm_knn\klasifikasi_jenis_kain_glcm_knn\dataset\Silk\silk_184.png,Silk,12.927129670058969,6.035979670985617,2.3130795110277513,0.6199660520502712,0.41580320579558094,0.07147294375842851,0.07421135443997239,0.00727285522048335,0.9684742024762767,0.014759544156263014,0.005560219550873322,0.001095321681642423
C:\Users\Fakhri\Downloads\klasifikasi_jenis_kain_glcm_knn\klasifikasi_jenis_kain_glcm_knn\dataset\Silk\silk_185.png,Silk,50.62563245897285,19.003252004986148,4.657879268983558,1.0478854766848447,0.2747831845315603,0.053313322645700066,0.06895784623478181,0.008186016541184374,0.6921272105932285,0.11555822769811464,0.004822195424152354,0.0011575184023294713
C:\Users\Fakhri\Downloads\klasifikasi_jenis_kain_glcm_knn\klasifikasi_jenis_kain_glcm_knn\dataset\Silk\silk_186.png,Silk,91.7527939727849,39.824125790385686,7.021239797446662,1.8597001583719635,0.1737721854302922,0.04935006451417803,0.037385357510084476,0.005045766410945151,0.5442090941969272,0.19760563247900198,0.001423124714830652,0.00039806585035008046
C:\Users\Fakhri\Downloads\klasifikasi_jenis_kain_glcm_knn\klasifikasi_jenis_kain_glcm_knn\dataset\Silk\silk_187.png,Silk,73.1719580158777,28.3162574765525,5.503740709704579,1.297998331362494,0.26717997890567097,0.05216744008007808,0.06681205415176404,0.008589741934544821,0.657919326759162,0.13256859595314235,0.004537634246480329,0.0011767126455013645
C:\Users\Fakhri\Downloads\klasifikasi_jenis_kain_glcm_knn\klasifikasi_jenis_kain_glcm_knn\dataset\Silk\silk_188.png,Silk,82.65733008627684,36.66852021501862,6.562677925329699,1.7781351824421516,0.19106812310649457,0.053793163742917795,0.03535128193213306,0.004979701153768598,0.7325841801743357,0.11874419930012844,0.0012745105578260017,0.00037636041721911826
C:\Users\Fakhri\Downloads\klasifikasi_jenis_kain_glcm_knn\klasifikasi_jenis_kain_glcm_knn\dataset\Silk\silk_189.png,Silk,43.758676660685495,17.408785122044346,4.344336716793136,1.0272832378638592,0.28429942308005873,0.05515257771015289,0.06813941824839977,0.008060568861911883,0.758578624739178,0.09606390953234421,0.004707953089607979,0.0011223573530175853
C:\Users\Fakhri\Downloads\klasifikasi_jenis_kain_glcm_knn\klasifikasi_jenis_kain_glcm_knn\dataset\Silk\silk_190.png,Silk,86.59320626739805,39.60706605282436,6.704370151672553,1.8595425478151717,0.18944297413335642,0.050867904011876304,0.04077229726657031,0.005768182430194964,0.5909747248505292,0.18691297586905617,0.0016956521529415864,0.00048531596390528735
C:\Users\Fakhri\Downloads\klasifikasi_jenis_kain_glcm_knn\klasifikasi_jenis_kain_glcm_knn\dataset\Silk\silk_191.png,Silk,67.04106415416476,27.621500112061412,5.425170621665118,1.3531767095580893,0.25783380656395155,0.053013749921182705,0.061156153891150256,0.007925108225830797,0.7304519169683084,0.11109223970185891,0.0038028824991491847,0.000989074978717341
C:\Users\Fakhri\Downloads\klasifikasi_jenis_kain_glcm_knn\klasifikasi_jenis_kain_glcm_knn\dataset\Silk\silk_192.png,Silk,70.2902271295601,32.13673753791601,5.902232311765634,1.629734305083176,0.21475370192462384,0.05505955146281036,0.04073097263121896,0.005619822174369078,0.7710927988297437,0.10464367079206123,0.0016905945327566382,0.00047655196014008546
C:\Users\Fakhri\Downloads\klasifikasi_jenis_kain_glcm_knn\klasifikasi_jenis_kain_glcm_knn\dataset\Silk\silk_193.png,Silk,134.2741759665462,98.52045443880273,7.9714790593684794,3.607173268207469,0.18187592164109,0.0921101234895917,0.04695181222310816,0.01111326870006771,0.5301388280041596,0.3440450906265651,0.0023279774122339134,0.0011548929706676
C:\Users\Fakhri\Downloads\klasifikasi_jenis_kain_glcm_knn\klasifikasi_jenis_kain_glcm_knn\dataset\Silk\silk_194.png,Silk,69.78606305915943,52.57292245168559,6.212131769984707,2.6716047727583057,0.17404365555966284,0.08595309198579142,0.04656788472019723,0.008788255892334451,0.5808220194534094,0.31559669114966216,0.00224580132894273,0.0009105855783931223
C:\Users\Fakhri\Downloads\klasifikasi_jenis_kain_glcm_knn\klasifikasi_jenis_kain_glcm_knn\dataset\Silk\silk_195.png,Silk,139.25829519580077,101.46636438949186,8.139155023442326,3.6919794587538264,0.1810554338021464,0.0886037541515535,0.045566349792583116,0.010562217787436351,0.5297660081425947,0.342064953043091,0.0021878526780092764,0.0010657707077038042
C:\Users\Fakhri\Downloads\klasifikasi_jenis_kain_glcm_knn\klasifikasi_jenis_kain_glcm_knn\dataset\Silk\silk_196.png,Silk,81.96487159252403,61.22419856513784,6.780071513623593,2.8703229484368866,0.16106214388369564,0.07840462979923651,0.03778944161192383,0.00716923933856821,0.6179111632736588,0.28513587693746195,0.001479439890034675,0.0006006155905839855
C:\Users\Fakhri\Downloads\klasifikasi_jenis_kain_glcm_knn\klasifikasi_jenis_kain_glcm_knn\dataset\Silk\silk_197.png,Silk,114.93338863381761,76.95390232912625,7.48889567551974,3.1006311967235396,0.17626655459327115,0.08149071457894193,0.04651923207751796,0.00973578437785587,0.5030856650233296,0.3324084819885557,0.0022588244505340788,0.0009396382566582332
C:\Users\Fakhri\Downloads\klasifikasi_jenis_kain_glcm_knn\klasifikasi_jenis_kain_glcm_knn\dataset\Silk\silk_198.png,Silk,101.92177507244656,73.74843120868344,7.237425329450829,3.216432309740013,0.1678508165742145,0.08643574670852038,0.04687244835548285,0.00915292900173637,0.5268668722811728,0.34195245725748497,0.0022808025241482332,0.00089385442259219
C:\Users\Fakhri\Downloads\klasifikasi_jenis_kain_glcm_knn\klasifikasi_jenis_kain_glcm_knn\dataset\Silk\silk_199.png,Silk,111.28764168933701,73.42450999913835,7.473735086547653,3.055668796804818,0.17025949852907077,0.080378666281003,0.04388976934524316,0.008871136869159421,0.5143169171134051,0.32009001315583263,0.0020050089225300063,0.0008089637056153415
C:\Users\Fakhri\Downloads\klasifikasi_jenis_kain_glcm_knn\klasifikasi_jenis_kain_glcm_knn\dataset\Silk\silk_200.png,Silk,143.8822696010809,105.10160663697614,8.536646417081338,3.8609870277629263,0.15803801532348352,0.08314495673207746,0.03809530960308307,0.008686893323789751,0.5475097539946762,0.3302971850406058,0.0015267147293736563,0.0006933733536303197
C:\Users\Fakhri\Downloads\klasifikasi_jenis_kain_glcm_knn\klasifikasi_jenis_kain_glcm_knn\dataset\Wool\wool_001.png,Wool,23.735586454830237,9.64455868196222,3.5264066986531453,0.8357163813833304,0.27352308042650436,0.0597887949713485,0.05629617951747954,0.006756585579654155,0.7300827005333969,0.1095465881007648,0.003214911276959473,0.0007840650782308968
C:\Users\Fakhri\Downloads\klasifikasi_jenis_kain_glcm_knn\klasifikasi_jenis_kain_glcm_knn\dataset\Wool\wool_002.png,Wool,23.429756589863917,9.70431541015519,3.503796741903429,0.842151277919751,0.2734252098151938,0.06095261715249944,0.05623764921800942,0.006855414725174987,0.7422794085815614,0.10654796039282617,0.0032096699006220215,0.0007977614139285937
C:\Users\Fakhri\Downloads\klasifikasi_jenis_kain_glcm_knn\klasifikasi_jenis_kain_glcm_knn\dataset\Wool\wool_003.png,Wool,25.896933743426583,10.645726544426322,3.7065879158263866,0.8922488436669925,0.26304150784267494,0.059409328092185035,0.0493091927978132,0.006128279552876118,0.784783187221338,0.0884377471091457,0.0024689523046501124,0.0006225402572635395
C:\Users\Fakhri\Downloads\klasifikasi_jenis_kain_glcm_knn\klasifikasi_jenis_kain_glcm_knn\dataset\Wool\wool_004.png,Wool,28.406935503214275,11.603583123216579,3.838785888190013,0.9161255526644684,0.2587676092816939,0.05820653504894367,0.04511291698809811,0.005644854313047055,0.8160125810157975,0.07516903915308588,0.0020670396593905566,0.0005277328345287462
C:\Users\Fakhri\Downloads\klasifikasi_jenis_kain_glcm_knn\klasifikasi_jenis_kain_glcm_knn\dataset\Wool\wool_005.png,Wool,21.942879950716332,10.166501649392663,3.3782106160022756,0.8882610756952392,0.28327024836972503,0.06530212929961916,0.05570508374658411,0.007274900762195517,0.7708395758959505,0.10618115168876463,0.003155980536313742,0.0008353598684197837
C:\Users\Fakhri\Downloads\klasifikasi_jenis_kain_glcm_knn\klasifikasi_jenis_kain_glcm_knn\dataset\Wool\wool_006.png,Wool,20.627144529206028,9.262340252360058,3.3098722074982745,0.8494962437754228,0.2845210858724393,0.06500451640452601,0.0556050473226199,0.007196569927109493,0.78440017688484,0.09665830175104874,0.0031437119064665754,0.000827320761456813
C:\Users\Fakhri\Downloads\klasifikasi_jenis_kain_glcm_knn\klasifikasi_jenis_kain_glcm_knn\dataset\Wool\wool_007.png,Wool,23.638589995605916,11.069345588692357,3.5144287466259434,0.9283445713617234,0.27443601816075464,0.06376539890886951,0.04849817319848327,0.00648111961429943,0.8285496424106178,0.0802537674152537,0.0023940777150449383,0.0006478076233263542
C:\Users\Fakhri\Downloads\klasifikasi_jenis_kain_glcm_knn\klasifikasi_jenis_kain_glcm_knn\dataset\Wool\wool_008.png,Wool,25.65712184421011,11.355989053921062,3.653465202108217,0.9280478009267075,0.26681565817001635,0.06188022279215612,0.045716428744068505,0.005967790634443409,0.8379383845719547,0.0718955046686998,0.0021256063821680437,0.0005651364887149719
C:\Users\Fakhri\Downloads\klasifikasi_jenis_kain_glcm_knn\klasifikasi_jenis_kain_glcm_knn\dataset\Wool\wool_009.png,Wool,13.601955750007795,6.286045987968553,2.4871005788336347,0.6700929272310265,0.37956008615224707,0.0740545932393146,0.07439959362460129,0.010100715712025515,0.8602847900872805,0.06446623265145641,0.005637323989400973,0.0015366731828380222
C:\Users\Fakhri\Downloads\klasifikasi_jenis_kain_glcm_knn\klasifikasi_jenis_kain_glcm_knn\dataset\Wool\wool_010.png,Wool,15.92480423246836,7.96803721511323,2.7417775414414067,0.7837483130132001,0.35276593449668986,0.07552763551872756,0.06718924966692189,0.009621915511470546,0.8697845421710579,0.06503589280167026,0.004606976528913839,0.001331102579123194
C:\Users\Fakhri\Downloads\klasifikasi_jenis_kain_glcm_knn\klasifikasi_jenis_kain_glcm_knn\dataset\Wool\wool_011.png,Wool,16.088931742866176,7.339728811381462,2.7244428905295237,0.7248970053407822,0.352985545186626,0.07268135561845596,0.0698721046861556,0.0095416009787378,0.8468311898746325,0.0698023728278891,0.004973153162510537,0.0013669524328918084
C:\Users\Fakhri\Downloads\klasifikasi_jenis_kain_glcm_knn\klasifikasi_jenis_kain_glcm_knn\dataset\Wool\wool_012.png,Wool,17.86839822379883,9.039728680259127,2.9122023524223657,0.8454180597652675,0.33660364936357107,0.07581487538181839,0.06522004102285517,0.009347293003028076,0.8617352217187118,0.06974413739181559,0.004341025637507369,0.001261078393230129
C:\Users\Fakhri\Downloads\klasifikasi_jenis_kain_glcm_knn\klasifikasi_jenis_kain_glcm_knn\dataset\Wool\wool_013.png,Wool,4.564251631385431,2.5832931018106358,1.4860566120482746,0.4697665433185662,0.4979284589246633,0.08998626848570172,0.12100643193648432,0.0171780965498612,0.8274251291471534,0.09755804222386319,0.014937643571075356,0.004247110962354274
C:\Users\Fakhri\Downloads\klasifikasi_jenis_kain_glcm_knn\klasifikasi_jenis_kain_glcm_knn\dataset\Wool\wool_014.png,Wool,5.0245440967726145,2.661307228210764,1.5709145648388676,0.46748694975554095,0.48100915671975164,0.08534716477294513,0.11445618720135292,0.015426622122754597,0.8323740916792288,0.08875958181971011,0.013338199458789411,0.003591193288909215
C:\Users\Fakhri\Downloads\klasifikasi_jenis_kain_glcm_knn\klasifikasi_jenis_kain_glcm_knn\dataset\Wool\wool_015.png,Wool,5.2484981290727,2.963241003473684,1.5777077603480592,0.49823767813416187,0.48739993360482364,0.08833781932124231,0.11718550914324939,0.016175775806291634,0.8597460166095746,0.07941996732358794,0.013994099276098002,0.003856961900787637
C:\Users\Fakhri\Downloads\klasifikasi_jenis_kain_glcm_knn\klasifikasi_jenis_kain_glcm_knn\dataset\Wool\wool_016.png,Wool,5.443613197790548,2.8688086630494127,1.6205123248402165,0.4809381202299654,0.47839154671730116,0.08336220060491839,0.11047272364650285,0.014441805053603202,0.8737779719674362,0.06659280880068295,0.012412788403082865,0.003239333133996463
C:\Users\Fakhri\Downloads\klasifikasi_jenis_kain_glcm_knn\klasifikasi_jenis_kain_glcm_knn\dataset\Wool\wool_017.png,Wool,3.5157320941089534,1.8603056723944142,1.2957756998417553,0.3897610790337454,0.5354909939376968,0.08528501523304963,0.1320818210581573,0.017269761255928356,0.8586671367594496,0.07490615528046364,0.017743852107875848,0.004626254862871216
C:\Users\Fakhri\Downloads\klasifikasi_jenis_kain_glcm_knn\klasifikasi_jenis_kain_glcm_knn\dataset\Wool\wool_018.png,Wool,4.41877517715514,2.3924490920134596,1.4710879609966794,0.44785669472911604,0.4983289264606335,0.08726694415575653,0.11804286220101057,0.016148608231395484,0.851041917903156,0.0807467191212077,0.014194894864417863,0.003876463775133917
C:\Users\Fakhri\Downloads\klasifikasi_jenis_kain_glcm_knn\klasifikasi_jenis_kain_glcm_knn\dataset\Wool\wool_019.png,Wool,4.831676328553875,2.591587368416751,1.5406730106637647,0.4662586918266494,0.48552287348429884,0.08737536070960333,0.11438782717175466,0.015748966758232032,0.8423418434110177,0.08455286689169261,0.013332604959027118,0.0036656901529163568
C:\Users\Fakhri\Downloads\klasifikasi_jenis_kain_glcm_knn\klasifikasi_jenis_kain_glcm_knn\dataset\Wool\wool_020.png,Wool,5.094058872962093,2.7717936087270636,1.5767687221927753,0.479514329717273,0.4817140720796886,0.08587671835452138,0.10758218236151433,0.014606527067769496,0.8786871675245648,0.06611031885280752,0.011787276594647608,0.003202218069891809
C:\Users\Fakhri\Downloads\klasifikasi_jenis_kain_glcm_knn\klasifikasi_jenis_kain_glcm_knn\dataset\Wool\wool_021.png,Wool,5.1979523797819995,2.6192138135451373,1.5253188032194167,0.43967612330537703,0.5057912876047008,0.08025423156142493,0.1332251507962776,0.016696514645417965,0.8093834120555785,0.09605147418526155,0.018027714405995567,0.004510719255943295
C:\Users\Fakhri\Downloads\klasifikasi_jenis_kain_glcm_knn\klasifikasi_jenis_kain_glcm_knn\dataset\Wool\wool_022.png,Wool,5.880192759496427,2.9780109948493942,1.6977902455908136,0.4873611652879932,0.4615018999653049,0.08305757651270407,0.11190438694053491,0.014991055126931324,0.7799465321332316,0.11138806283164528,0.012747323550355662,0.003439933303937083
C:\Users\Fakhri\Downloads\klasifikasi_jenis_kain_glcm_knn\klasifikasi_jenis_kain_glcm_knn\dataset\Wool\wool_023.png,Wool,6.695640268417175,3.416615452345227,1.7732260699118767,0.5137200469549381,0.4604304754590203,0.08124475282966578,0.11794309419219089,0.015381976745979685,0.7992551604831758,0.10243376561919429,0.014147178676241866,0.003683174081024742
C:\Users\Fakhri\Downloads\klasifikasi_jenis_kain_glcm_knn\klasifikasi_jenis_kain_glcm_knn\dataset\Wool\wool_024.png,Wool,5.7438852521681385,2.927882857265184,1.67057608479354,0.48438024544695546,0.4696442041268332,0.08315032558634182,0.11091066974305491,0.014854120561909283,0.8356290626240824,0.08381161617198285,0.012521821560520736,0.0033734725213637865
C:\Users\Fakhri\Downloads\klasifikasi_jenis_kain_glcm_knn\klasifikasi_jenis_kain_glcm_knn\dataset\Wool\wool_025.png,Wool,17.07473588159291,7.347442873570699,2.7671580091051933,0.7002796669918993,0.3613574658507171,0.06796332159053625,0.07519290472804335,0.009791824030372884,0.8159186260018729,0.07919397893245009,0.005749852739282392,0.0015055842859482418
C:\Users\Fakhri\Downloads\klasifikasi_jenis_kain_glcm_knn\klasifikasi_jenis_kain_glcm_knn\dataset\Wool\wool_026.png,Wool,17.366450487197707,7.713669207663538,2.8081699242320872,0.7267840267146688,0.3557050738140355,0.06869758201410879,0.07187532262340472,0.009610799345339448,0.8253438817386826,0.07748051358338322,0.005258429466274893,0.001420766526382851
C:\Users\Fakhri\Downloads\klasifikasi_jenis_kain_glcm_knn\klasifikasi_jenis_kain_glcm_knn\dataset\Wool\wool_027.png,Wool,19.43175023027091,8.105069417882707,2.960523351453483,0.7401071148546841,0.34179842004477373,0.06763517197392145,0.07497214817759593,0.00979222201856702,0.7751399369545298,0.09374380243416995,0.005716710614424309,0.0015040902400519343
C:\Users\Fakhri\Downloads\klasifikasi_jenis_kain_glcm_knn\klasifikasi_jenis_kain_glcm_knn\dataset\Wool\wool_028.png,Wool,20.48715702496613,9.116343060795973,3.0740639044192855,0.8012400116959547,0.33052759721884256,0.06862001133342076,0.06862602346590509,0.009308198872229816,0.8124293955337794,0.08374936905029468,0.004796173662987935,0.0013153580393056958
C:\Users\Fakhri\Downloads\klasifikasi_jenis_kain_glcm_knn\klasifikasi_jenis_kain_glcm_knn\dataset\Wool\wool_029.png,Wool,8.244866651817887,5.1573712076358005,1.9757258093252945,0.6797533874953401,0.42906808671217994,0.09287296019500968,0.07178201376661265,0.011230424194683602,0.9407983196327515,0.03702159749098234,0.005278779927982702,0.0016421629502141315
C:\Users\Fakhri\Downloads\klasifikasi_jenis_kain_glcm_knn\klasifikasi_jenis_kain_glcm_knn\dataset\Wool\wool_030.png,Wool,8.437660775506457,5.05390477981409,2.0446837052675297,0.6782684464692581,0.41022696433963635,0.09158555578501203,0.06793203892143261,0.010818003318715385,0.9394009523031656,0.036311946143011864,0.004731791107826773,0.0014984428649240512
C:\Users\Fakhri\Downloads\klasifikasi_jenis_kain_glcm_knn\klasifikasi_jenis_kain_glcm_knn\dataset\Wool\wool_031.png,Wool,8.676262973048656,5.324079915793496,2.0416445198598145,0.6942557652331429,0.4165582020478437,0.09315290165230469,0.06972689703685694,0.011031022628808309,0.9438920951603847,0.03440140631092566,0.004983523630625731,0.0015685006498925304
C:\Users\Fakhri\Downloads\klasifikasi_jenis_kain_glcm_knn\klasifikasi_jenis_kain_glcm_knn\dataset\Wool\wool_032.png,Wool,9.685613565504406,5.873619471049879,2.1278575743623964,0.7100040575691897,0.41155686437810557,0.08989859109692745,0.06596436810448089,0.010244700988427707,0.9483161708823041,0.031315267024037495,0.0044562517577657465,0.0013755438421823546
C:\Users\Fakhri\Downloads\klasifikasi_jenis_kain_glcm_knn\klasifikasi_jenis_kain_glcm_knn\dataset\Wool\wool_033.png,Wool,4.661091177697777,1.6918317828443281,1.4588719596827324,0.32305893566373656,0.5074350384845311,0.0669003129151605,0.15113442872660918,0.015254113124643944,0.6207126626342413,0.13802672728712,0.023074303513737942,0.00473682140912657
C:\Users\Fakhri\Downloads\klasifikasi_jenis_kain_glcm_knn\klasifikasi_jenis_kain_glcm_knn\dataset\Wool\wool_034.png,Wool,5.911035896434225,2.1850998633769954,1.693885078644298,0.3695421948418741,0.4603340602223626,0.06624015349879507,0.1319810966867744,0.013332726274542104,0.6309518904834965,0.13641925256778797,0.017596771472555558,0.00359869442917554
C:\Users\Fakhri\Downloads\klasifikasi_jenis_kain_glcm_knn\klasifikasi_jenis_kain_glcm_knn\dataset\Wool\wool_035.png,Wool,5.7758428055790425,2.170382058901257,1.633995814755994,0.3709850002601917,0.47787391690744974,0.06911946403201051,0.14235108005384733,0.01512120193073339,0.6322472392671009,0.1384239681932702,0.020492480740326866,0.004420795953747886
C:\Users\Fakhri\Downloads\klasifikasi_jenis_kain_glcm_knn\klasifikasi_jenis_kain_glcm_knn\dataset\Wool\wool_036.png,Wool,4.208132387388358,1.5027334958038447,1.310053862037713,0.28411262995067366,0.552862698882513,0.06214723825444756,0.177126387471184,0.016722279592586053,0.7223844196271855,0.09944391361766274,0.031653391773364625,0.006054110989996305
C:\Users\Fakhri\Downloads\klasifikasi_jenis_kain_glcm_knn\klasifikasi_jenis_kain_glcm_knn\dataset\Wool\wool_037.png,Wool,5.275223658505549,2.283871364799079,1.5861351670024704,0.3977370925848254,0.48269585670140164,0.0740637072971318,0.13177190056755045,0.015151750770724276,0.704099413493524,0.12808878878004343,0.01759340933060254,0.004079096135459799
C:\Users\Fakhri\Downloads\klasifikasi_jenis_kain_glcm_knn\klasifikasi_jenis_kain_glcm_knn\dataset\Wool\wool_038.png,Wool,5.631361771879953,2.414045439539686,1.6648737713023438,0.41041640592996176,0.4630467550774984,0.07357627454670614,0.12295337452995662,0.014031505239339258,0.7082730560304272,0.12499478069113779,0.015314415447585392,0.003535403598815047
C:\Users\Fakhri\Downloads\klasifikasi_jenis_kain_glcm_knn\klasifikasi_jenis_kain_glcm_knn\dataset\Wool\wool_039.png,Wool,3.8786805982239123,1.5990115457347491,1.306662528792004,0.3144075449768285,0.54458996435964,0.06792463428551472,0.16634947578802584,0.017243671842158758,0.7428510782577096,0.106178709257815,0.027969492313551062,0.005836048248015466
C:\Users\Fakhri\Downloads\klasifikasi_jenis_kain_glcm_knn\klasifikasi_jenis_kain_glcm_knn\dataset\Wool\wool_040.png,Wool,4.40904497994816,1.8253357977941684,1.4196094597243094,0.346814666510731,0.5196711321118221,0.07120162214955544,0.1516936157818899,0.016505116276287615,0.7615984305727649,0.09895008142269048,0.02328337193227741,0.005128004226929662
C:\Users\Fakhri\Downloads\klasifikasi_jenis_kain_glcm_knn\klasifikasi_jenis_kain_glcm_knn\dataset\Wool\wool_041.png,Wool,8.984561902568945,4.650378907916874,2.1789174004812937,0.6370326553004163,0.38510457893430156,0.08363907961551395,0.10033855039887325,0.013041089762623238,0.6263290915618223,0.19344586394923907,0.010237894718344026,0.002709669186385675
C:\Users\Fakhri\Downloads\klasifikasi_jenis_kain_glcm_knn\klasifikasi_jenis_kain_glcm_knn\dataset\Wool\wool_042.png,Wool,13.72718218309182,7.0734770165990435,2.638888905590379,0.7755592161656754,0.35837040137188697,0.07754771507351552,0.09546306639456303,0.013334348118827732,0.6431903109524676,0.18368212423603317,0.009291001885206833,0.0025966500677382953
C:\Users\Fakhri\Downloads\klasifikasi_jenis_kain_glcm_knn\klasifikasi_jenis_kain_glcm_knn\dataset\Wool\wool_043.png,Wool,10.715720282895688,5.498486863793529,2.3866466468153043,0.693773918018518,0.3624654523812922,0.08144870208197254,0.09555959246579822,0.012680686483949103,0.6398053840787834,0.1848651951159813,0.009292435521933652,0.002507020487726708
C:\Users\Fakhri\Downloads\klasifikasi_jenis_kain_glcm_knn\klasifikasi_jenis_kain_glcm_knn\dataset\Wool\wool_044.png,Wool,16.082291915460235,8.398935902136106,2.8178694350539195,0.8375062686478831,0.3550383879124155,0.07476594631660641,0.09643059946121506,0.01354021655256463,0.6999581627384123,0.15670059153597304,0.009482197976739637,0.002650635970440097
C:\Users\Fakhri\Downloads\klasifikasi_jenis_kain_glcm_knn\klasifikasi_jenis_kain_glcm_knn\dataset\Wool\wool_045.png,Wool,12.381794155917191,5.735907070427671,2.453099135673942,0.6766120523510648,0.38198932831595167,0.07757430999739667,0.10826821125216936,0.014316328112752307,0.5407485364026003,0.2126233182012862,0.011926962818376352,0.0031712795147174335
C:\Users\Fakhri\Downloads\klasifikasi_jenis_kain_glcm_knn\klasifikasi_jenis_kain_glcm_knn\dataset\Wool\wool_046.png,Wool,12.008755386069588,5.38330039502017,2.5097879682855018,0.6551079311091832,0.3587024345360427,0.0725688885613844,0.10138386081685141,0.012178460699923451,0.5294708785601074,0.21068807872082426,0.010427002139150278,0.002525826064172932
C:\Users\Fakhri\Downloads\klasifikasi_jenis_kain_glcm_knn\klasifikasi_jenis_kain_glcm_knn\dataset\Wool\wool_047.png,Wool,14.037441763338242,6.440580966013114,2.6408427060233266,0.7214929279758352,0.360236808925666,0.07673460002731068,0.10432007426773798,0.013918807723258172,0.5441493282197312,0.2090566955418402,0.011076411103663399,0.002974979092349498
C:\Users\Fakhri\Downloads\klasifikasi_jenis_kain_glcm_knn\klasifikasi_jenis_kain_glcm_knn\dataset\Wool\wool_048.png,Wool,15.422421257920277,6.93896202955875,2.8098312206719736,0.7402247491537236,0.3436208987199864,0.06961399106068505,0.09192687354538415,0.012098439920380665,0.6044643201255164,0.17797641594445596,0.00859692232833611,0.002270849470552616
C:\Users\Fakhri\Downloads\klasifikasi_jenis_kain_glcm_knn\klasifikasi_jenis_kain_glcm_knn\dataset\Wool\wool_049.png,Wool,14.103398587944602,7.25962208127845,2.6362148875953157,0.7784123564699458,0.36458781067135565,0.07824640865160999,0.10023786173987596,0.014351794213320829,0.6362909556691185,0.1871257609703815,0.010253602923324,0.002923440662952677
C:\Users\Fakhri\Downloads\klasifikasi_jenis_kain_glcm_knn\klasifikasi_jenis_kain_glcm_knn\dataset\Wool\wool_050.png,Wool,10.254625831567045,5.204826859577284,2.3637531499414357,0.6778475381095099,0.35690608594391904,0.08140352220912045,0.09400827445817249,0.011959229070557601,0.6182948594658283,0.1936569544542111,0.008980578826565156,0.002340416203197838
C:\Users\Fakhri\Downloads\klasifikasi_jenis_kain_glcm_knn\klasifikasi_jenis_kain_glcm_knn\dataset\Wool\wool_051.png,Wool,14.818908602888385,7.544842524405888,2.6527615966646088,0.7773081367630752,0.37452559963164705,0.07619206926686448,0.10643742359513629,0.01493048157233538,0.6865762625020136,0.1594789060767539,0.01155184442155232,0.003226984339184608
C:\Users\Fakhri\Downloads\klasifikasi_jenis_kain_glcm_knn\klasifikasi_jenis_kain_glcm_knn\dataset\Wool\wool_052.png,Wool,11.520234616910377,5.797461562680445,2.490804708437569,0.7055273499008,0.34924992827733425,0.07874936711989523,0.08517020437662533,0.01131172984037376,0.673180850253912,0.16455071276549055,0.007381918945537732,0.0020185430389548726
C:\Users\Fakhri\Downloads\klasifikasi_jenis_kain_glcm_knn\klasifikasi_jenis_kain_glcm_knn\dataset\Wool\wool_053.png,Wool,28.724772671451632,13.487328941230363,3.813743604119246,1.0070209636129515,0.2627444948022603,0.06186525540973816,0.05938815386616896,0.007438433124961766,0.6831590843662295,0.14859195547470094,0.0035822831069862865,0.0009133220478729059
C:\Users\Fakhri\Downloads\klasifikasi_jenis_kain_glcm_knn\klasifikasi_jenis_kain_glcm_knn\dataset\Wool\wool_054.png,Wool,32.96670586114246,14.896428401153738,4.105354224750065,1.0603159812240044,0.24719524452375297,0.059170528164881234,0.056308739429189604,0.006993729626403424,0.6733337210201689,0.14738025166338128,0.003219586390191605,0.0008161054869436556
C:\Users\Fakhri\Downloads\klasifikasi_jenis_kain_glcm_knn\klasifikasi_jenis_kain_glcm_knn\dataset\Wool\wool_055.png,Wool,33.00405699418065,15.030510417449852,4.050982368831774,1.0509674535404447,0.25454325633314295,0.05975880079732857,0.054113237890593184,0.00693011415263823,0.705375884222548,0.13399259035145453,0.0029762689971725258,0.0007748717665672729
C:\Users\Fakhri\Downloads\klasifikasi_jenis_kain_glcm_knn\klasifikasi_jenis_kain_glcm_knn\dataset\Wool\wool_056.png,Wool,36.85682581339089,17.013680594118906,4.342097136098755,1.1439823681490442,0.23787896790783283,0.05830928075047004,0.04832063765604829,0.006388216840369588,0.739127636698846,0.1202188191369809,0.002375693337886693,0.0006392632218860902
C:\Users\Fakhri\Downloads\klasifikasi_jenis_kain_glcm_knn\klasifikasi_jenis_kain_glcm_knn\dataset\Wool\wool_057.png,Wool,17.702208580886914,10.196611295594812,2.99291635101198,0.9384278504989753,0.31543148744310745,0.0772169771768157,0.05840542358814449,0.008948257412663658,0.8709492747207664,0.07425031865725386,0.0034912648152338743,0.0010753912626110843
C:\Users\Fakhri\Downloads\klasifikasi_jenis_kain_glcm_knn\klasifikasi_jenis_kain_glcm_knn\dataset\Wool\wool_058.png,Wool,20.417058049003433,11.634303100682047,3.200436386834148,1.0016245707640898,0.3025642674788625,0.07568248557075967,0.05811534686514703,0.008901109351610504,0.8365670502340524,0.0930869381928943,0.0034566232889456823,0.0010657877607724766
C:\Users\Fakhri\Downloads\klasifikasi_jenis_kain_glcm_knn\klasifikasi_jenis_kain_glcm_knn\dataset\Wool\wool_059.png,Wool,20.121429391488565,11.620107554382738,3.164513122654944,0.9909970909667725,0.3051894777509334,0.07525362501706263,0.05718093835348972,0.008737284194358071,0.8505690864477171,0.08627476600320111,0.003345999846078571,0.0010272445957928906
C:\Users\Fakhri\Downloads\klasifikasi_jenis_kain_glcm_knn\klasifikasi_jenis_kain_glcm_knn\dataset\Wool\wool_060.png,Wool,20.603450962691813,11.839400223245974,3.2427755022293905,1.0157393924361342,0.2960220809156878,0.07450780971783492,0.052593409560337506,0.008112394153793454,0.8782994866705901,0.07002663714522805,0.002831877668087903,0.0008794199093833619
C:\Users\Fakhri\Downloads\klasifikasi_jenis_kain_glcm_knn\klasifikasi_jenis_kain_glcm_knn\dataset\Wool\wool_061.png,Wool,22.22547175363516,9.830557863430903,3.195693468558774,0.840736937651013,0.3128532678054318,0.06963312841924099,0.0735035037821083,0.00956822112085349,0.6294836731064072,0.16374871945448358,0.0054943159236639574,0.0014438138925858583
C:\Users\Fakhri\Downloads\klasifikasi_jenis_kain_glcm_knn\klasifikasi_jenis_kain_glcm_knn\dataset\Wool\wool_062.png,Wool,24.156864585438885,10.480221924823477,3.3541826022626426,0.8719478446967618,0.2998919908074423,0.06821820768478871,0.07173179237138037,0.009276893673078192,0.6273783273724464,0.16150777935983673,0.0052315107930324236,0.0013710830378948003
C:\Users\Fakhri\Downloads\klasifikasi_jenis_kain_glcm_knn\klasifikasi_jenis_kain_glcm_knn\dataset\Wool\wool_063.png,Wool,26.45056569822039,11.67781397438656,3.445579155169615,0.9068068520673322,0.30091143566299766,0.06784197753174534,0.06895392870027896,0.009188978616175797,0.6583647169963748,0.15064730673264873,0.00483908161121169,0.0013001412314891092
C:\Users\Fakhri\Downloads\klasifikasi_jenis_kain_glcm_knn\klasifikasi_jenis_kain_glcm_knn\dataset\Wool\wool_064.png,Wool,27.62808010771791,12.329544331913482,3.5803566301206486,0.9410330473378313,0.2907761340469603,0.06658440313909046,0.063039287811606,0.008552697680533258,0.7134050854369832,0.12791043112730538,0.004047100445409097,0.00111233947238879
C:\Users\Fakhri\Downloads\klasifikasi_jenis_kain_glcm_knn\klasifikasi_jenis_kain_glcm_knn\dataset\Wool\wool_065.png,Wool,15.654932146588303,7.779294512251157,2.7744131325620356,0.78684195370424,0.33638249398163955,0.0755687710689792,0.07759460263318368,0.010660373210234055,0.7251596426148404,0.1364905881212293,0.006134565914783153,0.0017083106332923125
C:\Users\Fakhri\Downloads\klasifikasi_jenis_kain_glcm_knn\klasifikasi_jenis_kain_glcm_knn\dataset\Wool\wool_066.png,Wool,16.321680980208765,8.355021379952138,2.788314559897634,0.8077681633194901,0.3352017273668333,0.07762734228804534,0.079842313751479,0.011087544182895656,0.6835226862592197,0.16202551674639187,0.006497728701197278,0.0018581160727986115
C:\Users\Fakhri\Downloads\klasifikasi_jenis_kain_glcm_knn\klasifikasi_jenis_kain_glcm_knn\dataset\Wool\wool_067.png,Wool,18.378228147062714,9.02399417326869,2.9282521333148677,0.8202702825899773,0.3338249468949594,0.07319429532950264,0.07091553110782095,0.01000818129588264,0.7820587147652721,0.10699573257211817,0.005129176245155575,0.0014660907347120015
C:\Users\Fakhri\Downloads\klasifikasi_jenis_kain_glcm_knn\klasifikasi_jenis_kain_glcm_knn\dataset\Wool\wool_068.png,Wool,20.79990447279384,10.541496266447707,3.1725768467265105,0.9181052243553898,0.30518384493951056,0.07467785259419167,0.06518442797276199,0.00958499356014614,0.7470115385951198,0.1280859406970027,0.00434088175168424,0.0013172740301469628
C:\Users\Fakhri\Downloads\klasifikasi_jenis_kain_glcm_knn\klasifikasi_jenis_kain_glcm_knn\dataset\Wool\wool_069.png,Wool,8.551488346830748,5.126332223590206,2.102682612919755,0.6887740643956295,0.39435501742378487,0.0906549103716942,0.05711292006818614,0.009069449452730655,0.9595702356367276,0.024255340077944373,0.0033441405520906564,0.0010576518694485168
C:\Users\Fakhri\Downloads\klasifikasi_jenis_kain_glcm_knn\klasifikasi_jenis_kain_glcm_knn\dataset\Wool\wool_070.png,Wool,8.076752526959686,4.808698951312356,2.062979181530871,0.6713953515473698,0.3965880938588913,0.09053377787070688,0.05572973887223697,0.008840285043201243,0.9635668616965812,0.021722534373566995,0.0031839544344127685,0.0010080017413739894
C:\Users\Fakhri\Downloads\klasifikasi_jenis_kain_glcm_knn\klasifikasi_jenis_kain_glcm_knn\dataset\Wool\wool_071.png,Wool,9.321720818381062,5.5546907935507495,2.216879515639663,0.7197820346827091,0.37813441727111125,0.08864595807685138,0.06736860367354136,0.01056290570860343,0.912024560032407,0.05240029183070288,0.004650103737931538,0.0014542652885198625
C:\Users\Fakhri\Downloads\klasifikasi_jenis_kain_glcm_knn\klasifikasi_jenis_kain_glcm_knn\dataset\Wool\wool_072.png,Wool,9.236909692039333,5.468145486947744,2.192077567264568,0.7105430326800404,0.38183512924406027,0.08977654303386937,0.06390660237666647,0.010081079048473548,0.9421118581473155,0.034252331006976736,0.004185681982110926,0.001318377061208787
C:\Users\Fakhri\Downloads\klasifikasi_jenis_kain_glcm_knn\klasifikasi_jenis_kain_glcm_knn\dataset\Wool\wool_073.png,Wool,11.096921271510704,5.670210862322024,2.370176855747473,0.6863046035151755,0.3672322094063232,0.08074746020182993,0.07473135955602826,0.010614552067158455,0.8372604078011142,0.08318761901867029,0.0056974448166787935,0.0016313969332196476
C:\Users\Fakhri\Downloads\klasifikasi_jenis_kain_glcm_knn\klasifikasi_jenis_kain_glcm_knn\dataset\Wool\wool_074.png,Wool,11.036007068553841,5.785646710549727,2.3764410364218396,0.696297081306223,0.3644276695024064,0.08049299083065878,0.07347746126713496,0.010534014924965328,0.844852021589932,0.08136242715865358,0.005509902784702712,0.0015957700620807497
C:\Users\Fakhri\Downloads\klasifikasi_jenis_kain_glcm_knn\klasifikasi_jenis_kain_glcm_knn\dataset\Wool\wool_075.png,Wool,12.230937973582348,6.13292606650883,2.5103522632061894,0.7089248100768873,0.3505721022601407,0.07712007702620573,0.07324781678201793,0.010166630315243069,0.8208226492704446,0.08978421170971099,0.005468603035298888,0.001531651058930952
C:\Users\Fakhri\Downloads\klasifikasi_jenis_kain_glcm_knn\klasifikasi_jenis_kain_glcm_knn\dataset\Wool\wool_076.png,Wool,13.167042031408537,6.90339310190813,2.609760864765495,0.7622562425550511,0.34025562665972525,0.0783099069830832,0.06368523507418591,0.009265580643536086,0.8645993650487411,0.07103038757429032,0.004141660151116192,0.0012195133799145004
C:\Users\Fakhri\Downloads\klasifikasi_jenis_kain_glcm_knn\klasifikasi_jenis_kain_glcm_knn\dataset\Wool\wool_077.png,Wool,8.334463061702639,4.40842280332924,2.0511399544114526,0.6054491716890432,0.40506593137497204,0.0835618065613412,0.06958927544859153,0.009687043152983035,0.9343206456086873,0.03469610951642401,0.004936506062507701,0.0013840095735623006
C:\Users\Fakhri\Downloads\klasifikasi_jenis_kain_glcm_knn\klasifikasi_jenis_kain_glcm_knn\dataset\Wool\wool_078.png,Wool,8.71011195578074,4.9936146874962635,2.1067101716794983,0.661694083901824,0.39793409602374097,0.0869926924956171,0.0603728931683428,0.009124987655306931,0.9546325464787054,0.025967426304661007,0.0037281516292256363,0.0011340564004251631
C:\Users\Fakhri\Downloads\klasifikasi_jenis_kain_glcm_knn\klasifikasi_jenis_kain_glcm_knn\dataset\Wool\wool_079.png,Wool,9.587042274037428,5.078741610813704,2.1849866830753615,0.6474220986082837,0.39524788875767375,0.08132962969834961,0.060464856040865246,0.008336574931265467,0.9680116057713949,0.016937013194585234,0.0037254972976271633,0.0010301977346531452
C:\Users\Fakhri\Downloads\klasifikasi_jenis_kain_glcm_knn\klasifikasi_jenis_kain_glcm_knn\dataset\Wool\wool_080.png,Wool,10.68844258981629,5.955593641676234,2.350284575216497,0.7262261072048758,0.3674244283962887,0.08476178243022274,0.05548254725696212,0.008476892952335627,0.942251930036179,0.03213458084896831,0.003150170764246393,0.0009689486514207095
C:\Users\Fakhri\Downloads\klasifikasi_jenis_kain_glcm_knn\klasifikasi_jenis_kain_glcm_knn\dataset\Wool\wool_081.png,Wool,10.394818772620068,6.072837443629736,2.259180752437885,0.7301138133678824,0.38332399441901316,0.08834887987017359,0.07616375565773514,0.01194286625971933,0.8679864186368556,0.0769976674934301,0.005943549730388727,0.001878359620286895
C:\Users\Fakhri\Downloads\klasifikasi_jenis_kain_glcm_knn\klasifikasi_jenis_kain_glcm_knn\dataset\Wool\wool_082.png,Wool,10.41696599407859,5.756492109424952,2.2766363440414894,0.7013626816845974,0.3801772055502452,0.0847175802917334,0.07251661029045338,0.010919897000415986,0.8806424082767572,0.06593975438287905,0.005377902918517184,0.001624255445684664
C:\Users\Fakhri\Downloads\klasifikasi_jenis_kain_glcm_knn\klasifikasi_jenis_kain_glcm_knn\dataset\Wool\wool_083.png,Wool,11.13356365055774,6.469671809498459,2.3723961742709974,0.7629448493902344,0.36715141576548116,0.08757719862090795,0.06556194889228191,0.010382168474867549,0.8986925891794337,0.05918656743615594,0.004406158564794718,0.001403695852189095
C:\Users\Fakhri\Downloads\klasifikasi_jenis_kain_glcm_knn\klasifikasi_jenis_kain_glcm_knn\dataset\Wool\wool_084.png,Wool,10.97841940219314,6.018300790050557,2.366004801344244,0.7231128546377729,0.36778970424452084,0.08307181766209207,0.06504175452616183,0.009785580616282248,0.9056854570569862,0.05169228536304763,0.0043261874198392515,0.0013050296368516483
C:\Users\Fakhri\Downloads\klasifikasi_jenis_kain_glcm_knn\klasifikasi_jenis_kain_glcm_knn\dataset\Wool\wool_085.png,Wool,20.41390089976051,8.129823018838337,3.160419428911501,0.758258555325864,0.30658276317922184,0.06526647284503931,0.06735614219680884,0.008195899169117397,0.7090922070786411,0.11562285802558632,0.004604022654827073,0.0011347627461125664
C:\Users\Fakhri\Downloads\klasifikasi_jenis_kain_glcm_knn\klasifikasi_jenis_kain_glcm_knn\dataset\Wool\wool_086.png,Wool,21.02443641773052,8.062318992742508,3.2298896569055646,0.745183957512611,0.2982451948168599,0.06173226376698691,0.06739759988985854,0.007911752170418644,0.7064617193355636,0.1123069687358593,0.004605032293319585,0.0010959480459480744
C:\Users\Fakhri\Downloads\klasifikasi_jenis_kain_glcm_knn\klasifikasi_jenis_kain_glcm_knn\dataset\Wool\wool_087.png,Wool,21.62317612656294,8.465014533275914,3.2817623534855342,0.7730225510421935,0.2953756596735414,0.06329542502447366,0.06472841597831805,0.007771195264062669,0.7002718484133363,0.11702270197824095,0.004250159310894368,0.0010347805038629248
C:\Users\Fakhri\Downloads\klasifikasi_jenis_kain_glcm_knn\klasifikasi_jenis_kain_glcm_knn\dataset\Wool\wool_088.png,Wool,25.139843713849615,9.500885901957567,3.5253826119831397,0.8071454747366793,0.2808765343896344,0.059829344901504475,0.06241202855943129,0.007282220522294645,0.6791861277774761,0.12105035043683884,0.003948292044638597,0.0009336508207671467
C:\Users\Fakhri\Downloads\klasifikasi_jenis_kain_glcm_knn\klasifikasi_jenis_kain_glcm_knn\dataset\Wool\wool_089.png,Wool,9.719269985670307,4.066843077758754,2.079724549378288,0.5213859200320282,0.43151192379932674,0.07206281702474225,0.1327542916544053,0.015964131829190004,0.5792709123893468,0.17590720195477433,0.017878555457722663,0.004331264163249243
C:\Users\Fakhri\Downloads\klasifikasi_jenis_kain_glcm_knn\klasifikasi_jenis_kain_glcm_knn\dataset\Wool\wool_090.png,Wool,10.342306998905034,4.236110286981197,2.1872038874035913,0.5362094506246489,0.41159697994967814,0.07078444514196192,0.12307756866087098,0.014680795627754149,0.5935901286737507,0.16628544798172792,0.015363613667735294,0.00369391268072442
C:\Users\Fakhri\Downloads\klasifikasi_jenis_kain_glcm_knn\klasifikasi_jenis_kain_glcm_knn\dataset\Wool\wool_091.png,Wool,11.874727087008798,4.890997659710668,2.2662973501235357,0.565094052952879,0.4205018845545398,0.07043148518403111,0.1332656769906471,0.016059719723502244,0.614498117457,0.15876517296591616,0.01801765526137292,0.004362490978773887
C:\Users\Fakhri\Downloads\klasifikasi_jenis_kain_glcm_knn\klasifikasi_jenis_kain_glcm_knn\dataset\Wool\wool_092.png,Wool,11.877373289867826,4.807047211417096,2.3501547215009464,0.5686038552922364,0.39566486032974546,0.06908458716636684,0.11224343015393047,0.013450289269325635,0.6138867002395945,0.15624250346239996,0.012779497894148806,0.0030959279850217925
C:\Users\Fakhri\Downloads\klasifikasi_jenis_kain_glcm_knn\klasifikasi_jenis_kain_glcm_knn\dataset\Wool\wool_093.png,Wool,36.47573598424905,18.892580488096076,4.337992647907451,1.2842396180222801,0.24027310455745207,0.06399107259134287,0.04678402448658015,0.006792965881331986,0.7501382718840895,0.12940891216350814,0.0022348893326258716,0.0006506589029145066
C:\Users\Fakhri\Downloads\klasifikasi_jenis_kain_glcm_knn\klasifikasi_jenis_kain_glcm_knn\dataset\Wool\wool_094.png,Wool,38.72463090512857,20.577218870169297,4.559601473530122,1.3712447374166832,0.22347212279852446,0.06228375735642435,0.04291850639440691,0.00628142783412418,0.7539915596157091,0.13071520406394269,0.0018814545267620568,0.0005559749828640463
C:\Users\Fakhri\Downloads\klasifikasi_jenis_kain_glcm_knn\klasifikasi_jenis_kain_glcm_knn\dataset\Wool\wool_095.png,Wool,39.58293487286858,20.673633662159283,4.5323896161473085,1.3603391392847783,0.23270535019054703,0.06298337500359909,0.04186122306069235,0.006268855304088482,0.7835867731783893,0.11305360315600849,0.0017916605429606398,0.0005368434205347614
C:\Users\Fakhri\Downloads\klasifikasi_jenis_kain_glcm_knn\klasifikasi_jenis_kain_glcm_knn\dataset\Wool\wool_096.png,Wool,39.60208651807606,21.657994437374967,4.571767072287769,1.4092808150725542,0.22814475449432559,0.06415973056176999,0.038779998343230954,0.005939932060317241,0.8153844015944753,0.10100739165132762,0.0015391710643821806,0.00047680421897107044
C:\Users\Fakhri\Downloads\klasifikasi_jenis_kain_glcm_knn\klasifikasi_jenis_kain_glcm_knn\dataset\Wool\wool_097.png,Wool,39.97501091817107,21.267390766676034,4.526057308561302,1.3815211812220307,0.23351286915282501,0.06502221523873031,0.052739041968754945,0.0076625536607054755,0.6381818508825635,0.19228847262296597,0.002840121276385286,0.0008293037962978334
C:\Users\Fakhri\Downloads\klasifikasi_jenis_kain_glcm_knn\klasifikasi_jenis_kain_glcm_knn\dataset\Wool\wool_098.png,Wool,43.85103314198122,23.200051311003655,4.61938202998973,1.4063771510320318,0.23386787221239955,0.06588779422037314,0.05926424604680541,0.007949478450913108,0.610097242978786,0.20612787253501189,0.003575445067137821,0.000974679877328075
C:\Users\Fakhri\Downloads\klasifikasi_jenis_kain_glcm_knn\klasifikasi_jenis_kain_glcm_knn\dataset\Wool\wool_099.png,Wool,47.312363347831045,25.189730165461768,4.943828323891809,1.4985416852134534,0.21712550308089484,0.06140637653582739,0.0481089426000858,0.006934605212066029,0.6468005721710104,0.18777083269701406,0.002362559107545564,0.0006855423597119857
C:\Users\Fakhri\Downloads\klasifikasi_jenis_kain_glcm_knn\klasifikasi_jenis_kain_glcm_knn\dataset\Wool\wool_100.png,Wool,53.68103119512989,27.373792729959312,5.095387691764189,1.5182591687508595,0.21745299828507214,0.06347274746246931,0.049873505046992665,0.0070237386047807245,0.6267576590530083,0.19010716569593833,0.0025366994096606903,0.0007247080423024906
C:\Users\Fakhri\Downloads\klasifikasi_jenis_kain_glcm_knn\klasifikasi_jenis_kain_glcm_knn\dataset\Wool\wool_101.png,Wool,38.68172700815135,20.476698829092175,4.47373144901493,1.3545824048501345,0.23853242988609716,0.06446534054180487,0.05563461433859443,0.008355562231728071,0.6227366100404463,0.19955750817835105,0.003165025732812418,0.0009551550175534655
C:\Users\Fakhri\Downloads\klasifikasi_jenis_kain_glcm_knn\klasifikasi_jenis_kain_glcm_knn\dataset\Wool\wool_102.png,Wool,48.4776251691575,24.864502251427826,4.831364754833046,1.4368996279577837,0.22775909272326714,0.06282208560307789,0.05919359722479475,0.0075875439046030205,0.5732561499112366,0.21848219321521045,0.0035614527749155077,0.0009271490514912088
C:\Users\Fakhri\Downloads\klasifikasi_jenis_kain_glcm_knn\klasifikasi_jenis_kain_glcm_knn\dataset\Wool\wool_103.png,Wool,43.80617803212814,22.708440089959485,4.79307951176706,1.42237709672246,0.2237890351966451,0.06129513163032559,0.051620823505478676,0.007608697502176465,0.6347160422534311,0.189174756103932,0.0027226016970634064,0.0008086356773175146
C:\Users\Fakhri\Downloads\klasifikasi_jenis_kain_glcm_knn\klasifikasi_jenis_kain_glcm_knn\dataset\Wool\wool_104.png,Wool,48.05444081122042,23.589995410642466,4.770090774794879,1.3701459504139024,0.23151110893564955,0.06356436699150081,0.05814671358799109,0.007585385677733864,0.5954494898310615,0.19844473501742932,0.0034385783769638385,0.0009125957372179552
C:\Users\Fakhri\Downloads\klasifikasi_jenis_kain_glcm_knn\klasifikasi_jenis_kain_glcm_knn\dataset\Wool\wool_105.png,Wool,23.57183658007268,13.701020588384775,3.53499550525863,1.144300823653389,0.2726582217278826,0.07654707820446531,0.046635196743983365,0.007429969778929431,0.854542326713954,0.08475890185255575,0.0022300460262658405,0.0007170614387426095
C:\Users\Fakhri\Downloads\klasifikasi_jenis_kain_glcm_knn\klasifikasi_jenis_kain_glcm_knn\dataset\Wool\wool_106.png,Wool,24.809707573475748,15.518013933597976,3.6300050732424585,1.254270139573921,0.26676957211886376,0.08199066335482871,0.04801718011400186,0.008193917759835547,0.8195765689836844,0.11289711222433683,0.002372789874355444,0.0008357479617693804
C:\Users\Fakhri\Downloads\klasifikasi_jenis_kain_glcm_knn\klasifikasi_jenis_kain_glcm_knn\dataset\Wool\wool_107.png,Wool,24.408761839880537,14.073670087972737,3.5962939538368928,1.1575645987812706,0.2690492221419885,0.07581531521514662,0.044751535639527246,0.0071704547861046065,0.8643126084053131,0.07841099292312202,0.002054115363935448,0.0006637624488121818
C:\Users\Fakhri\Downloads\klasifikasi_jenis_kain_glcm_knn\klasifikasi_jenis_kain_glcm_knn\dataset\Wool\wool_108.png,Wool,26.078997986980728,16.584361521474676,3.6387893677495815,1.2844743896459856,0.2776253792025173,0.08442025585820072,0.04351151977920079,0.007747989041669914,0.8870241622347502,0.07201639534770513,0.001953283687685618,0.000714125825093552
C:\Users\Fakhri\Downloads\klasifikasi_jenis_kain_glcm_knn\klasifikasi_jenis_kain_glcm_knn\dataset\Wool\wool_109.png,Wool,23.57183658007268,13.701020588384775,3.53499550525863,1.144300823653389,0.2726582217278826,0.07654707820446531,0.046635196743983365,0.007429969778929431,0.854542326713954,0.08475890185255575,0.0022300460262658405,0.0007170614387426095
C:\Users\Fakhri\Downloads\klasifikasi_jenis_kain_glcm_knn\klasifikasi_jenis_kain_glcm_knn\dataset\Wool\wool_110.png,Wool,24.809707573475748,15.518013933597976,3.6300050732424585,1.254270139573921,0.26676957211886376,0.08199066335482871,0.04801718011400186,0.008193917759835547,0.8195765689836844,0.11289711222433683,0.002372789874355444,0.0008357479617693804
C:\Users\Fakhri\Downloads\klasifikasi_jenis_kain_glcm_knn\klasifikasi_jenis_kain_glcm_knn\dataset\Wool\wool_111.png,Wool,24.408761839880537,14.073670087972737,3.5962939538368928,1.1575645987812706,0.2690492221419885,0.07581531521514662,0.044751535639527246,0.0071704547861046065,0.8643126084053131,0.07841099292312202,0.002054115363935448,0.0006637624488121818
C:\Users\Fakhri\Downloads\klasifikasi_jenis_kain_glcm_knn\klasifikasi_jenis_kain_glcm_knn\dataset\Wool\wool_112.png,Wool,26.078997986980728,16.584361521474676,3.6387893677495815,1.2844743896459856,0.2776253792025173,0.08442025585820072,0.04351151977920079,0.007747989041669914,0.8870241622347502,0.07201639534770513,0.001953283687685618,0.000714125825093552
C:\Users\Fakhri\Downloads\klasifikasi_jenis_kain_glcm_knn\klasifikasi_jenis_kain_glcm_knn\dataset\Wool\wool_113.png,Wool,26.217370160247615,14.509284286371583,3.7488338880597905,1.1607765050640264,0.2589511102444861,0.07006784216900912,0.046999728868493275,0.007032899631963294,0.8152867159887977,0.10237766838218179,0.0022584361909451494,0.0006769707284270934
C:\Users\Fakhri\Downloads\klasifikasi_jenis_kain_glcm_knn\klasifikasi_jenis_kain_glcm_knn\dataset\Wool\wool_114.png,Wool,27.960375138667384,16.08341402165974,3.796492571114607,1.25090759773085,0.26318473152634886,0.07771328356612037,0.046444943379773125,0.007566655458678511,0.8261555818797337,0.10003798469869746,0.002214387040380681,0.0007300491343114437
C:\Users\Fakhri\Downloads\klasifikasi_jenis_kain_glcm_knn\klasifikasi_jenis_kain_glcm_knn\dataset\Wool\wool_115.png,Wool,27.4051596107065,15.439891344845725,3.7727670877183335,1.19255623603814,0.26245433922748934,0.07192406269707886,0.04043562663541269,0.006414094757846327,0.8949598472568274,0.059317958968389775,0.0016761805129611271,0.0005326387051948851
C:\Users\Fakhri\Downloads\klasifikasi_jenis_kain_glcm_knn\klasifikasi_jenis_kain_glcm_knn\dataset\Wool\wool_116.png,Wool,30.300262067265248,17.660867428306137,3.931332288095914,1.3059301051254057,0.2606034927037901,0.07694447393685327,0.04203018320734749,0.006956815005896231,0.8647014411166,0.07899959532841135,0.001814933575469458,0.0006073731701989862
C:\Users\Fakhri\Downloads\klasifikasi_jenis_kain_glcm_knn\klasifikasi_jenis_kain_glcm_knn\dataset\Wool\wool_117.png,Wool,6.047527935494365,3.4554014623216993,1.7352328838423257,0.5576023639937498,0.45061922382381137,0.09414246360205257,0.06707969468790505,0.010540740490032481,0.9598020225213043,0.02301288033007211,0.004610792649500768,0.0014600305375370162
C:\Users\Fakhri\Downloads\klasifikasi_jenis_kain_glcm_knn\klasifikasi_jenis_kain_glcm_knn\dataset\Wool\wool_118.png,Wool,5.513282405489616,2.8952862226092746,1.6521160916657458,0.49158211922979117,0.4642009968416629,0.08742945991541223,0.07459936810355172,0.010810164741893094,0.951408524726897,0.025579271479803843,0.005681925383196077,0.0016448326822832697
C:\Users\Fakhri\Downloads\klasifikasi_jenis_kain_glcm_knn\klasifikasi_jenis_kain_glcm_knn\dataset\Wool\wool_119.png,Wool,7.989763696560451,4.638586352314334,1.9728088675887328,0.6395056980904243,0.4197051181307743,0.09244720328558896,0.06569659376142643,0.010590680765954702,0.9428618692241977,0.03315005834426094,0.004428204950940258,0.001441592274355146
C:\Users\Fakhri\Downloads\klasifikasi_jenis_kain_glcm_knn\klasifikasi_jenis_kain_glcm_knn\dataset\Wool\wool_120.png,Wool,7.486583815148665,3.8480423678712716,1.9471385457068315,0.5704171970288121,0.41827637088665776,0.08515712681427233,0.06224163378606115,0.009114805255325547,0.9555015397214138,0.02291955556375335,0.00395710065120066,0.0011599305132303504
C:\Users\Fakhri\Downloads\klasifikasi_jenis_kain_glcm_knn\klasifikasi_jenis_kain_glcm_knn\dataset\Wool\wool_121.png,Wool,2.1257902950851033,0.7491797094875573,0.9545453256861177,0.20727180051204228,0.621873124859592,0.06042345186110072,0.2342113414578474,0.020495236776451514,0.6404622376317713,0.12699927384852153,0.0552750071980072,0.009752132679421183
C:\Users\Fakhri\Downloads\klasifikasi_jenis_kain_glcm_knn\klasifikasi_jenis_kain_glcm_knn\dataset\Wool\wool_122.png,Wool,2.370389255682355,0.8495965246047003,1.0277787855964544,0.2270797708358659,0.6004165700923237,0.06341499017589616,0.21884913872433742,0.020236116065738448,0.6461423134774092,0.1269448183970816,0.04830444591381034,0.0090535098717489
C:\Users\Fakhri\Downloads\klasifikasi_jenis_kain_glcm_knn\klasifikasi_jenis_kain_glcm_knn\dataset\Wool\wool_123.png,Wool,2.544416106124275,0.9361875527696617,1.0411720297198548,0.2349781848672716,0.6028619974862838,0.06334762915470528,0.22362353118213893,0.02031304251031689,0.6914745399020591,0.11384833210117791,0.05042010339439501,0.009210636711727184
C:\Users\Fakhri\Downloads\klasifikasi_jenis_kain_glcm_knn\klasifikasi_jenis_kain_glcm_knn\dataset\Wool\wool_124.png,Wool,3.107822958557825,1.1801084325496705,1.1785187085350486,0.26987281227907817,0.5670962709178896,0.06683882777468811,0.19508421924132238,0.01968406548367559,0.7088574639724742,0.11071502388169407,0.03844531503096199,0.007879373548374166
C:\Users\Fakhri\Downloads\klasifikasi_jenis_kain_glcm_knn\klasifikasi_jenis_kain_glcm_knn\dataset\Wool\wool_125.png,Wool,3.011468145713676,1.08205674068464,1.165940961640501,0.25148259250792576,0.5668869346658928,0.06311732389633214,0.18689971213076836,0.01738196972289676,0.6625141349726845,0.12146746556145151,0.03523363526601179,0.006635584376844223
C:\Users\Fakhri\Downloads\klasifikasi_jenis_kain_glcm_knn\klasifikasi_jenis_kain_glcm_knn\dataset\Wool\wool_126.png,Wool,3.6250312595132583,1.3125925579324593,1.317393421683048,0.2850607875782277,0.5298063595108417,0.06555432024192397,0.17196171144135666,0.016971746775514444,0.6503183871484189,0.12691664790663687,0.029858870390452586,0.006003845561565375
C:\Users\Fakhri\Downloads\klasifikasi_jenis_kain_glcm_knn\klasifikasi_jenis_kain_glcm_knn\dataset\Wool\wool_127.png,Wool,3.6443196920822523,1.2926996017527506,1.2932108837298923,0.2773785760338862,0.5404210048571235,0.06425538784716578,0.17719976551246394,0.016962579849685237,0.6952018171032542,0.108308384579776,0.03168748601282915,0.006137078405968539
C:\Users\Fakhri\Downloads\klasifikasi_jenis_kain_glcm_knn\klasifikasi_jenis_kain_glcm_knn\dataset\Wool\wool_128.png,Wool,4.074119180730749,1.5172148175581799,1.3703305808696624,0.30685154923382496,0.5269272964776688,0.06708368882688363,0.16575964090211767,0.01716288991709368,0.7212420710880516,0.10422933757465425,0.02777082334230528,0.005859843028406553
C:\Users\Fakhri\Downloads\klasifikasi_jenis_kain_glcm_knn\klasifikasi_jenis_kain_glcm_knn\dataset\Wool\wool_129.png,Wool,3.7556775473432684,1.2698352980775234,1.1330703770960564,0.24733063614947787,0.6092326814227768,0.05911247057339654,0.2406366735949241,0.0214772921155192,0.5724806804237498,0.14469977710297818,0.05836728275544539,0.01047028832811131
C:\Users\Fakhri\Downloads\klasifikasi_jenis_kain_glcm_knn\klasifikasi_jenis_kain_glcm_knn\dataset\Wool\wool_130.png,Wool,5.643204899075456,1.8716385036930894,1.4662206649471823,0.30148897362510924,0.5388535814301061,0.05954368467015256,0.1888777555591322,0.01785141310896983,0.5505188060211362,0.14867813867378704,0.035993479495042384,0.006870949881339999
C:\Users\Fakhri\Downloads\klasifikasi_jenis_kain_glcm_knn\klasifikasi_jenis_kain_glcm_knn\dataset\Wool\wool_131.png,Wool,6.21078884408776,2.078368424081001,1.4944984584102603,0.31471208404101036,0.5424412741165326,0.061015712395930094,0.19480687667351337,0.01889931816730215,0.5729278370002084,0.14260701655359626,0.03830690342647838,0.007482932059178314
C:\Users\Fakhri\Downloads\klasifikasi_jenis_kain_glcm_knn\klasifikasi_jenis_kain_glcm_knn\dataset\Wool\wool_132.png,Wool,5.390196633542195,1.8129931995354949,1.3729897515927638,0.2974842795116999,0.5715390373112336,0.06019855284668679,0.2265040629848543,0.0213992601294236,0.5743713285053923,0.1432125871276054,0.05176201888273358,0.009854947675213315
C:\Users\Fakhri\Downloads\klasifikasi_jenis_kain_glcm_knn\klasifikasi_jenis_kain_glcm_knn\dataset\Wool\wool_133.png,Wool,9.34294601972306,3.6544306037305967,2.2369962541570456,0.49569524489082784,0.37416644150375494,0.06416538421040621,0.08351594574007586,0.009128389224628984,0.7727853853823278,0.08895408236485863,0.007058240682695616,0.0015798339945039994
C:\Users\Fakhri\Downloads\klasifikasi_jenis_kain_glcm_knn\klasifikasi_jenis_kain_glcm_knn\dataset\Wool\wool_134.png,Wool,5.747880190813082,2.2622680799337522,1.7375171586431009,0.39840230898970724,0.44282797943935054,0.07066034199322066,0.11108354837906693,0.012284846352283912,0.7442813582384535,0.10049582922626325,0.012490472170383729,0.002848489337360801
C:\Users\Fakhri\Downloads\klasifikasi_jenis_kain_glcm_knn\klasifikasi_jenis_kain_glcm_knn\dataset\Wool\wool_135.png,Wool,1.651386014834344,0.5383227259645615,0.8481111220446541,0.1774727799760159,0.6450257591964832,0.05842014962803089,0.20299300420259783,0.017922176495219162,0.7879307990707346,0.06943125611451222,0.0415273641655217,0.007406376205667953
C:\Users\Fakhri\Downloads\klasifikasi_jenis_kain_glcm_knn\klasifikasi_jenis_kain_glcm_knn\dataset\Wool\wool_136.png,Wool,7.256416824446216,2.739609464550958,1.9421219343495386,0.43513340441163756,0.4147745952888438,0.07042810716212797,0.10585688588397184,0.011741778586304891,0.6731941895900554,0.12320109336140031,0.011343549653422042,0.0026391928151658244
C:\Users\Fakhri\Downloads\klasifikasi_jenis_kain_glcm_knn\klasifikasi_jenis_kain_glcm_knn\dataset\Wool\wool_137.png,Wool,9.448781542839756,3.8721711569850923,2.2370981380687307,0.52127527011259,0.3766835452847596,0.0672163627649334,0.08119660567853852,0.009396037371369828,0.7898923793615661,0.08625644819843836,0.006681174292000252,0.001575890778850955
C:\Users\Fakhri\Downloads\klasifikasi_jenis_kain_glcm_knn\klasifikasi_jenis_kain_glcm_knn\dataset\Wool\wool_138.png,Wool,4.232649187782974,1.7485813115374225,1.4516584319842991,0.3496145343680844,0.49750532148753307,0.07376625658283331,0.12964955429337446,0.014825448806824033,0.7714657830484647,0.09422634329561656,0.017028800860794408,0.0040183046411396035
C:\Users\Fakhri\Downloads\klasifikasi_jenis_kain_glcm_knn\klasifikasi_jenis_kain_glcm_knn\dataset\Wool\wool_139.png,Wool,2.3125564204053695,0.8575238833713442,1.0009531341737743,0.22991934298415329,0.6070298249344849,0.06596417914126894,0.17249483396981993,0.017150448273419064,0.8188550110039885,0.06732707360254378,0.030048605622254972,0.00601910296077057
C:\Users\Fakhri\Downloads\klasifikasi_jenis_kain_glcm_knn\klasifikasi_jenis_kain_glcm_knn\dataset\Wool\wool_140.png,Wool,10.554791147628448,4.3879046719089185,2.3748053183455613,0.566155519150504,0.35989879066894065,0.06907087809950394,0.08650498594711774,0.009951988156219086,0.6912173819041221,0.12821164023654377,0.007582154661972562,0.0018004649605027152
C:\Users\Fakhri\Downloads\klasifikasi_jenis_kain_glcm_knn\klasifikasi_jenis_kain_glcm_knn\dataset\Wool\wool_141.png,Wool,22.994912274853576,14.420638292003204,3.4771541967051554,1.2824251333262677,0.28260439141789157,0.09697219327999909,0.07145119992777728,0.011913631030262498,0.588459424685705,0.2578526791139609,0.005247208575444434,0.0017520762395085707
C:\Users\Fakhri\Downloads\klasifikasi_jenis_kain_glcm_knn\klasifikasi_jenis_kain_glcm_knn\dataset\Wool\wool_142.png,Wool,27.985305459849457,18.201530535743025,3.8594994808843794,1.460818507714561,0.260731517165446,0.09404907073453668,0.06486857477202608,0.01114192676041114,0.5721462646790219,0.27797510473233505,0.004332074524888304,0.0014975749304114193
C:\Users\Fakhri\Downloads\klasifikasi_jenis_kain_glcm_knn\klasifikasi_jenis_kain_glcm_knn\dataset\Wool\wool_143.png,Wool,29.82046909774715,19.381775030330576,3.9672394265353588,1.5037821840215282,0.2558597221263442,0.09235976800449655,0.06344460447476162,0.010796114475847987,0.5767729192310062,0.2748183181163109,0.004141773924734557,0.0014140456078565377
C:\Users\Fakhri\Downloads\klasifikasi_jenis_kain_glcm_knn\klasifikasi_jenis_kain_glcm_knn\dataset\Wool\wool_144.png,Wool,31.850801128134773,19.07895424237663,4.057467053798777,1.3984992097264202,0.25422634070521744,0.08087100951713182,0.058561734739085304,0.009262749986413008,0.6353525411294098,0.21818116166373466,0.0035152753129617837,0.0011116945881597428
C:\Users\Fakhri\Downloads\klasifikasi_jenis_kain_glcm_knn\klasifikasi_jenis_kain_glcm_knn\dataset\Wool\wool_145.png,Wool,16.686154873343185,8.949349664144687,2.977861685677984,0.9030307278232369,0.3125327635299659,0.07991287279764138,0.07680001225706387,0.010837566772300664,0.6481420532047225,0.1882801973726829,0.006015694736229238,0.0017352352526977457
C:\Users\Fakhri\Downloads\klasifikasi_jenis_kain_glcm_knn\klasifikasi_jenis_kain_glcm_knn\dataset\Wool\wool_146.png,Wool,29.41693709848423,20.713069398100682,3.952344940265404,1.6098365275443982,0.2585937129569482,0.10582501613339709,0.06545456483579186,0.012947941775598309,0.5890240782291764,0.288862303136053,0.0044519492540671625,0.0019024426996580182
C:\Users\Fakhri\Downloads\klasifikasi_jenis_kain_glcm_knn\klasifikasi_jenis_kain_glcm_knn\dataset\Wool\wool_147.png,Wool,21.450088445103955,11.639590103753864,3.3822353958839155,1.0427404974475751,0.28346858140165454,0.07777629569376121,0.06719616272154154,0.009691136343464541,0.6519596052987984,0.18845531576801602,0.00460924240812751,0.0013626969745917795
C:\Users\Fakhri\Downloads\klasifikasi_jenis_kain_glcm_knn\klasifikasi_jenis_kain_glcm_knn\dataset\Wool\wool_148.png,Wool,35.94717678119199,25.423505220658054,4.298064008612502,1.7499209711028982,0.2501130204605461,0.10004721316178553,0.055727423798444385,0.01143512796967848,0.6523077072545712,0.2458344975733172,0.003236307914894349,0.0014223411611006913
C:\Users\Fakhri\Downloads\klasifikasi_jenis_kain_glcm_knn\klasifikasi_jenis_kain_glcm_knn\dataset\Wool\wool_149.png,Wool,4.620852941101169,1.9508692100297793,1.3299290101062653,0.3433414853481719,0.5678546058502272,0.06931994730243052,0.22106956394462088,0.02283738205956874,0.5663425181846783,0.1828023859180376,0.049393298121999524,0.010203293657771112
C:\Users\Fakhri\Downloads\klasifikasi_jenis_kain_glcm_knn\klasifikasi_jenis_kain_glcm_knn\dataset\Wool\wool_150.png,Wool,5.05184909374487,2.3498947165254536,1.4725076158295494,0.41948277974741516,0.5239423722922921,0.08383336139820813,0.19194899460200254,0.023978037767747103,0.5489191936251475,0.2102402068837367,0.03741936282391111,0.009485081961832842
C:\Users\Fakhri\Downloads\klasifikasi_jenis_kain_glcm_knn\klasifikasi_jenis_kain_glcm_knn\dataset\Wool\wool_151.png,Wool,6.401027178535184,2.6810813577969266,1.5827997345559972,0.40803667102124563,0.5285597987217502,0.07086291297308427,0.20447779133718533,0.02239162876767778,0.5522492987356986,0.1876783111386841,0.04231255218900299,0.009288977649348704
C:\Users\Fakhri\Downloads\klasifikasi_jenis_kain_glcm_knn\klasifikasi_jenis_kain_glcm_knn\dataset\Wool\wool_152.png,Wool,7.487448862981187,3.6805136425927993,1.7887211940716685,0.5345049173519552,0.48562402083638895,0.08599296106869034,0.16939009882514286,0.02397991552518799,0.6039576681090949,0.1946368318397843,0.029268041928586803,0.008320522241472355
C:\Users\Fakhri\Downloads\klasifikasi_jenis_kain_glcm_knn\klasifikasi_jenis_kain_glcm_knn\dataset\Wool\wool_153.png,Wool,12.647706422657459,5.785178773184472,2.325330029558047,0.6387571559433038,0.4138164472322268,0.0776121405355162,0.12633876337179292,0.016641666320261025,0.5998985816530263,0.18258151780332255,0.016238428188228803,0.004354346729014721
C:\Users\Fakhri\Downloads\klasifikasi_jenis_kain_glcm_knn\klasifikasi_jenis_kain_glcm_knn\dataset\Wool\wool_154.png,Wool,13.617560713369672,7.315090244473715,2.4112902230526183,0.7596616510187908,0.40356546853514624,0.0881839520081133,0.11723899038810949,0.01808598260773581,0.6353881619810952,0.19549063686620644,0.014072083634110548,0.004452748944403724
C:\Users\Fakhri\Downloads\klasifikasi_jenis_kain_glcm_knn\klasifikasi_jenis_kain_glcm_knn\dataset\Wool\wool_155.png,Wool,12.819069990933896,5.966394204866745,2.3144529137185788,0.6362858902748582,0.41892665297145215,0.07645167631769871,0.12430025887269132,0.016432694373295385,0.6562230744218859,0.15954135146781162,0.015720587800184208,0.0042174056728605065
C:\Users\Fakhri\Downloads\klasifikasi_jenis_kain_glcm_knn\klasifikasi_jenis_kain_glcm_knn\dataset\Wool\wool_156.png,Wool,16.056225682552526,8.444270482893756,2.583154885258891,0.814491576307757,0.3958298839354409,0.08723101450582917,0.11752230994884207,0.0182650887456705,0.6606925346095002,0.17817390956976567,0.01414510680259892,0.004461075857902387
C:\Users\Fakhri\Downloads\klasifikasi_jenis_kain_glcm_knn\klasifikasi_jenis_kain_glcm_knn\dataset\Wool\wool_157.png,Wool,6.491280643659752,3.002459279395525,1.6424216460768812,0.4555145054798582,0.5072444512092528,0.07681582084773429,0.1821837835159145,0.02136258407036077,0.575838048770718,0.19639116305280246,0.03364729097433682,0.007911305122039207
C:\Users\Fakhri\Downloads\klasifikasi_jenis_kain_glcm_knn\klasifikasi_jenis_kain_glcm_knn\dataset\Wool\wool_158.png,Wool,7.82892469936451,4.037817099807608,1.9074164630137813,0.5861429733543945,0.45000632483751873,0.09007106872797596,0.14431944735319382,0.02062803217379922,0.5967617748505344,0.20766152195034338,0.021253618595694582,0.006201357804869815
C:\Users\Fakhri\Downloads\klasifikasi_jenis_kain_glcm_knn\klasifikasi_jenis_kain_glcm_knn\dataset\Wool\wool_159.png,Wool,7.894582001106195,3.48404817956507,1.8053520958961393,0.4840497785487703,0.48637679003007217,0.0749570436758729,0.1649902345738332,0.020207852788578735,0.6109995033193448,0.17166213260511,0.02763013481905337,0.006784385981964417
C:\Users\Fakhri\Downloads\klasifikasi_jenis_kain_glcm_knn\klasifikasi_jenis_kain_glcm_knn\dataset\Wool\wool_160.png,Wool,10.30996405191207,5.421359584654581,2.13730399380092,0.6836652292826182,0.43573538485016505,0.09272214958261231,0.14563051039632308,0.022296838402273193,0.5824034792475482,0.22004531409147446,0.021705394561030645,0.006727188887607878
C:\Users\Fakhri\Downloads\klasifikasi_jenis_kain_glcm_knn\klasifikasi_jenis_kain_glcm_knn\dataset\Wool\wool_161.png,Wool,27.887593973939204,16.223545072009987,3.7652353484448384,1.2539067121496268,0.27477831374745915,0.08175282836157412,0.06048756344380934,0.009805818782862059,0.6733628882097441,0.18994942199553436,0.00375489941337119,0.0012604207407417075
C:\Users\Fakhri\Downloads\klasifikasi_jenis_kain_glcm_knn\klasifikasi_jenis_kain_glcm_knn\dataset\Wool\wool_162.png,Wool,30.948855111173895,21.52716394881366,4.064579019446151,1.5745024871311917,0.246721579704294,0.09005624905248559,0.04826482320025597,0.00934614539674021,0.7583100326909472,0.16832231710938428,0.002416843592328976,0.0009971098091572862
C:\Users\Fakhri\Downloads\klasifikasi_jenis_kain_glcm_knn\klasifikasi_jenis_kain_glcm_knn\dataset\Wool\wool_163.png,Wool,26.087595136772325,14.920190531497923,3.672524326235371,1.1886269094271966,0.270161792658377,0.07922188439620079,0.055600078254152856,0.00897029472930802,0.7318771419696978,0.15351162912156602,0.0031718348893985723,0.0010597556046010143
C:\Users\Fakhri\Downloads\klasifikasi_jenis_kain_glcm_knn\klasifikasi_jenis_kain_glcm_knn\dataset\Wool\wool_164.png,Wool,40.163594497462164,28.112335358776818,4.499408478903562,1.76296545977391,0.2392971290107001,0.0886921668570059,0.04805905888115971,0.009128354996023828,0.729721096303781,0.18910165241634724,0.002393000005476209,0.0009631951522911345
C:\Users\Fakhri\Downloads\klasifikasi_jenis_kain_glcm_knn\klasifikasi_jenis_kain_glcm_knn\dataset\Wool\wool_165.png,Wool,25.10477903680749,14.524270704875255,3.5706225418810718,1.1547560224615376,0.2761131067360951,0.07918845759047335,0.057013737826092516,0.009254156314405158,0.7442179752533419,0.14794084378587546,0.003336205709993857,0.0011183011386372813
C:\Users\Fakhri\Downloads\klasifikasi_jenis_kain_glcm_knn\klasifikasi_jenis_kain_glcm_knn\dataset\Wool\wool_166.png,Wool,33.93773475587339,22.751637947712503,4.202622430137294,1.5699331718530238,0.24351155916127457,0.08585376020930097,0.04880932782334029,0.009082139475338905,0.7271127340505821,0.1828272545976677,0.0024648357400158098,0.0009749777046406209
C:\Users\Fakhri\Downloads\klasifikasi_jenis_kain_glcm_knn\klasifikasi_jenis_kain_glcm_knn\dataset\Wool\wool_167.png,Wool,35.76039249836693,19.61051850866973,4.273322131374848,1.348605134000995,0.2481963917282672,0.07245516946160645,0.05253275575147498,0.008220104926626842,0.6776274033388119,0.17674191587658009,0.002827260551848881,0.0009128722075577439
C:\Users\Fakhri\Downloads\klasifikasi_jenis_kain_glcm_knn\klasifikasi_jenis_kain_glcm_knn\dataset\Wool\wool_168.png,Wool,44.88446643058082,31.32443505828819,4.903518378696773,1.9038854834872068,0.2135977671488907,0.08131333039128832,0.039896874331525674,0.007689958958891036,0.7682059062825135,0.1617831440717823,0.0016508960502149806,0.0006783868060740058
C:\Users\Fakhri\Downloads\klasifikasi_jenis_kain_glcm_knn\klasifikasi_jenis_kain_glcm_knn\dataset\Wool\wool_169.png,Wool,26.88251003968593,14.294319828695803,3.7166767408742327,1.1453109356561428,0.27259832155950775,0.07620714039500365,0.06307692894864411,0.009542884229008836,0.6536448397540695,0.18407383156801765,0.004069765605000563,0.0012657895391465443
C:\Users\Fakhri\Downloads\klasifikasi_jenis_kain_glcm_knn\klasifikasi_jenis_kain_glcm_knn\dataset\Wool\wool_170.png,Wool,29.553826689756463,18.432028152694016,3.9715065198056596,1.3990305875624065,0.24898663057767448,0.08385062092386186,0.051412742978299675,0.009075498437069068,0.7224782655440861,0.17295789750747928,0.0027256348124339454,0.0010195777955885452
C:\Users\Fakhri\Downloads\klasifikasi_jenis_kain_glcm_knn\klasifikasi_jenis_kain_glcm_knn\dataset\Wool\wool_171.png,Wool,25.73000406219884,13.757069019831528,3.6500537714864314,1.1076838456358917,0.2695679784394986,0.07399531182496008,0.05661045028850622,0.0084973661293291,0.7174317051510896,0.15095857498401716,0.0032769483130033025,0.0010084211386296677
C:\Users\Fakhri\Downloads\klasifikasi_jenis_kain_glcm_knn\klasifikasi_jenis_kain_glcm_knn\dataset\Wool\wool_172.png,Wool,41.54180932626573,26.541712222159507,4.668277337462902,1.6805510751572603,0.22322657858174366,0.07960614199686655,0.04650517610242814,0.008135301180596582,0.6837512894021439,0.2020376428939224,0.00222891452961687,0.0008268748361074319
C:\Users\Fakhri\Downloads\klasifikasi_jenis_kain_glcm_knn\klasifikasi_jenis_kain_glcm_knn\dataset\Wool\wool_173.png,Wool,17.656391041330945,10.41684132071765,2.9895279448758636,1.006257643111082,0.3216291247236813,0.08875941969542593,0.0670720678552627,0.011153089595126552,0.755799463515542,0.14408584465705623,0.004623053693897883,0.0015648372529528383
C:\Users\Fakhri\Downloads\klasifikasi_jenis_kain_glcm_knn\klasifikasi_jenis_kain_glcm_knn\dataset\Wool\wool_174.png,Wool,16.187866797132305,11.504111953058105,2.877339980652502,1.1322206907880643,0.3244461480486604,0.10447450887353317,0.06538000077805076,0.01300320410115374,0.800751978909633,0.14150305696473278,0.004443627818634179,0.0018640323397485033
C:\Users\Fakhri\Downloads\klasifikasi_jenis_kain_glcm_knn\klasifikasi_jenis_kain_glcm_knn\dataset\Wool\wool_175.png,Wool,14.929695120246643,8.983425641196842,2.761207254174096,0.9429591019863043,0.33226314970807397,0.09262660156684183,0.06517220494230007,0.011139878181216565,0.8227834637617519,0.10660458645213385,0.0043715131829335065,0.001532429139641605
C:\Users\Fakhri\Downloads\klasifikasi_jenis_kain_glcm_knn\klasifikasi_jenis_kain_glcm_knn\dataset\Wool\wool_176.png,Wool,19.130552356124273,13.789251056272304,3.0908299998204973,1.2336228391892012,0.3138283492240243,0.10376162872170148,0.060076481524545526,0.01213396047503245,0.8178466953323392,0.1314967024197656,0.00375641662917871,0.0016002078810371987
C:\Users\Fakhri\Downloads\klasifikasi_jenis_kain_glcm_knn\klasifikasi_jenis_kain_glcm_knn\dataset\Wool\wool_177.png,Wool,5.178211259173501,2.1774389000921928,1.534282417781028,0.39295983382304345,0.5040684966644814,0.07608002150350375,0.17553126119055487,0.01984047741504466,0.5486596721687212,0.18957295494053936,0.031204868199203692,0.007058444498798551
C:\Users\Fakhri\Downloads\klasifikasi_jenis_kain_glcm_knn\klasifikasi_jenis_kain_glcm_knn\dataset\Wool\wool_178.png,Wool,9.813917530027178,4.962210974970127,2.0448650798964145,0.6244593736819865,0.46003486214599937,0.08527197528296769,0.1716676001108757,0.023940857308989164,0.5010535915190897,0.2519331371336112,0.030042929576516924,0.008375694541497045
C:\Users\Fakhri\Downloads\klasifikasi_jenis_kain_glcm_knn\klasifikasi_jenis_kain_glcm_knn\dataset\Wool\wool_179.png,Wool,7.310318130734739,3.143285520345358,1.8448053291322426,0.47942556929311964,0.4557805785919083,0.07705468037867562,0.15692807073197393,0.018681262444990795,0.5370430236061382,0.19876818520878942,0.024975408950198036,0.005962202166791095
C:\Users\Fakhri\Downloads\klasifikasi_jenis_kain_glcm_knn\klasifikasi_jenis_kain_glcm_knn\dataset\Wool\wool_180.png,Wool,14.496013977944948,7.607519718813706,2.4963285948313403,0.7949069704230664,0.4188105351848874,0.08706312250480894,0.14827345147112928,0.02265501521419747,0.5491760188346798,0.23597410832275287,0.022498266125516846,0.006807464176127892
C:\Users\Fakhri\Downloads\klasifikasi_jenis_kain_glcm_knn\klasifikasi_jenis_kain_glcm_knn\dataset\Wool\wool_181.png,Wool,7.905250840859311,3.7366599148549486,1.9627182651845716,0.5554157670557531,0.43508924577247304,0.08388252805686303,0.14050470257822736,0.018188136817050605,0.5630697550414535,0.2060878485637667,0.020072379767471882,0.005194119743779422
C:\Users\Fakhri\Downloads\klasifikasi_jenis_kain_glcm_knn\klasifikasi_jenis_kain_glcm_knn\dataset\Wool\wool_182.png,Wool,14.663700397481952,8.465856979654372,2.6009011786673493,0.9025082311318176,0.39498250072730273,0.0956439738456201,0.14012972525010012,0.022953059376958827,0.5114321497012672,0.28188863688928784,0.02016318283343074,0.006579777296548007
C:\Users\Fakhri\Downloads\klasifikasi_jenis_kain_glcm_knn\klasifikasi_jenis_kain_glcm_knn\dataset\Wool\wool_183.png,Wool,10.760495462471631,5.14910409107138,2.3195708493042937,0.6539440310918055,0.3913189197739871,0.08046786949231205,0.12566423529463797,0.016454443858632976,0.5582878426369958,0.21140224654782624,0.016062248754883036,0.004221140248495668
C:\Users\Fakhri\Downloads\klasifikasi_jenis_kain_glcm_knn\klasifikasi_jenis_kain_glcm_knn\dataset\Wool\wool_184.png,Wool,20.14100040271798,11.656125091414618,3.0089901486692514,1.0530595817207984,0.3751244064811314,0.09335534672006734,0.12491901688597158,0.02132544557116635,0.5863627181575383,0.23874016369214443,0.016059535408566427,0.005434890361084064
C:\Users\Fakhri\Downloads\klasifikasi_jenis_kain_glcm_knn\klasifikasi_jenis_kain_glcm_knn\dataset\Wool\wool_185.png,Wool,10.77137919025445,5.686169926156443,2.4177512908451506,0.738773078719914,0.35646185674230274,0.08785395238449069,0.09556651999131367,0.012810737415127591,0.6320636436488891,0.19393004114571233,0.009297074736369506,0.002514554568524032
C:\Users\Fakhri\Downloads\klasifikasi_jenis_kain_glcm_knn\klasifikasi_jenis_kain_glcm_knn\dataset\Wool\wool_186.png,Wool,18.15257921419805,12.206998861236645,3.071756738039135,1.2058937416997964,0.3185133165142379,0.10841886830175936,0.08854768559607823,0.01586212000581414,0.5939669697245485,0.27232492034793204,0.00809229947550077,0.0030404885658957765
C:\Users\Fakhri\Downloads\klasifikasi_jenis_kain_glcm_knn\klasifikasi_jenis_kain_glcm_knn\dataset\Wool\wool_187.png,Wool,13.634177863711296,7.143057568008407,2.753232737276695,0.8305576394080512,0.3202840526406723,0.08331032160013514,0.08312000129185648,0.011122519748901894,0.6358991135853782,0.1903396334237214,0.007032645060322935,0.001911950442500472
C:\Users\Fakhri\Downloads\klasifikasi_jenis_kain_glcm_knn\klasifikasi_jenis_kain_glcm_knn\dataset\Wool\wool_188.png,Wool,26.178837743731734,17.57903385634463,3.6584970473750698,1.4463336689111972,0.2852370545887624,0.10636718272518951,0.06839201705388318,0.013467741374109537,0.6647010361036645,0.22465729380899357,0.0048588480544185485,0.002012796907888405
C:\Users\Fakhri\Downloads\klasifikasi_jenis_kain_glcm_knn\klasifikasi_jenis_kain_glcm_knn\dataset\Wool\wool_189.png,Wool,10.77137919025445,5.686169926156443,2.4177512908451506,0.738773078719914,0.35646185674230274,0.08785395238449069,0.09556651999131367,0.012810737415127591,0.6320636436488891,0.19393004114571233,0.009297074736369506,0.002514554568524032
C:\Users\Fakhri\Downloads\klasifikasi_jenis_kain_glcm_knn\klasifikasi_jenis_kain_glcm_knn\dataset\Wool\wool_190.png,Wool,18.15257921419805,12.206998861236645,3.071756738039135,1.2058937416997964,0.3185133165142379,0.10841886830175936,0.08854768559607823,0.01586212000581414,0.5939669697245485,0.27232492034793204,0.00809229947550077,0.0030404885658957765
C:\Users\Fakhri\Downloads\klasifikasi_jenis_kain_glcm_knn\klasifikasi_jenis_kain_glcm_knn\dataset\Wool\wool_191.png,Wool,13.634177863711296,7.143057568008407,2.753232737276695,0.8305576394080512,0.3202840526406723,0.08331032160013514,0.08312000129185648,0.011122519748901894,0.6358991135853782,0.1903396334237214,0.007032645060322935,0.001911950442500472
C:\Users\Fakhri\Downloads\klasifikasi_jenis_kain_glcm_knn\klasifikasi_jenis_kain_glcm_knn\dataset\Wool\wool_192.png,Wool,26.178837743731734,17.57903385634463,3.6584970473750698,1.4463336689111972,0.2852370545887624,0.10636718272518951,0.06839201705388318,0.013467741374109537,0.6647010361036645,0.22465729380899357,0.0048588480544185485,0.002012796907888405
C:\Users\Fakhri\Downloads\klasifikasi_jenis_kain_glcm_knn\klasifikasi_jenis_kain_glcm_knn\dataset\Wool\wool_193.png,Wool,25.12562913181407,13.75612936917696,3.775932188698066,1.1765713907578115,0.2435448843624605,0.07421377717162046,0.05638213336695163,0.007775044193812666,0.6703592726751101,0.18043812377563268,0.0032393962752244603,0.000896324704067125
C:\Users\Fakhri\Downloads\klasifikasi_jenis_kain_glcm_knn\klasifikasi_jenis_kain_glcm_knn\dataset\Wool\wool_194.png,Wool,35.753606333863694,24.291812232763526,4.440875448578745,1.7367511616675553,0.22633927548606003,0.09068191724549718,0.052018950997984904,0.009355361268430057,0.6430337221076147,0.24215127660181918,0.0027934940473935965,0.001076287080299325
C:\Users\Fakhri\Downloads\klasifikasi_jenis_kain_glcm_knn\klasifikasi_jenis_kain_glcm_knn\dataset\Wool\wool_195.png,Wool,27.369502899691753,14.771895674410139,3.965705972594743,1.2115532199906038,0.23277907980890924,0.06899165032081198,0.05252891439172815,0.007232644137869679,0.6845422310343757,0.17022426738363772,0.0028115979883985656,0.0007791488896408452
C:\Users\Fakhri\Downloads\klasifikasi_jenis_kain_glcm_knn\klasifikasi_jenis_kain_glcm_knn\dataset\Wool\wool_196.png,Wool,46.70244704277158,31.236121282003765,5.066930426235234,1.9816619189561455,0.2035153702357667,0.08763098944206059,0.04270480982235392,0.007874655925157683,0.6806267345168114,0.21313782610082835,0.001885710987903037,0.0007468281445358395
C:\Users\Fakhri\Downloads\klasifikasi_jenis_kain_glcm_knn\klasifikasi_jenis_kain_glcm_knn\dataset\Wool\wool_197.png,Wool,24.75373937368954,13.741244458112977,3.6499823721350153,1.1581827003873113,0.26044513448746387,0.07761044338327992,0.05923416424813824,0.008650306502272538,0.6757082286371765,0.1799363371229673,0.0035835140167586755,0.0010543962993495597
C:\Users\Fakhri\Downloads\klasifikasi_jenis_kain_glcm_knn\klasifikasi_jenis_kain_glcm_knn\dataset\Wool\wool_198.png,Wool,37.16579255485993,26.852001532410604,4.505745042156941,1.829767366783649,0.22462980309269787,0.09420779396805266,0.053966803602143336,0.01029550565698598,0.6545764553490226,0.24941610354060925,0.0030184133277653406,0.001241231280879111
C:\Users\Fakhri\Downloads\klasifikasi_jenis_kain_glcm_knn\klasifikasi_jenis_kain_glcm_knn\dataset\Wool\wool_199.png,Wool,28.437202225541352,15.927249419965513,3.988452632794979,1.2641645966951565,0.23684548362176136,0.07212945143133602,0.0554468926618639,0.00803420386538774,0.6858863872611565,0.17582620226897788,0.0031389063376068694,0.0009173547479378527
C:\Users\Fakhri\Downloads\klasifikasi_jenis_kain_glcm_knn\klasifikasi_jenis_kain_glcm_knn\dataset\Wool\wool_200.png,Wool,44.192094459064144,31.149115599312363,4.789448790594517,1.9206211713040535,0.22635930401239135,0.09243378272617739,0.045453516602650935,0.00914068900038545,0.7821047367532299,0.1534775302919941,0.0021495743669492323,0.0009144124685387138
