image_path,label,glcm_contrast_mean,glcm_contrast_std,glcm_dissimilarity_mean,glcm_dissimilarity_std,glcm_homogeneity_mean,glcm_homogeneity_std,glcm_energy_mean,glcm_energy_std,glcm_correlation_mean,glcm_correlation_std,glcm_ASM_mean,glcm_ASM_std,rgb_mean_r,rgb_mean_g,rgb_mean_b,rgb_std_r,rgb_std_g,rgb_std_b,hsv_mean_h,hsv_mean_s,hsv_mean_v,hsv_std_h,hsv_std_s,hsv_std_v,hist_h_0,hist_h_1,hist_h_2,hist_h_3,hist_h_4,hist_h_5,hist_h_6,hist_h_7,hist_s_0,hist_s_1,hist_s_2,hist_s_3,hist_v_0,hist_v_1,hist_v_2,hist_v_3
C:\Users\Fakhri\OneDrive\Documents\SM 6\Prak PC\klasifikasi_jenis_kain_glcm_knn\dataset\Denim\denim_169.png,Denim,43.72863113529608,29.502010039040655,4.882946841075101,1.8147052830792163,0.20916379724718204,0.07018390784730959,0.038573699462172546,0.006419990384178326,0.8003918866704898,0.13455685367786055,0.0015291465667309526,0.0005058331702442336,96.76495361328125,109.31988525390625,124.15434265136719,40.466657565597565,42.45977493904954,42.52421863948049,106.236083984375,61.586761474609375,124.15434265136719,2.527688794409653,20.02514390613705,42.52421863948049,0.0,0.0,0.0,0.0,0.3310394287109206,0.0022939046223957164,0.0,0.0,0.18953450520832368,0.14369201660155517,0.00010681152343749457,0.0,0.021779378255207225,0.16083780924478347,0.12666829427082688,0.024047851562498775
C:\Users\Fakhri\OneDrive\Documents\SM 6\Prak PC\klasifikasi_jenis_kain_glcm_knn\dataset\Cotton\cotton_176.png,Cotton,5.772139136874633,3.3696845638433444,1.662773872638627,0.5538656597970236,0.47680891834166644,0.09424103658165635,0.14123795663609343,0.020162122180498492,0.6953953931109277,0.17790787123654472,0.020354671565560357,0.0057840232239436745,23.263046264648438,26.991226196289062,29.424057006835938,11.30509400821413,12.449844417627052,14.29721120661634,98.22817993164062,55.383056640625,29.632537841796875,16.622945694627845,18.589242390402454,14.094309063520512,0.0037129720052081444,0.0009867350260416164,0.005259195963541399,0.040379842122393775,0.24919128417967482,0.03281148274739416,0.0008595784505207896,0.00013224283854165994,0.22394307454425944,0.10884094238280696,0.000549316406249972,0.0,0.3267720540364417,0.006561279296874666,0.0,0.0
C:\Users\Fakhri\OneDrive\Documents\SM 6\Prak PC\klasifikasi_jenis_kain_glcm_knn\dataset\Nylon\nylon_116.png,Nylon,16.028525995609197,9.432170035216439,2.8755834617457183,0.9382072808357792,0.32146612313016504,0.0838657447398963,0.06379311638411884,0.010049062665410719,0.8442320410226559,0.091742879332895,0.004170545358451083,0.0013176486970252479,80.88917541503906,79.37200927734375,75.84327697753906,28.907688963609782,28.901505737606236,28.798576727195556,49.55030822753906,22.888961791992188,82.30398559570312,48.468957485067165,23.002352046950218,30.194967353023525,0.14039103190103452,0.07968648274739178,0.012196858723957713,0.009867350260416165,0.0431823730468728,0.022226969401040533,0.011739095052082735,0.014043172200520117,0.3063456217447761,0.026870727539061133,0.00011698404947916071,0.0,0.09768168131509919,0.20402018229165628,0.03133138020833174,0.0003000895182291514
C:\Users\Fakhri\OneDrive\Documents\SM 6\Prak PC\klasifikasi_jenis_kain_glcm_knn\dataset\Wool\wool_035.png,Wool,5.7758428055790425,2.170382058901257,1.633995814755994,0.3709850002601917,0.47787391690744974,0.06911946403201051,0.14235108005384733,0.01512120193073339,0.6322472392671009,0.1384239681932702,0.020492480740326866,0.004420795953747886,29.088577270507812,32.37947082519531,35.2325439453125,10.782524274314254,11.303881614895102,12.258137412958906,102.12667846679688,46.89588928222656,35.39732360839844,16.295923837509694,17.640444500466916,12.213956841995286,0.0028330485026040225,0.0007832845052082935,0.0036773681640623126,0.02605692545572784,0.23489888509113388,0.06136576334635104,0.003082275390624843,0.0006357828776041343,0.27372741699217357,0.05958048502603863,2.543131510416537e-05,0.0,0.3258921305338376,0.007415771484374623,2.543131510416537e-05,0.0
C:\Users\Fakhri\OneDrive\Documents\SM 6\Prak PC\klasifikasi_jenis_kain_glcm_knn\dataset\Cotton\cotton_195.png,Cotton,12.36335262618058,7.012919874316232,2.4762256825990625,0.7708582346443673,0.35696414438466123,0.08369075370585516,0.08480030195485809,0.012063232419327994,0.85853363719104,0.08014889275643534,0.007336612788037835,0.0021107344307564036,44.1922607421875,49.58024597167969,55.48765563964844,25.531779966316876,26.43860755176461,28.515658715070455,105.24607849121094,54.8427734375,55.50233459472656,7.229826640523443,14.619759395044158,28.500160522789574,0.00039164225260414674,5.594889322916382e-05,0.00020345052083332296,0.003300984700520665,0.3019510904947763,0.02713521321614445,0.00024922688802082063,4.577636718749767e-05,0.24165852864582102,0.091654459635412,2.03450520833323e-05,0.0,0.23353576660155062,0.09044392903645372,0.006724039713541324,0.0026295979817706995
C:\Users\Fakhri\OneDrive\Documents\SM 6\Prak PC\klasifikasi_jenis_kain_glcm_knn\dataset\Cotton\cotton_013.png,Cotton,2.098005359213201,1.0933155041127525,0.967764877932577,0.2879168691270981,0.6154222236545315,0.07892047433270669,0.20160725949186423,0.02155838876068897,0.8187773206100296,0.09434240743453678,0.04111025120577689,0.008805847198560339,19.139541625976562,23.2125244140625,24.626907348632812,8.749688620837512,9.675179570987263,11.376270608262434,94.19308471679688,60.09710693359375,24.967758178710938,14.693371035057728,18.556689041499325,11.109865930209986,0.002390543619791545,0.0007273356119791297,0.005335489908853895,0.07025655110676726,0.24017333984373776,0.01394653320312429,0.00042724609374997826,7.629394531249611e-05,0.1828002929687407,0.15010579427082568,0.00042724609374997826,0.0,0.33221944173175394,0.0011138916015624432,0.0,0.0
C:\Users\Fakhri\OneDrive\Documents\SM 6\Prak PC\klasifikasi_jenis_kain_glcm_knn\dataset\Denim\denim_136.png,Denim,55.55878683390933,37.32670682749238,5.393082376584245,1.988600962451264,0.20199153805170642,0.06521700094831259,0.03273542197120638,0.0055587581042593785,0.8489726023440394,0.10142552424020301,0.001102507643294611,0.00037119770058024044,110.4552001953125,115.88633728027344,124.16316223144531,53.52909708213824,54.36368337116693,55.340729288170266,107.81599426269531,32.57817077636719,124.16903686523438,5.833497642500727,15.576724020924383,55.33466206814572,0.0001780192057291576,2.543131510416537e-05,0.00014241536458332608,0.0011189778645832764,0.28522745768227714,0.046315511067705976,0.00028991699218748525,3.560384114583152e-05,0.31635538736977553,0.0169779459635408,0.0,0.0,0.05217488606770568,0.13138326009113915,0.09927876790364078,0.05049641927083076
C:\Users\Fakhri\OneDrive\Documents\SM 6\Prak PC\klasifikasi_jenis_kain_glcm_knn\dataset\Nylon\nylon_176.png,Nylon,10.948249838529838,6.359820969978068,2.437456720193119,0.7703631050021102,0.3560549323033922,0.08428049484200806,0.08049809040602936,0.011504916927134368,0.8045279599689469,0.11370985270554233,0.00661230567251754,0.0019151212335340795,92.26020812988281,45.22602844238281,50.810943603515625,24.72834020280417,19.488723562105516,21.953014342747927,169.85719299316406,135.4541473388672,92.26020812988281,33.08607919217959,25.162917707663507,24.72834020280417,0.012207031249999379,0.0,0.0,0.0,0.0,0.0,1.5258789062499222e-05,0.3211110432942545,0.00022888183593748834,0.14811197916665914,0.18486531575519893,0.00012715657552082686,0.0510559082031224,0.2571716308593619,0.025105794270832055,0.0
C:\Users\Fakhri\OneDrive\Documents\SM 6\Prak PC\klasifikasi_jenis_kain_glcm_knn\dataset\Cotton\cotton_133.png,Cotton,9.77134111300127,5.7864797022545655,2.279631587845776,0.7376394193476659,0.36904065479996445,0.08796259111577441,0.0634518516827102,0.009683187322376005,0.9487132045526164,0.03041363221497004,0.004119901598684875,0.001259382371238198,105.615966796875,95.3890380859375,98.85493469238281,37.894323404463904,39.77450153510081,39.01011719452962,129.10147094726562,30.497299194335938,105.75126647949219,66.01604743047359,14.830577791418625,38.068472036000564,0.072123209635413,0.0025634765624998695,0.00020853678385415606,0.00020345052083332296,0.0005391438802083058,0.004013061523437295,0.037958780924477235,0.2157236735025932,0.3266042073567542,0.006729125976562157,0.0,0.0,0.03117370605468591,0.21458435058592656,0.07740783691405856,0.010167439778645315
C:\Users\Fakhri\OneDrive\Documents\SM 6\Prak PC\klasifikasi_jenis_kain_glcm_knn\dataset\Cotton\cotton_106.png,Cotton,18.03586308977467,10.805814287691613,3.1951898913531895,1.061704481968444,0.27836570638238034,0.08043377863618145,0.05762058936950453,0.00910046607333046,0.8031950041331609,0.11795592236618017,0.003402950802040896,0.0010762369373363344,175.32220458984375,193.71649169921875,211.4722137451172,26.908246811284318,27.60669455004835,25.70326314351884,104.40559387207031,44.28375244140625,211.4898223876953,3.10505330673997,10.087228915252927,25.7298959450459,0.0,0.0,5.086263020833074e-05,0.002095540364583227,0.3311614990234206,2.543131510416537e-05,0.0,0.0,0.3284454345702958,0.004887898763020584,0.0,0.0,0.0,0.0007273356119791297,0.07318115234374627,0.259424845377591
C:\Users\Fakhri\OneDrive\Documents\SM 6\Prak PC\klasifikasi_jenis_kain_glcm_knn\dataset\Wool\wool_022.png,Wool,5.880192759496427,2.9780109948493942,1.6977902455908136,0.4873611652879932,0.4615018999653049,0.08305757651270407,0.11190438694053491,0.014991055126931324,0.7799465321332316,0.11138806283164528,0.012747323550355662,0.003439933303937083,38.54560852050781,41.922027587890625,50.53007507324219,13.460738941853153,14.689052839783576,17.34419900268334,111.74723815917969,60.80641174316406,50.53863525390625,8.969672072679495,15.43504898235206,17.331510574153636,0.0006357828776041343,0.0001576741536458253,0.0001780192057291576,0.0012715657552082686,0.18355814615884483,0.14456685384113846,0.0027516682942706934,0.00021362304687498913,0.1861673990885322,0.1471557617187425,1.017252604166615e-05,0.0,0.25833129882811184,0.07487996419270453,0.00012207031249999378,0.0
C:\Users\Fakhri\OneDrive\Documents\SM 6\Prak PC\klasifikasi_jenis_kain_glcm_knn\dataset\Wool\wool_100.png,Wool,53.68103119512989,27.373792729959312,5.095387691764189,1.5182591687508595,0.21745299828507214,0.06347274746246931,0.049873505046992665,0.0070237386047807245,0.6267576590530083,0.19010716569593833,0.0025366994096606903,0.0007247080423024906,83.4981689453125,83.83113098144531,79.25993347167969,33.291985362423915,34.31007143226846,33.626448710465525,47.82147216796875,20.798553466796875,84.92585754394531,40.04431505642226,13.81232904683849,34.146514424674166,0.0615132649739552,0.17296346028644952,0.032984415690102485,0.008427937825520404,0.015406290690103382,0.021779378255207225,0.011693318684895237,0.008565266927082897,0.3311716715494623,0.002161661783854057,0.0,0.0,0.09224955240884947,0.20174153645832307,0.03674825032551896,0.0025939941406248677
C:\Users\Fakhri\OneDrive\Documents\SM 6\Prak PC\klasifikasi_jenis_kain_glcm_knn\dataset\Nylon\nylon_019.png,Nylon,20.788992027463472,9.138567420428481,3.4067509959044195,0.8556704918653513,0.2775785540270588,0.06261509780636096,0.07221011712111174,0.008285620402707044,0.6507685835443573,0.15327574649210313,0.00528295252010243,0.0012327430842479174,57.59910583496094,62.80931091308594,69.39031982421875,20.829285526700282,21.949896879007742,23.50549694259746,106.77169799804688,45.03083801269531,69.39239501953125,4.979057927393665,12.161089596095508,23.504320492461858,1.017252604166615e-05,0.0,0.0,0.0005544026692708051,0.29791768391925566,0.03480529785156073,4.577636718749767e-05,0.0,0.30463663736977614,0.028696695963540204,0.0,0.0,0.1570281982421795,0.17139689127603294,0.004908243815103917,0.0
C:\Users\Fakhri\OneDrive\Documents\SM 6\Prak PC\klasifikasi_jenis_kain_glcm_knn\dataset\Wool\wool_167.png,Wool,35.76039249836693,19.61051850866973,4.273322131374848,1.348605134000995,0.2481963917282672,0.07245516946160645,0.05253275575147498,0.008220104926626842,0.6776274033388119,0.17674191587658009,0.002827260551848881,0.0009128722075577439,97.11260986328125,99.17829895019531,103.08285522460938,28.489239435221094,30.073335042917698,31.725571276242395,107.06217956542969,15.091842651367188,103.19314575195312,26.785643492389045,7.303244132837174,31.61802799400106,0.013305664062499322,0.0019429524739582344,0.0025075276692707055,0.005991617838541362,0.1813405354817616,0.10428365071614053,0.0183461507161449,0.005615234374999714,0.3333079020182122,2.543131510416537e-05,0.0,0.0,0.029586791992185994,0.2328898111979048,0.06910196940103815,0.0017547607421874107
C:\Users\Fakhri\OneDrive\Documents\SM 6\Prak PC\klasifikasi_jenis_kain_glcm_knn\dataset\Cotton\cotton_110.png,Cotton,1.3046313861510592,0.7393663815356583,0.6564744131763912,0.2269311975392515,0.730313080740039,0.0705317287103898,0.37730170375822225,0.027781479952457576,0.8882755994520072,0.06378011463566184,0.14312838628720612,0.020987673809562426,241.98556518554688,248.36456298828125,247.23841857910156,11.38393602405601,9.336025644428942,6.987498110749126,76.38882446289062,7.7603912353515625,249.52267456054688,16.075902182037826,4.915994167067923,7.726428510911486,0.0,0.0,0.14116414388020115,0.10019429524739074,0.09196980794270365,5.086263020833075e-06,0.0,0.0,0.3333333333333164,0.0,0.0,0.0,0.0,0.0,0.00013224283854165994,0.3332010904947747
C:\Users\Fakhri\OneDrive\Documents\SM 6\Prak PC\klasifikasi_jenis_kain_glcm_knn\dataset\Denim\denim_131.png,Denim,65.02372505116476,45.93334638589366,5.781087775546676,2.220052144801004,0.18968833631344484,0.07019058526231642,0.0339741849094336,0.005937131322312938,0.7855811824524012,0.15126359727112512,0.0011894947685987753,0.0004329446177992827,107.15901184082031,113.29898071289062,122.01921081542969,48.41604803725119,49.37723426451313,50.11476800434995,107.59230041503906,35.31187438964844,122.02153015136719,4.287887751073423,14.804788814450133,50.113162747112305,2.03450520833323e-05,0.0,3.0517578124998445e-05,0.0004933675130208082,0.29995727539060973,0.0327707926432275,5.086263020833074e-05,1.017252604166615e-05,0.31414286295571314,0.01919047037760319,0.0,0.0,0.04346211751301862,0.14474995930988846,0.10720825195311955,0.037913004557289735
C:\Users\Fakhri\OneDrive\Documents\SM 6\Prak PC\klasifikasi_jenis_kain_glcm_knn\dataset\Wool\wool_187.png,Wool,13.634177863711296,7.143057568008407,2.753232737276695,0.8305576394080512,0.3202840526406723,0.08331032160013514,0.08312000129185648,0.011122519748901894,0.6358991135853782,0.1903396334237214,0.007032645060322935,0.001911950442500472,92.95301818847656,47.347320556640625,52.463836669921875,18.70825200219758,16.785725900787906,17.953210966562605,168.82952880859375,128.6329803466797,92.95301818847656,35.68918361041729,23.04611130763584,18.70825200219758,0.014317830403645104,0.0,0.0,0.0,0.0,0.0,0.0,0.31901550292967124,0.000411987304687479,0.16409301757811665,0.16882832845051224,0.0,0.010945638020832775,0.30724080403644266,0.015146891276040896,0.0
C:\Users\Fakhri\OneDrive\Documents\SM 6\Prak PC\klasifikasi_jenis_kain_glcm_knn\dataset\Silk\silk_079.png,Silk,117.15523203081877,58.81225839425104,7.769576394688808,2.295464200802201,0.16562828405308488,0.05078803004862184,0.03718787874560386,0.006177023531268448,0.5707987879555662,0.21538373680272707,0.0014210939453035791,0.00047439379100265615,132.2401123046875,127.45246887207031,114.35847473144531,44.15797045687449,47.30834522471906,50.6713033558323,29.26153564453125,42.974029541015625,132.8081512451172,22.511271481983105,24.882283218415854,45.050717215890856,0.16815694173176227,0.13227844238280576,0.00620524088541635,0.004480997721353939,0.017807006835936594,0.003484090169270656,0.0006408691406249674,0.0002797444661458191,0.24931844075519563,0.08401489257812073,0.0,0.0,0.00037129720052081445,0.1786346435546784,0.10883585611978612,0.04549153645833102
C:\Users\Fakhri\OneDrive\Documents\SM 6\Prak PC\klasifikasi_jenis_kain_glcm_knn\dataset\Denim\denim_125.png,Denim,56.45341513766228,40.50940583085862,5.413713138298697,2.1048842563213563,0.19969946304614303,0.0742814120829673,0.03629918315522546,0.006449250760901135,0.7863022469105658,0.15295976020786908,0.0013592235331135883,0.0005049941359850573,97.039306640625,105.15948486328125,112.01539611816406,44.577163958026055,46.33507125808232,46.86172329321064,103.42897033691406,38.491424560546875,112.02516174316406,4.891120053004158,15.745758541813405,46.856236073292386,1.5258789062499222e-05,5.086263020833075e-06,7.120768229166304e-05,0.001917521158854069,0.323623657226546,0.007675170898437109,2.543131510416537e-05,0.0,0.304153442382797,0.029179890950519347,0.0,0.0,0.058832804361976174,0.15338643391926302,0.10131327311197401,0.019800821940103158
C:\Users\Fakhri\OneDrive\Documents\SM 6\Prak PC\klasifikasi_jenis_kain_glcm_knn\dataset\Wool\wool_013.png,Wool,4.564251631385431,2.5832931018106358,1.4860566120482746,0.4697665433185662,0.4979284589246633,0.08998626848570172,0.12100643193648432,0.0171780965498612,0.8274251291471534,0.09755804222386319,0.014937643571075356,0.004247110962354274,33.45556640625,39.62420654296875,47.80223083496094,13.221477750158412,14.621952598183045,17.54866442424967,106.55282592773438,77.4210205078125,47.812469482421875,5.539984051289904,15.918137557649981,17.53236894211262,3.0517578124998445e-05,2.543131510416537e-05,5.086263020833074e-05,0.0022989908854165494,0.30179341634113044,0.029057820638019354,7.120768229166304e-05,5.086263020833075e-06,0.05781046549478872,0.2753041585286318,0.0002187093098958222,0.0,0.272343953450507,0.0609283447265594,6.103515624999689e-05,0.0
C:\Users\Fakhri\OneDrive\Documents\SM 6\Prak PC\klasifikasi_jenis_kain_glcm_knn\dataset\Silk\silk_156.png,Silk,24.788646616434832,9.48306438061078,3.4906805720285097,0.7848968314878916,0.2940937802704127,0.057801880880859136,0.051700094206156864,0.006062305240540106,0.905386790100365,0.03623055532439898,0.0027096512857549744,0.0006486152305833183,175.9838104248047,170.96270751953125,130.1488037109375,42.38022382338303,46.76473274959232,51.051134820759785,27.359603881835938,73.49212646484375,176.49185180664062,3.3162986200621827,28.383883375387256,43.11957295182258,0.0033823649088539944,0.3298645019531082,8.646647135416227e-05,0.0,0.0,0.0,0.0,0.0,0.1270090738932227,0.20631917317707282,5.086263020833075e-06,0.0,0.0,0.050598144531247426,0.15399169921874215,0.12874348958332676
C:\Users\Fakhri\OneDrive\Documents\SM 6\Prak PC\klasifikasi_jenis_kain_glcm_knn\dataset\Denim\denim_140.png,Denim,59.00151067254342,41.9827342215314,5.604702047266212,2.1610839314555097,0.1901289627523692,0.07536611584808703,0.03276948838603574,0.00626054424968873,0.8073589036859278,0.13691913620597726,0.001113033783384842,0.00044970438082711945,135.70677185058594,142.384521484375,156.41744995117188,49.57491144734954,49.54256913907402,48.999644594138154,110.32928466796875,37.542694091796875,156.41860961914062,3.068413546986673,16.068639648201128,49.00178179929458,0.0,0.0,3.0517578124998445e-05,0.00014241536458332608,0.2596435546874868,0.0735066731770796,1.017252604166615e-05,0.0,0.3091990152994634,0.024134318033852936,0.0,0.0,0.0038706461588539696,0.10315958658853641,0.13467407226561814,0.09162902832030784
C:\Users\Fakhri\OneDrive\Documents\SM 6\Prak PC\klasifikasi_jenis_kain_glcm_knn\dataset\Wool\wool_185.png,Wool,10.77137919025445,5.686169926156443,2.4177512908451506,0.738773078719914,0.35646185674230274,0.08785395238449069,0.09556651999131367,0.012810737415127591,0.6320636436488891,0.19393004114571233,0.009297074736369506,0.002514554568524032,86.381591796875,41.42579650878906,44.725738525390625,16.830410360293364,14.789571742219382,15.54055914827697,153.64186096191406,136.38438415527344,86.381591796875,60.16975207626704,22.55656071017769,16.830410360293364,0.044647216796872724,0.0,0.0,0.0,0.0,0.0,0.0,0.28868611653644366,9.155273437499534e-05,0.12831115722655598,0.20489501953123956,3.560384114583152e-05,0.021153767903644757,0.3082885742187343,0.003890991210937302,0.0
C:\Users\Fakhri\OneDrive\Documents\SM 6\Prak PC\klasifikasi_jenis_kain_glcm_knn\dataset\Cotton\cotton_157.png,Cotton,13.403332949406156,7.04418554095177,2.6877424597112802,0.7852942429018831,0.33307836377138067,0.07807089895104538,0.07775433879500525,0.010555868244741985,0.6927938665559473,0.1611625209628732,0.006157163555848811,0.0017087547370185487,41.53089904785156,48.11137390136719,53.02049255371094,17.27841872106905,18.93966575074666,20.81694665221679,101.4681396484375,56.97944641113281,53.09913635253906,8.29914733513413,14.676253441331653,20.717571209537546,0.00030517578124998444,0.0001983642578124899,0.0013275146484374323,0.014104207356770116,0.3082580566406093,0.009038289388020372,9.155273437499534e-05,1.017252604166615e-05,0.22577921549478017,0.10754394531249452,1.017252604166615e-05,0.0,0.2302296956380091,0.10298665364582808,0.00011698404947916071,0.0
C:\Users\Fakhri\OneDrive\Documents\SM 6\Prak PC\klasifikasi_jenis_kain_glcm_knn\dataset\Silk\silk_045.png,Silk,84.13036657529112,33.1041914192761,6.753751072476651,1.6475252692896738,0.16674329755162864,0.05051079674755078,0.042217524776522825,0.004905320473680561,0.29988718357408145,0.2749755004342154,0.0018063815672058276,0.0004646607517553893,76.78775024414062,109.10931396484375,122.39149475097656,29.409493338529064,31.562339223226065,33.61280718981181,98.54945373535156,98.87248229980469,122.39216613769531,1.9173668879841184,22.675455671194488,33.61207801678351,5.086263020833075e-06,0.0,0.0,0.00015258789062499222,0.3331756591796705,0.0,0.0,0.0,0.023422241210936307,0.27757263183592334,0.032338460286456684,0.0,0.0025533040364582034,0.19200134277342773,0.12884521484374345,0.009933471679686993
C:\Users\Fakhri\OneDrive\Documents\SM 6\Prak PC\klasifikasi_jenis_kain_glcm_knn\dataset\Silk\silk_125.png,Silk,21.700378379860734,14.379472462722074,3.225183138570056,1.1848370060968594,0.31770166850096143,0.08812556626244529,0.0530881359962852,0.008792228003141975,0.9300187013359675,0.04647430675802483,0.002895653456819308,0.0009521159048462007,180.82623291015625,184.77320861816406,201.14759826660156,48.97836528939579,50.996396734059964,47.22310995993107,110.91236877441406,28.376998901367188,201.34158325195312,12.921292670960927,12.812422879990866,47.42958476334676,1.017252604166615e-05,0.0,0.009114583333332869,0.013936360677082624,0.11415608723957751,0.1960296630859275,8.646647135416227e-05,0.0,0.33197021484373307,0.0013631184895832639,0.0,0.0,0.0,0.03454081217447741,0.08596801757812063,0.21282450358071833
C:\Users\Fakhri\OneDrive\Documents\SM 6\Prak PC\klasifikasi_jenis_kain_glcm_knn\dataset\Denim\denim_163.png,Denim,37.70978701184144,24.025233156199924,4.415893970251159,1.5153239709002537,0.2324424691954211,0.06781580821577307,0.041907801984891614,0.006407932106539962,0.8334616102278495,0.10596924127494477,0.0017973254610869113,0.0005499616445667636,96.15762329101562,104.49455261230469,119.50238037109375,41.61039441013114,42.75177463264058,43.869313037831894,109.33865356445312,54.615325927734375,119.50241088867188,2.4361973269066164,17.20963346109957,43.869287992868095,5.086263020833075e-06,0.0,0.0,1.017252604166615e-05,0.3037668863932137,0.02954610188801933,5.086263020833075e-06,0.0,0.2352142333984255,0.09810892740884918,1.017252604166615e-05,0.0,0.026412963867186154,0.17487080891926193,0.10768127441405702,0.024368286132811258
C:\Users\Fakhri\OneDrive\Documents\SM 6\Prak PC\klasifikasi_jenis_kain_glcm_knn\dataset\Denim\denim_124.png,Denim,42.1739593024836,29.236686291335033,4.793531743365105,1.775315665494874,0.21032381686750132,0.07334956476097029,0.04025109307123671,0.006905663310027158,0.7814119477542075,0.15130460646654115,0.0016678386791808154,0.0005970421194600419,99.30349731445312,107.34907531738281,120.12521362304688,38.51455124928733,39.445221826753155,40.42007481151494,108.39573669433594,47.87644958496094,120.12554931640625,3.278257491514376,17.21059643661193,40.41989332228773,5.086263020833074e-05,0.0,1.017252604166615e-05,7.629394531249611e-05,0.3093922932942551,0.023722330729165457,7.629394531249611e-05,5.086263020833075e-06,0.27089436848956955,0.06243896484374682,0.0,0.0,0.021845499674478054,0.17702229817707432,0.11582438151041077,0.018641153971353217
C:\Users\Fakhri\OneDrive\Documents\SM 6\Prak PC\klasifikasi_jenis_kain_glcm_knn\dataset\Cotton\cotton_063.png,Cotton,6.283868457157002,4.917100632029116,1.617311677925074,0.678686391054635,0.5115711850038507,0.10570222669762996,0.1447052268214476,0.020259146024594474,0.9538916074237177,0.03600423805836414,0.02135003566709244,0.005934597942903541,215.81063842773438,223.7991943359375,226.78195190429688,34.72019811768648,33.11840786904759,28.664686942943625,90.10481262207031,14.461334228515625,227.78240966796875,15.147560654503204,12.667963342276462,29.416094188686362,1.017252604166615e-05,1.017252604166615e-05,0.04611714680989348,0.06792195638020487,0.2190348307291555,0.0002390543619791545,0.0,0.0,0.33267211914060807,0.0006612141927082997,0.0,0.0,0.0,0.0033976236979164935,0.03559875488281069,0.2943369547525892
C:\Users\Fakhri\OneDrive\Documents\SM 6\Prak PC\klasifikasi_jenis_kain_glcm_knn\dataset\Silk\silk_061.png,Silk,24.269667915884025,10.685206853032803,3.40641023862238,0.8787050320851829,0.32253474059612414,0.06493268161541373,0.08668531392325367,0.01141853279182684,0.6488809644276882,0.15504273955595788,0.007644726541091063,0.0020293174466192703,62.91130065917969,47.96598815917969,84.95826721191406,24.90712956181542,22.164889030174688,32.9448643621816,134.2730712890625,115.51750183105469,85.27493286132812,10.733156087126517,16.66804332533625,32.627536311957506,0.0,0.0,0.0,0.0,0.0,0.17576599121092856,0.15320841471353386,0.004358927408853945,0.0013326009114582654,0.2523600260416538,0.07964070638020428,0.0,0.10193379720051564,0.1909230550130111,0.03896586100260218,0.001510620117187423
C:\Users\Fakhri\OneDrive\Documents\SM 6\Prak PC\klasifikasi_jenis_kain_glcm_knn\dataset\Denim\denim_094.png,Denim,9.716159012604868,5.627528477456657,2.0329382405570757,0.6878614446726073,0.4377437042801023,0.09494223149702086,0.13194392377814992,0.01958886835798016,0.6657032281742211,0.19357574941096203,0.017792922785520516,0.005303462526112785,27.954727172851562,32.315216064453125,38.0958251953125,13.971159889117857,15.38036334344498,17.860691652382183,105.80793762207031,68.36029052734375,38.1357421875,10.122983009790572,18.503950705524183,17.815475884525974,0.0009918212890624495,8.13802083333292e-05,0.000615437825520802,0.009104410807291203,0.26866658528644466,0.053395589192705616,0.0004323323567708113,4.577636718749767e-05,0.12066650390624385,0.21255493164061418,0.00011189778645832764,0.0,0.30555725097654696,0.026936848958331962,0.0008138020833332918,2.543131510416537e-05
C:\Users\Fakhri\OneDrive\Documents\SM 6\Prak PC\klasifikasi_jenis_kain_glcm_knn\dataset\Cotton\cotton_001.png,Cotton,30.484750946989223,16.745671586025875,4.095961021924193,1.2435714428864544,0.23541326345148503,0.06537701518102079,0.05572482600151884,0.007170478886022897,0.651533842398226,0.19132581749429098,0.0031566720003544497,0.0008251780459306119,67.53814697265625,73.38774108886719,75.15872192382812,26.545306542710136,26.85568667843144,24.576605468496954,89.60511779785156,34.719696044921875,76.46708679199219,21.808265898021997,19.344488645901688,25.67370413394155,0.0026346842447915325,0.016962687174478304,0.030451456705727617,0.05932617187499698,0.21500142415363488,0.00857035319010373,0.0002695719401041529,0.00011698404947916071,0.3071645100911302,0.026168823242186168,0.0,0.0,0.11469523111978583,0.2048848470051979,0.013753255208332633,0.0
C:\Users\Fakhri\OneDrive\Documents\SM 6\Prak PC\klasifikasi_jenis_kain_glcm_knn\dataset\Nylon\nylon_083.png,Nylon,3.6147007865583602,1.2883412165474064,1.426870521213072,0.27842278346441995,0.4823587930044961,0.057722460640818596,0.08855592150553232,0.008217521079225227,0.9571319468307379,0.015323206030132326,0.007909678886381515,0.0014929364536981008,93.51382446289062,105.45335388183594,122.58174133300781,24.385786586618845,26.175124973935876,29.9573789117865,107.65315246582031,61.01493835449219,122.58174133300781,2.174068729316367,7.290559506965174,29.9573789117865,0.0,0.0,0.0,0.0,0.3279418945312333,0.005391438802083059,0.0,0.0,0.2080383300781144,0.12529500325520196,0.0,0.0,0.0,0.19491068522134425,0.13762919108072216,0.0007934570312499596
C:\Users\Fakhri\OneDrive\Documents\SM 6\Prak PC\klasifikasi_jenis_kain_glcm_knn\dataset\Nylon\nylon_191.png,Nylon,14.538586693800818,7.415155209290902,2.868924411272219,0.8200874545721286,0.3074323972719482,0.07481810490529137,0.07873388598146261,0.009877756486968987,0.6124857608586044,0.19741611612034837,0.006296594874957811,0.0016059786307595957,45.063262939453125,53.94026184082031,72.7823486328125,15.890177384219696,17.64588551104076,19.638865796103435,110.52883911132812,100.3231201171875,72.7823486328125,2.3167108716214577,17.66838269209499,19.638865796103435,0.0,0.0,0.0,0.0,0.2694905598958196,0.06384277343749675,0.0,0.0,0.0025177001953123716,0.30530293782550527,0.025512695312498702,0.0,0.1176605224609315,0.21423848470050993,0.001434326171874927,0.0
C:\Users\Fakhri\OneDrive\Documents\SM 6\Prak PC\klasifikasi_jenis_kain_glcm_knn\dataset\Nylon\nylon_117.png,Nylon,11.756327787217954,7.369027760490455,2.4864883945676604,0.8531664870466982,0.35157278431600547,0.0903737572499642,0.06687966374013163,0.011072373862323728,0.8856957109555136,0.07162366952514772,0.004595486884940146,0.0015116401243021862,79.09159851074219,81.42471313476562,76.93800354003906,27.2516230204076,29.49727618934055,29.899291592978727,63.361114501953125,28.024703979492188,83.23056030273438,35.59138093489397,22.881163054922038,30.219821532073183,0.047251383463539263,0.0896402994791621,0.025304158528644545,0.04117838541666457,0.11823018391926482,0.009592692057291179,0.0014190673828124278,0.0007171630859374635,0.29842122395831816,0.034764607747394066,0.00014750162760415915,0.0,0.09313456217447443,0.20973714192707266,0.03035990397135262,0.00010172526041666148
C:\Users\Fakhri\OneDrive\Documents\SM 6\Prak PC\klasifikasi_jenis_kain_glcm_knn\dataset\Denim\denim_010.png,Denim,18.988984639593912,9.907732742127486,3.1665384434485535,0.9007892041197904,0.2952300299585929,0.06904507255010511,0.0722123480433451,0.008691965757082401,0.6830651547509569,0.1652558947072336,0.005290173478655502,0.0012830866996920507,46.39537048339844,56.339813232421875,71.94302368164062,19.875920709511014,22.315540389700917,25.28182978972811,108.361572265625,93.84742736816406,71.94302368164062,2.616937323612314,18.143269107340835,25.28182978972811,0.0,0.0,0.0,0.0,0.314239501953109,0.01909383138020736,0.0,0.0,0.018773396809894878,0.3059082031249844,0.00865173339843706,0.0,0.13939921061197208,0.18321228027342817,0.010396321614582803,0.0003255208333333168
C:\Users\Fakhri\OneDrive\Documents\SM 6\Prak PC\klasifikasi_jenis_kain_glcm_knn\dataset\Silk\silk_157.png,Silk,58.153170695930896,27.51347411841426,5.2370555756172665,1.4410172729496564,0.24195415855620517,0.053129981285835,0.052236378400423174,0.006562352601115773,0.7307975878746039,0.12722325564475143,0.0027717037000535676,0.000706518521105987,120.03755187988281,117.54747009277344,103.72756958007812,40.3042541274222,41.83270848604816,43.57812185343498,26.531402587890625,40.95501708984375,120.36201477050781,7.074396021076333,18.87388087728184,40.668130687717785,0.07123819986978804,0.25706990559894527,0.003941853841145633,0.0005594889322916382,0.00026448567708331987,7.120768229166304e-05,9.155273437499534e-05,9.663899739582841e-05,0.28945922851561023,0.0438741048177061,0.0,0.0,0.0026143391927082003,0.2002716064453023,0.10863749186197363,0.021809895833332222
C:\Users\Fakhri\OneDrive\Documents\SM 6\Prak PC\klasifikasi_jenis_kain_glcm_knn\dataset\Denim\denim_160.png,Denim,39.49203320306379,28.69332226827603,4.511050513923446,1.6943124427394076,0.23005700105053303,0.07202285012021678,0.038457309337296436,0.0065454263784035915,0.8784143173185338,0.0883417087487168,0.001521807247939609,0.0005290972734330574,105.83248901367188,114.18002319335938,128.75502014160156,49.97796924685206,51.19907407021507,52.658476029849,108.9312744140625,50.41398620605469,128.75601196289062,2.9284175892520303,17.778114571882494,52.660372936396925,0.0,0.0,5.086263020833075e-06,0.00013224283854165994,0.3034413655598804,0.029754638671873484,0.0,0.0,0.2526550292968621,0.08067830403645422,0.0,0.0,0.03177388509114421,0.14798990885415914,0.10197957356770314,0.05158996582030987
C:\Users\Fakhri\OneDrive\Documents\SM 6\Prak PC\klasifikasi_jenis_kain_glcm_knn\dataset\Silk\silk_195.png,Silk,139.25829519580077,101.46636438949186,8.139155023442326,3.6919794587538264,0.1810554338021464,0.0886037541515535,0.045566349792583116,0.010562217787436351,0.5297660081425947,0.342064953043091,0.0021878526780092764,0.0010657707077038042,97.17195129394531,94.66903686523438,93.49887084960938,47.18676098873816,48.800901381135894,51.32511137888298,51.130889892578125,21.019012451171875,98.37934875488281,56.14692585634876,13.81165946258263,48.97415600810128,0.18044535319009497,0.047063191731768435,0.0036722819010414796,0.0012868245442707678,0.0222218831380197,0.03880310058593552,0.015630086263020038,0.024210611979165433,0.3315531412760248,0.001780192057291576,0.0,0.0,0.09795633951822418,0.14499918619790927,0.07102457682291305,0.019353230794269847
C:\Users\Fakhri\OneDrive\Documents\SM 6\Prak PC\klasifikasi_jenis_kain_glcm_knn\dataset\Silk\silk_121.png,Silk,31.839319079250902,17.834266531649707,3.9169058118595843,1.2277117787429,0.2753681429498292,0.07087935313525467,0.04586657528496312,0.007159096153253515,0.8503776627930506,0.08455910238367985,0.0021549953861027186,0.000685026883007177,173.6637420654297,167.14540100097656,178.16163635253906,40.26396418119277,42.42890377466218,42.1884358233341,129.35240173339844,21.19305419921875,179.27610778808594,24.46923150480086,12.20974624699497,41.32957501847097,0.001154581705729108,0.00028991699218748525,0.0012257893880207708,0.006642659505207995,0.09796142578124502,0.05566406249999717,0.1312408447265558,0.03915405273437301,0.3305358886718582,0.002797444661458191,0.0,0.0,0.006861368815103817,0.01267496744791602,0.18322753906249067,0.13056945800780584
C:\Users\Fakhri\OneDrive\Documents\SM 6\Prak PC\klasifikasi_jenis_kain_glcm_knn\dataset\Silk\silk_194.png,Silk,69.78606305915943,52.57292245168559,6.212131769984707,2.6716047727583057,0.17404365555966284,0.08595309198579142,0.04656788472019723,0.008788255892334451,0.5808220194534094,0.31559669114966216,0.00224580132894273,0.0009105855783931223,94.02342224121094,91.11163330078125,89.47831726074219,34.56222430251357,37.02420309949027,38.48260366377253,46.8780517578125,21.123764038085938,94.92628479003906,55.58079097492609,14.47631751400921,36.03397649699183,0.19620768229165667,0.03850301106770637,0.007074991861978806,0.004659016927083096,0.026204427083332,0.020594278971353117,0.010106404622395319,0.029983520507810973,0.3309936523437331,0.002339680989583214,0.0,0.0,0.06983947753905895,0.19691467285155248,0.06359354654947592,0.0029856363932290147
C:\Users\Fakhri\OneDrive\Documents\SM 6\Prak PC\klasifikasi_jenis_kain_glcm_knn\dataset\Silk\silk_105.png,Silk,34.365506624713525,17.56540696390566,4.244962939661666,1.2180296583973966,0.24403518448838948,0.06284785287023127,0.05020328513222935,0.007192234937306861,0.7216217192434401,0.14220574797356209,0.002572098081461339,0.000749901157705267,75.919189453125,96.46559143066406,135.69960021972656,27.120360939117564,33.3380838106239,33.73609084534814,109.8294677734375,115.71769714355469,135.69960021972656,2.820713191746772,18.06012437867413,33.73609084534814,0.0,0.0,0.0,0.0,0.268870035807278,0.06446329752603838,0.0,0.0,0.0019226074218749022,0.24598693847654998,0.08542378743489148,0.0,0.0005340576171874728,0.14454650878905514,0.16852315266926224,0.019729614257811494
C:\Users\Fakhri\OneDrive\Documents\SM 6\Prak PC\klasifikasi_jenis_kain_glcm_knn\dataset\Cotton\cotton_191.png,Cotton,8.096590216231705,4.38828228504779,2.0983785527304453,0.6232329706420506,0.3885270408538275,0.08314105309867041,0.10268539078725464,0.013081915520417873,0.674556987958344,0.17624801077778685,0.010715425994814556,0.002754574343299609,36.764862060546875,42.84883117675781,47.35040283203125,12.892659950847655,14.406450909098224,15.69782605973798,102.31167602539062,57.8614501953125,47.37957763671875,6.8555118249018125,12.926812350135103,15.670486343864695,0.0002187093098958222,4.06901041666646e-05,0.0002187093098958222,0.006327311197916344,0.3141682942708173,0.012232462565103543,0.00011698404947916071,1.017252604166615e-05,0.22179158528644705,0.11154174804686932,0.0,0.0,0.28066507975258986,0.052668253580726486,0.0,0.0
C:\Users\Fakhri\OneDrive\Documents\SM 6\Prak PC\klasifikasi_jenis_kain_glcm_knn\dataset\Denim\denim_089.png,Denim,6.041309066035712,2.8950644114906963,1.6745107067495513,0.45913005044974164,0.4726859035585072,0.08010468625650209,0.156018931056309,0.017776219181819278,0.6106452728179771,0.1863503832410993,0.024657900816353388,0.005692203888188793,21.206130981445312,27.97686767578125,34.53153991699219,9.574385594158613,11.309156351638729,14.466106293943056,103.32049560546875,98.16668701171875,34.566375732421875,6.222152696471161,20.69904703022957,14.424798712445396,2.543131510416537e-05,0.0,0.00012715657552082686,0.008092244466145421,0.32018025716144205,0.00489807128906225,1.017252604166615e-05,0.0,0.01603190104166585,0.2916870117187351,0.025614420572915363,0.0,0.31901550292967124,0.014282226562499273,3.560384114583152e-05,0.0
C:\Users\Fakhri\OneDrive\Documents\SM 6\Prak PC\klasifikasi_jenis_kain_glcm_knn\dataset\Cotton\cotton_008.png,Cotton,62.33437583801322,34.38849312559833,5.58471070270684,1.731449523794427,0.20120736863965927,0.05823271829411406,0.03143103493286735,0.004758574248736691,0.8750257428185839,0.06893973787069509,0.0010105539858318677,0.0003106361589152935,134.154052734375,135.99501037597656,141.28433227539062,63.224018376631406,62.98043269514151,64.16130668116892,110.71286010742188,16.996749877929688,141.47454833984375,24.294053356012892,11.443034054696168,64.17354152452204,0.00855509440104123,0.001642862955729083,0.0022226969401040533,0.00732930501302046,0.15638732910155453,0.1271921793619727,0.02084350585937394,0.009160359700520367,0.3327738444010247,0.0005594889322916382,0.0,0.0,0.04831949869791421,0.0988362630208283,0.08763631184895387,0.09854125976561998
C:\Users\Fakhri\OneDrive\Documents\SM 6\Prak PC\klasifikasi_jenis_kain_glcm_knn\dataset\Wool\wool_083.png,Wool,11.13356365055774,6.469671809498459,2.3723961742709974,0.7629448493902344,0.36715141576548116,0.08757719862090795,0.06556194889228191,0.010382168474867549,0.8986925891794337,0.05918656743615594,0.004406158564794718,0.001403695852189095,81.39117431640625,85.67276000976562,91.56512451171875,28.589466640179914,29.783556568497144,32.30088022844719,106.86141967773438,28.485321044921875,91.58140563964844,8.271762155453343,8.337031945899554,32.27968011184798,0.0005594889322916382,9.663899739582841e-05,0.00036112467447914825,0.003224690755208169,0.2798411051432149,0.04846191406249753,0.0006815592447916319,0.00010681152343749457,0.33251953124998307,0.0008138020833332918,0.0,0.0,0.06642659505207996,0.22085571289061376,0.045262654622393525,0.0007883707682291265
C:\Users\Fakhri\OneDrive\Documents\SM 6\Prak PC\klasifikasi_jenis_kain_glcm_knn\dataset\Wool\wool_019.png,Wool,4.831676328553875,2.591587368416751,1.5406730106637647,0.4662586918266494,0.48552287348429884,0.08737536070960333,0.11438782717175466,0.015748966758232032,0.8423418434110177,0.08455286689169261,0.013332604959027118,0.0036656901529163568,36.57255554199219,41.49005126953125,49.25128173828125,14.436480596782024,15.70895876236748,18.62002554080821,107.96635437011719,65.9658203125,49.26426696777344,8.110239382387674,16.55992362659,18.599980967674696,0.0005187988281249735,7.120768229166304e-05,0.0002797444661458191,0.0024922688802082064,0.2650095621744657,0.06384785970051758,0.001022338867187448,9.155273437499534e-05,0.14331563313801354,0.189982096354157,3.560384114583152e-05,0.0,0.259516398111966,0.07367960611978791,0.000137329101562493,0.0
C:\Users\Fakhri\OneDrive\Documents\SM 6\Prak PC\klasifikasi_jenis_kain_glcm_knn\dataset\Silk\silk_162.png,Silk,11.697906470582575,5.722643069347018,2.181013632248598,0.6202144784201241,0.44790926240598083,0.07755970209704366,0.13227780618614957,0.016334417828566792,0.8821664888609759,0.05786042032904068,0.01776423121521875,0.004360687178742886,92.63236999511719,40.11180114746094,45.17637634277344,36.609088175881965,24.299746060077535,27.84615356236528,162.64788818359375,152.22811889648438,92.63236999511719,48.39514098368983,22.86557116769464,36.609088175881965,0.027257283528644444,0.0,0.0,0.0,0.0,0.0,5.086263020833075e-06,0.3060709635416511,0.00011698404947916071,0.057612101236976236,0.27546691894529846,0.000137329101562493,0.08086140950520422,0.18934631347655287,0.06069946289062191,0.0024261474609373764
C:\Users\Fakhri\OneDrive\Documents\SM 6\Prak PC\klasifikasi_jenis_kain_glcm_knn\dataset\Nylon\nylon_056.png,Nylon,1.553946476185848,0.4977229859694273,0.8974124445246153,0.17474510152310732,0.615033116688689,0.05704709350356619,0.08500925712114467,0.00760308581086234,0.9911728106996313,0.0028482795372676904,0.00728438071013622,0.0013196500412109193,189.57081604003906,124.39134216308594,126.57220458984375,40.60977278903336,36.49846703381696,37.75346153055853,105.12796020507812,91.26078796386719,189.57081604003906,87.1849643068402,15.713902295594043,40.60977278903336,0.1368052164713472,0.0,0.0,0.0,0.0,0.0,0.0,0.19652811686196917,0.022486368815103023,0.3106536865234217,0.00019327799479165682,0.0,0.0,0.025324503580727877,0.13395690917968067,0.1740519205729078
C:\Users\Fakhri\OneDrive\Documents\SM 6\Prak PC\klasifikasi_jenis_kain_glcm_knn\dataset\Nylon\nylon_036.png,Nylon,28.53624389251372,15.874060862668609,3.8054207004016853,1.1982540242298039,0.28551775372010485,0.07277904461041435,0.06663855017709212,0.011009172057734076,0.746987003941788,0.14095691713547198,0.004561898239101618,0.0015116500327626904,62.57096862792969,65.22085571289062,69.46548461914062,29.01747655101145,29.971164663367347,33.5427328653003,101.98182678222656,27.187652587890625,69.79548645019531,26.474336499712976,12.558836292647305,33.22958226805958,0.010482788085936966,0.006520589192708002,0.009969075520832826,0.023406982421873807,0.173558553059887,0.09639994303384926,0.010030110677082822,0.002965291341145682,0.330266316731754,0.003067016601562344,0.0,0.0,0.1581980387369711,0.15776062011717948,0.017028808593749133,0.00034586588541664907
C:\Users\Fakhri\OneDrive\Documents\SM 6\Prak PC\klasifikasi_jenis_kain_glcm_knn\dataset\Denim\denim_046.png,Denim,15.426514497598392,8.880206572957595,2.802747934828148,0.8727230169388416,0.3299549931198727,0.07769291139274287,0.08097923988985861,0.010858820273049576,0.6871435697306292,0.1800082538578851,0.00667555127086166,0.0018094213191128194,43.724395751953125,53.592559814453125,59.08415222167969,19.09106787532111,20.26725826023678,20.042198257840777,99.58680725097656,71.13322448730469,59.21922302246094,6.459612632388405,22.935130920983056,20.160989716025465,0.0,0.0,0.0005696614583333043,0.01938883463541568,0.31264241536456744,0.0007324218749999627,0.0,0.0,0.11602783203124409,0.21670023600259314,0.0006052652994791358,0.0,0.2119140624999892,0.11995951334634805,0.0014597574869790924,0.0
C:\Users\Fakhri\OneDrive\Documents\SM 6\Prak PC\klasifikasi_jenis_kain_glcm_knn\dataset\Silk\silk_017.png,Silk,96.76449140531287,40.910156347381516,7.561807357750152,2.0041248167291834,0.13961836639655353,0.051581052070300344,0.035932830854950436,0.00438417557406123,0.3168138405405709,0.288365276839691,0.0013103893287146732,0.00036072713818288276,166.5458984375,171.5027313232422,176.31231689453125,33.33434180800467,33.81386587627643,34.091947540585224,102.88458251953125,14.5611572265625,176.42845153808594,12.270395533134915,6.079280800992093,34.04295922738152,0.0014088948567707615,0.0007425944010416289,0.002400716145833211,0.01678975423176998,0.27360026041665275,0.03744506835937309,0.0007731119791666273,0.00017293294270832453,0.3333333333333164,0.0,0.0,0.0,0.0,0.02325948079426965,0.19758605957030242,0.11248779296874427
C:\Users\Fakhri\OneDrive\Documents\SM 6\Prak PC\klasifikasi_jenis_kain_glcm_knn\dataset\Wool\wool_057.png,Wool,17.702208580886914,10.196611295594812,2.99291635101198,0.9384278504989753,0.31543148744310745,0.0772169771768157,0.05840542358814449,0.008948257412663658,0.8709492747207664,0.07425031865725386,0.0034912648152338743,0.0010753912626110843,95.24623107910156,101.56565856933594,107.70295715332031,31.465774972930117,33.39047544695993,35.812736569990314,104.19912719726562,29.280792236328125,107.71849060058594,6.276702467627539,7.1717333664730925,35.79683864705077,0.00011698404947916071,2.543131510416537e-05,0.00013224283854165994,0.0035298665364581535,0.3113911946614425,0.01801554361979075,0.00011189778645832764,1.017252604166615e-05,0.3332417805989414,9.155273437499534e-05,0.0,0.0,0.027567545572915263,0.219141642252593,0.07851155598957933,0.008112589518228753
C:\Users\Fakhri\OneDrive\Documents\SM 6\Prak PC\klasifikasi_jenis_kain_glcm_knn\dataset\Wool\wool_086.png,Wool,21.02443641773052,8.062318992742508,3.2298896569055646,0.745183957512611,0.2982451948168599,0.06173226376698691,0.06739759988985854,0.007911752170418644,0.7064617193355636,0.1123069687358593,0.004605032293319585,0.0010959480459480744,72.152099609375,77.60861206054688,81.62155151367188,23.11034687750644,24.059253947077796,25.239912596428233,101.4532470703125,30.618927001953125,81.71488952636719,8.973473982028574,9.902943216373709,25.20306315827063,0.0003255208333333168,0.00020853678385415606,0.0011342366536457756,0.01658121744791582,0.2985026041666515,0.01629130045572834,0.0002187093098958222,7.120768229166304e-05,0.3315531412760248,0.001780192057291576,0.0,0.0,0.07881673177082932,0.23674519856769627,0.01750691731770744,0.00026448567708331987
C:\Users\Fakhri\OneDrive\Documents\SM 6\Prak PC\klasifikasi_jenis_kain_glcm_knn\dataset\Silk\silk_054.png,Silk,39.88291727725723,14.013158354295735,4.038174331025237,0.8690334207173536,0.32227974554336064,0.053666712087413485,0.09847048145325837,0.011270310899050418,0.43448639250129945,0.19850738307173776,0.009823455625397753,0.002301546737153915,88.2174072265625,40.86137390136719,44.37223815917969,25.967923370120147,22.857919649246398,23.978876434226212,152.19322204589844,144.0379638671875,88.2174072265625,61.69073041649863,27.99118926413398,25.967923370120147,0.04738871256510176,0.0,0.0,0.0,0.0,0.0,0.0,0.2859446207682146,0.0025736490885415356,0.08835347493489133,0.2423451741536335,6.103515624999689e-05,0.03291320800781082,0.27036031087238205,0.0288035074869777,0.0012563069661457693
C:\Users\Fakhri\OneDrive\Documents\SM 6\Prak PC\klasifikasi_jenis_kain_glcm_knn\dataset\Nylon\nylon_063.png,Nylon,2.0522272682728677,0.6464024226572221,1.0304637523580997,0.1905179849129119,0.5813776679285115,0.05428272329782222,0.0912789372188781,0.007419631318171231,0.9854524047920846,0.004595425569056278,0.008386895308705476,0.0013852577547089318,179.1017303466797,117.25028991699219,120.76936340332031,36.08430670818735,32.670115060517794,34.08983567697043,135.71194458007812,90.66127014160156,179.1017303466797,75.30838678570636,14.530496838609483,36.08430670818735,0.07883707682291265,0.0,0.0,0.0,0.0,0.0,0.0,0.2544962565104037,0.019017537434894864,0.31431070963540064,5.086263020833075e-06,0.0,0.0,0.024576822916665415,0.17936197916665753,0.12939453124999342
C:\Users\Fakhri\OneDrive\Documents\SM 6\Prak PC\klasifikasi_jenis_kain_glcm_knn\dataset\Denim\denim_135.png,Denim,62.748718321038616,41.86030944932613,5.611137214811137,2.097998873824239,0.19666637065543122,0.06677341235813239,0.03456031967310356,0.0058365333198636534,0.8019385276464922,0.13209875201161939,0.0012284808171009872,0.00041196981647781736,106.67941284179688,112.51994323730469,121.42840576171875,49.61009910641374,50.522023138369754,51.11435252144003,108.12687683105469,35.412353515625,121.43070983886719,4.255719129798595,15.63352821881184,51.11685725473215,2.543131510416537e-05,0.0,3.560384114583152e-05,0.00042724609374997826,0.29440307617186,0.03839111328124804,5.086263020833074e-05,0.0,0.311345418294255,0.02198791503906138,0.0,0.0,0.041844685872393705,0.1540425618489505,0.09791056315103668,0.03953552246093549
C:\Users\Fakhri\OneDrive\Documents\SM 6\Prak PC\klasifikasi_jenis_kain_glcm_knn\dataset\Silk\silk_094.png,Silk,26.141181967007224,10.859101755954796,3.080819817745791,0.7662859544098413,0.40746361901050526,0.06073885969546703,0.13999823514244827,0.01439546388971631,0.7085296641024108,0.12114182193741843,0.019806735223600363,0.004101494434045076,31.9808349609375,38.40388488769531,52.21842956542969,23.63710379708496,26.89076077957866,35.03979108880281,110.00088500976562,101.49543762207031,52.22315979003906,4.900576979737778,26.513707091914938,35.038571120800164,5.594889322916382e-05,1.5258789062499222e-05,5.594889322916382e-05,0.0008290608723957911,0.25312296549477875,0.0791066487630168,0.00013224283854165994,1.5258789062499222e-05,0.030700683593748435,0.24680074055988327,0.055826822916663826,5.086263020833075e-06,0.24746195475259156,0.0668334960937466,0.0183766682942699,0.0006612141927082997
C:\Users\Fakhri\OneDrive\Documents\SM 6\Prak PC\klasifikasi_jenis_kain_glcm_knn\dataset\Wool\wool_126.png,Wool,3.6250312595132583,1.3125925579324593,1.317393421683048,0.2850607875782277,0.5298063595108417,0.06555432024192397,0.17196171144135666,0.016971746775514444,0.6503183871484189,0.12691664790663687,0.029858870390452586,0.006003845561565375,22.439849853515625,25.219589233398438,27.290069580078125,8.354935379301253,9.237722871711927,10.580568127211917,98.03765869140625,46.57275390625,27.535354614257812,22.2555189024629,18.292021194735607,10.447347293966706,0.008499145507812068,0.0018717447916665713,0.007227579752603798,0.04120890299478957,0.213048299153635,0.057683308919267894,0.002883911132812353,0.0009104410807291203,0.27021789550779873,0.06310017903645512,1.5258789062499222e-05,0.0,0.3325856526692539,0.0007476806640624619,0.0,0.0
C:\Users\Fakhri\OneDrive\Documents\SM 6\Prak PC\klasifikasi_jenis_kain_glcm_knn\dataset\Denim\denim_023.png,Denim,3.7057800191712125,1.8648872442489954,1.2804629481684986,0.37387911137709723,0.5490437922143065,0.08141435114904264,0.19636507590357757,0.022374290277620557,0.6088911372566123,0.1966747106186098,0.039059851900044996,0.008941818847752084,18.765365600585938,21.946914672851562,23.52972412109375,8.249925117691975,8.684930273588925,9.795304973979412,97.10659790039062,55.53535461425781,23.779800415039062,16.782982675691397,20.517783321423206,9.629347020036851,0.0036773681640623126,0.0004984537760416413,0.0038706461588539696,0.05407206217447642,0.232793172200509,0.03700764973958145,0.0011850992838541062,0.00022888183593748834,0.2130330403645725,0.1198120117187439,0.0004882812499999751,0.0,0.3326772054036289,0.0006561279296874666,0.0,0.0
C:\Users\Fakhri\OneDrive\Documents\SM 6\Prak PC\klasifikasi_jenis_kain_glcm_knn\dataset\Wool\wool_197.png,Wool,24.75373937368954,13.741244458112977,3.6499823721350153,1.1581827003873113,0.26044513448746387,0.07761044338327992,0.05923416424813824,0.008650306502272538,0.6757082286371765,0.1799363371229673,0.0035835140167586755,0.0010543962993495597,72.628662109375,72.03871154785156,85.96463012695312,23.69105398320321,24.677405592030162,27.604963263406855,121.7520751953125,44.47712707519531,85.96488952636719,5.000576318368718,10.486970874754562,27.604606235965473,3.0517578124998445e-05,0.0,0.0,5.086263020833075e-06,0.0057169596354163755,0.32434082031248346,0.003199259440104004,4.06901041666646e-05,0.314117431640609,0.019215901692707354,0.0,0.0,0.07452392578124621,0.2311197916666549,0.027608235677081927,8.13802083333292e-05
C:\Users\Fakhri\OneDrive\Documents\SM 6\Prak PC\klasifikasi_jenis_kain_glcm_knn\dataset\Silk\silk_190.png,Silk,86.59320626739805,39.60706605282436,6.704370151672553,1.8595425478151717,0.18944297413335642,0.050867904011876304,0.04077229726657031,0.005768182430194964,0.5909747248505292,0.18691297586905617,0.0016956521529415864,0.00048531596390528735,161.81539916992188,124.59014892578125,150.74343872070312,36.84368719411942,42.712896546263515,45.406589103609534,158.09524536132812,64.13592529296875,162.3445587158203,7.620377415453777,24.534510126676523,37.51013545478767,0.00012715657552082686,0.0,0.0,0.0,0.0,1.5258789062499222e-05,0.1454162597656176,0.18777465820311542,0.17555236816405356,0.15777587890624198,5.086263020833075e-06,0.0,0.0,0.0745391845703087,0.17636617024738685,0.08242797851562081
C:\Users\Fakhri\OneDrive\Documents\SM 6\Prak PC\klasifikasi_jenis_kain_glcm_knn\dataset\Nylon\nylon_050.png,Nylon,2.8067483467942416,1.0884863105057894,1.2302141580297394,0.27105853712070305,0.5298970560797821,0.06583360308866366,0.1435512882730923,0.009874753732227315,0.9693485514478214,0.011930543793142867,0.020704483126136593,0.0029027855616854657,222.395751953125,225.48959350585938,181.04696655273438,24.914741637243242,26.143407705576834,39.19118713593738,32.875518798828125,52.621246337890625,225.58204650878906,2.6901572141428476,22.409132708968848,25.993659445304345,0.0,0.330785115559879,0.0025482177734373703,0.0,0.0,0.0,0.0,0.0,0.1883850097656154,0.14494832356770096,0.0,0.0,0.0,0.0,0.04948425292968498,0.2838490804036314
C:\Users\Fakhri\OneDrive\Documents\SM 6\Prak PC\klasifikasi_jenis_kain_glcm_knn\dataset\Nylon\nylon_072.png,Nylon,3.3425125835165814,1.008602523949861,1.3329915896843725,0.23842387984611635,0.5074077849804882,0.05670738454694401,0.07575418113238562,0.0069896161057374,0.979512777449215,0.006210799727860218,0.005787550692343873,0.001087216074022763,121.76376342773438,128.00296020507812,136.3750762939453,35.366454603578674,36.20527772011966,38.60812162227902,106.53208923339844,27.621368408203125,136.38368225097656,5.4138264800508615,6.51500745968296,38.59707912600207,1.5258789062499222e-05,0.0,1.5258789062499222e-05,0.0019480387369790674,0.29836018880206816,0.03298950195312332,5.086263020833075e-06,0.0,0.3333333333333164,0.0,0.0,0.0,0.0004577636718749767,0.14720662434895085,0.16114298502603347,0.024525960286457083
C:\Users\Fakhri\OneDrive\Documents\SM 6\Prak PC\klasifikasi_jenis_kain_glcm_knn\dataset\Denim\denim_121.png,Denim,31.64723298930882,20.830654467129794,4.114051181738943,1.486761977456406,0.24161013289810215,0.07880103449878173,0.046262930921857646,0.00805563959004764,0.7781307873777257,0.14582292466170357,0.0022051521066853157,0.0008035047724125957,88.17109680175781,98.76359558105469,110.37094116210938,32.45022821132437,34.188365056137,35.02755577251676,105.49063110351562,54.70866394042969,110.37744140625,3.741017577711633,16.84970367832526,35.0243575455845,3.560384114583152e-05,0.00011698404947916071,0.00019327799479165682,0.0006815592447916319,0.32951354980467074,0.0027821858723956917,5.086263020833075e-06,5.086263020833075e-06,0.2439320882161334,0.08939615885416212,5.086263020833075e-06,0.0,0.02908833821614435,0.20033264160155229,0.09981791178384908,0.004094441731770625
C:\Users\Fakhri\OneDrive\Documents\SM 6\Prak PC\klasifikasi_jenis_kain_glcm_knn\dataset\Nylon\nylon_134.png,Nylon,4.721405746056652,2.4967705579544375,1.5938238275184629,0.4713086211002146,0.45996509018665566,0.08800853489758244,0.1104853399204367,0.014467266829725961,0.8359314473972247,0.0867724606036076,0.012416312146856933,0.0032608779105927272,68.15718078613281,94.9625244140625,133.12506103515625,12.802050021463417,15.578755766266761,20.01692665974345,107.60505676269531,125.00453186035156,133.12506103515625,0.9457214716831831,8.81058446015266,20.01692665974345,0.0,0.0,0.0,0.0,0.3333333333333164,0.0,0.0,0.0,0.0,0.19522094726561506,0.1381123860677013,0.0,0.0,0.1299641927083267,0.2033182779947813,5.086263020833074e-05
C:\Users\Fakhri\OneDrive\Documents\SM 6\Prak PC\klasifikasi_jenis_kain_glcm_knn\dataset\Cotton\cotton_129.png,Cotton,34.12052610572443,21.901761046409604,4.3934743892298584,1.5970477703154646,0.21859464842073617,0.08072459211623986,0.048338562649121675,0.00777877253820317,0.6990830084095663,0.19359578720812143,0.002397125941184165,0.0007828073260153481,198.618896484375,193.6546630859375,203.9930877685547,28.342373831376364,31.23947584871591,30.088067012738524,133.19921875,14.461929321289062,204.47970581054688,16.482794374012453,5.34343162779524,29.665894947031912,0.0005035400390624744,0.00022888183593748834,0.0005137125651041405,0.002049763997395729,0.01909383138020736,0.15434773763020046,0.13496398925780562,0.021631876627603065,0.3333333333333164,0.0,0.0,0.0,0.0,0.0028432210286456886,0.10102335611978652,0.22946675618488416
C:\Users\Fakhri\OneDrive\Documents\SM 6\Prak PC\klasifikasi_jenis_kain_glcm_knn\dataset\Nylon\nylon_128.png,Nylon,5.609167530412646,3.511238552117939,1.7050978685497162,0.5955608753148407,0.4513701288902159,0.10089440824383643,0.09564488377680393,0.015197724408307259,0.9020399337489985,0.061507331473911596,0.009378914619869191,0.002995311463886932,48.59303283691406,43.5321044921875,43.18406677246094,23.77836979352287,21.220269604892295,20.35992608051687,91.24514770507812,54.153961181640625,50.7947998046875,61.39284744811349,32.91035597390614,23.58158590216302,0.09362792968749523,0.018173217773436574,0.00445048014322894,0.011388142903645253,0.08890787760416213,0.02245076497395719,0.01085408528645778,0.08348083496093325,0.21612040201821817,0.10931905110676526,0.007893880208332931,0.0,0.24398803710936257,0.08840433756509966,0.0009409586588541187,0.0
C:\Users\Fakhri\OneDrive\Documents\SM 6\Prak PC\klasifikasi_jenis_kain_glcm_knn\dataset\Wool\wool_134.png,Wool,5.747880190813082,2.2622680799337522,1.7375171586431009,0.39840230898970724,0.44282797943935054,0.07066034199322066,0.11108354837906693,0.012284846352283912,0.7442813582384535,0.10049582922626325,0.012490472170383729,0.002848489337360801,48.12030029296875,51.07652282714844,83.34715270996094,13.0902532251927,13.241805648768567,15.538383422525705,117.47764587402344,110.01687622070312,83.34715270996094,1.6418673272818283,16.117308367437676,15.538383422525705,0.0,0.0,0.0,0.0,0.0006764729817707989,0.33265686035154557,0.0,0.0,0.0007019042968749642,0.2799784342447774,0.052652994791663986,0.0,0.0307871500651026,0.3011932373046722,0.0013529459635415978,0.0
C:\Users\Fakhri\OneDrive\Documents\SM 6\Prak PC\klasifikasi_jenis_kain_glcm_knn\dataset\Silk\silk_052.png,Silk,97.56970134807814,32.073407667447434,6.265749375434531,1.25963092646012,0.24947975964272087,0.04596618080364113,0.0653296681210447,0.007174844524245298,0.44008046684214097,0.1840126315624169,0.004319443930752937,0.0009702381185951974,56.68489074707031,83.26358032226562,90.76615905761719,36.93264282696583,37.46321252898895,38.70900076108507,96.33445739746094,106.41513061523438,90.7724609375,2.8112845363642656,31.600779781240536,38.7125277441835,7.629394531249611e-05,0.0,1.017252604166615e-05,0.0015207926432290893,0.33172098795571225,5.086263020833075e-06,0.0,0.0,0.03833007812499805,0.19661458333332332,0.09838867187499499,0.0,0.0901336669921829,0.19410705566405262,0.03815205891926889,0.010940551757811943
C:\Users\Fakhri\OneDrive\Documents\SM 6\Prak PC\klasifikasi_jenis_kain_glcm_knn\dataset\Denim\denim_075.png,Denim,16.197154192463906,9.968310944263187,2.8226454529772114,0.9349656967604864,0.339449004119419,0.08156095876319432,0.08324810752379326,0.012213832942306305,0.7670864241272785,0.14336326267556412,0.007079425121435612,0.002098794299197012,39.75010681152344,45.98133850097656,53.47364807128906,21.971681748959046,23.74756238036614,27.05817066553259,105.12042236328125,67.74897766113281,53.50572204589844,7.873720702594716,19.943254242059997,27.027655631208933,0.00044250488281247745,8.13802083333292e-05,0.0002950032552083183,0.006968180338541312,0.3014628092447763,0.023844401041665454,0.00018310546874999068,5.594889322916382e-05,0.1270853678385352,0.20601399739582285,0.00023396809895832142,0.0,0.2341206868489464,0.09392293294270355,0.005279541015624731,1.017252604166615e-05
C:\Users\Fakhri\OneDrive\Documents\SM 6\Prak PC\klasifikasi_jenis_kain_glcm_knn\dataset\Nylon\nylon_054.png,Nylon,2.2844676403803685,0.683515946025815,1.028116621296949,0.18685164056484918,0.5942762678260198,0.054958293610818686,0.09963627445052199,0.008701386720089795,0.9770216251502178,0.006917160542238883,0.010003101317232296,0.0017733990726095895,194.3379364013672,125.15809631347656,126.14804077148438,29.31682828918329,28.240539847594963,28.731950672494968,81.78334045410156,93.49427795410156,194.3379364013672,88.42510788657872,14.66637227820461,29.31682828918329,0.18099975585936579,0.0,0.0,0.0,0.0,0.0,0.0,0.15233357747395057,0.01858011881510322,0.31475321451821314,0.0,0.0,0.0,0.00011189778645832764,0.1396331787109304,0.19358825683592765
C:\Users\Fakhri\OneDrive\Documents\SM 6\Prak PC\klasifikasi_jenis_kain_glcm_knn\dataset\Wool\wool_062.png,Wool,24.156864585438885,10.480221924823477,3.3541826022626426,0.8719478446967618,0.2998919908074423,0.06821820768478871,0.07173179237138037,0.009276893673078192,0.6273783273724464,0.16150777935983673,0.0052315107930324236,0.0013710830378948003,59.02081298828125,64.33979797363281,69.38786315917969,21.98896568703345,22.871028047171247,24.043229875971925,103.671630859375,39.73101806640625,69.4425048828125,8.781140089195647,12.918090051353138,24.029153714749224,0.00038655598958331364,0.0001983642578124899,0.0007476806640624619,0.009552001953124514,0.29314676920571425,0.028778076171873536,0.0004882812499999751,3.560384114583152e-05,0.31956481933592124,0.013768513997395131,0.0,0.0,0.15031941731770068,0.17484537760415778,0.007812499999999602,0.0003560384114583152
C:\Users\Fakhri\OneDrive\Documents\SM 6\Prak PC\klasifikasi_jenis_kain_glcm_knn\dataset\Wool\wool_129.png,Wool,3.7556775473432684,1.2698352980775234,1.1330703770960564,0.24733063614947787,0.6092326814227768,0.05911247057339654,0.2406366735949241,0.0214772921155192,0.5724806804237498,0.14469977710297818,0.05836728275544539,0.01047028832811131,15.234283447265625,18.48822021484375,19.241806030273438,7.791349115009694,8.450787881996886,9.531921643078382,91.09629821777344,60.20402526855469,19.72735595703125,19.874691851426725,23.484004312072827,9.3102028254821,0.006551106770833,0.001912434895833236,0.012100219726561884,0.08831278483072467,0.19913736979165653,0.024108886718748772,0.0010732014973957786,0.000137329101562493,0.18351236979165733,0.1466929117838467,0.003128051757812341,0.0,0.33231608072914975,0.0009918212890624495,2.543131510416537e-05,0.0
C:\Users\Fakhri\OneDrive\Documents\SM 6\Prak PC\klasifikasi_jenis_kain_glcm_knn\dataset\Cotton\cotton_027.png,Cotton,61.593912873638054,37.85183928689672,5.810848200328852,1.9908045494803508,0.17871286875733638,0.05886013278188956,0.031553897118634495,0.005091976449284031,0.790243183586495,0.12878113716328027,0.0010215766475334335,0.00033678567457497073,142.62371826171875,148.40484619140625,166.80125427246094,47.88679934954398,49.2330582223164,48.64606187756689,115.58631896972656,43.2757568359375,167.5087890625,14.234772530196878,21.348659601042492,48.451320945518724,6.103515624999689e-05,5.086263020833075e-06,7.120768229166304e-05,0.0007324218749999627,0.20005289713540647,0.10370381673176556,0.011901855468749395,0.01680501302083248,0.2654164632161323,0.06791687011718404,0.0,0.0,0.005798339843749705,0.06779988606770489,0.140711466471347,0.11902364095051478
C:\Users\Fakhri\OneDrive\Documents\SM 6\Prak PC\klasifikasi_jenis_kain_glcm_knn\dataset\Cotton\cotton_179.png,Cotton,4.108763076567822,2.427832831263069,1.4134989299823246,0.4760637965904694,0.5108050169461015,0.09920977995125418,0.163157174456852,0.02320431116358875,0.6468330723570398,0.20892248322579862,0.027158703633320288,0.007918418395058684,21.6929931640625,25.547607421875,28.047210693359375,8.64478368084622,9.866536023039155,11.260972791503379,99.87954711914062,58.25794982910156,28.173187255859375,13.845317891941576,17.547939515675427,11.145286545453521,0.002456665039062375,0.000274658203124986,0.001581827799479086,0.029312133789061008,0.2674001057942572,0.03139750162760257,0.000823974609374958,8.646647135416227e-05,0.19682820638019832,0.13638305664061806,0.00012207031249999378,0.0,0.33219909667967057,0.0011342366536457756,0.0,0.0
C:\Users\Fakhri\OneDrive\Documents\SM 6\Prak PC\klasifikasi_jenis_kain_glcm_knn\dataset\Cotton\cotton_096.png,Cotton,19.367392708974673,11.641137796648056,3.243783700741051,1.0647016092613524,0.28772485338032244,0.07776664876875827,0.06165244134264772,0.009488088090688011,0.7666095904431801,0.14036854302110865,0.003891047339125273,0.0012100289574366282,57.8758544921875,63.978759765625,57.73783874511719,24.67432214554452,26.283425529101986,25.942085557889172,59.31953430175781,32.86302185058594,63.99592590332031,12.476617309785592,13.984911470123643,26.28056602352604,0.0011342366536457756,0.027023315429686123,0.22205098470050952,0.07884724934895432,0.003982543945312297,0.00015258789062499222,4.577636718749767e-05,9.663899739582841e-05,0.31975301106769205,0.013575236002603476,5.086263020833075e-06,0.0,0.1759897867838452,0.15394592285155467,0.0033976236979164935,0.0
C:\Users\Fakhri\OneDrive\Documents\SM 6\Prak PC\klasifikasi_jenis_kain_glcm_knn\dataset\Wool\wool_155.png,Wool,12.819069990933896,5.966394204866745,2.3144529137185788,0.6362858902748582,0.41892665297145215,0.07645167631769871,0.12430025887269132,0.016432694373295385,0.6562230744218859,0.15954135146781162,0.015720587800184208,0.0042174056728605065,28.634689331054688,31.4459228515625,33.9442138671875,16.34300546956159,17.357019289923223,19.18129052535133,97.49870300292969,42.362213134765625,34.18597412109375,25.215242205476656,18.363546643978122,19.007003837435384,0.011688232421874405,0.004521687825520603,0.009638468424478675,0.0321706136067692,0.2129414876301975,0.05707295735676793,0.004018147786458128,0.0012817382812499347,0.28961181640623523,0.043680826822914444,4.06901041666646e-05,0.0,0.30520629882810946,0.027791341145831917,0.0003153483072916506,2.03450520833323e-05
C:\Users\Fakhri\OneDrive\Documents\SM 6\Prak PC\klasifikasi_jenis_kain_glcm_knn\dataset\Denim\denim_022.png,Denim,3.061607480163037,1.3513313563545322,1.174773531413997,0.3010549247184182,0.5668599126309638,0.07182534218602706,0.20202680202155024,0.02014968919202837,0.6259280336536827,0.1648198318784862,0.041220838709589994,0.008252839879438027,19.689285278320312,23.763763427734375,25.625564575195312,7.4281880183293305,8.184838793815814,9.368522118340403,97.13510131835938,60.949676513671875,25.840576171875,13.112603318858563,18.336926116226127,9.225325663822002,0.0017700195312499098,0.00031026204427081754,0.002126057942708225,0.04720052083333093,0.26173909505207,0.019678751627603165,0.00044250488281247745,6.612141927082997e-05,0.17212422688801207,0.16111755371092928,9.155273437499534e-05,0.0,0.33283996582029557,0.0004933675130208082,0.0,0.0
C:\Users\Fakhri\OneDrive\Documents\SM 6\Prak PC\klasifikasi_jenis_kain_glcm_knn\dataset\Nylon\nylon_017.png,Nylon,13.720361202484254,5.9008382787375275,2.8345387169275966,0.6943106627919912,0.3041420037534691,0.06595122305678054,0.07823718469829584,0.008475008918386937,0.6691581767498337,0.14193299113870503,0.006192882845681993,0.001366478968722049,52.47113037109375,60.45747375488281,65.76304626464844,17.469672983822974,18.260652742692663,19.748391134834165,101.60545349121094,53.676971435546875,65.77232360839844,4.479324673641614,13.101457380965426,19.740214892263026,0.0,0.0,0.0,0.0022328694661457194,0.32988993326821237,0.0012105305989582717,0.0,0.0,0.2599080403645701,0.07342529296874627,0.0,0.0,0.1639912923177,0.16878255208332474,0.0005594889322916382,0.0
C:\Users\Fakhri\OneDrive\Documents\SM 6\Prak PC\klasifikasi_jenis_kain_glcm_knn\dataset\Nylon\nylon_118.png,Nylon,10.916728010038161,7.242612786701044,2.4070661978396433,0.8656391181124777,0.35987349767393995,0.09562503310117486,0.0720434252973728,0.012277296204406499,0.8741781643716342,0.08350476086921937,0.005340987130668867,0.001835214745700788,83.98666381835938,86.59355163574219,82.17097473144531,24.17619508051918,27.323084388004016,28.685240208190145,63.426727294921875,27.676834106445312,88.54629516601562,35.522177663585936,22.305686502626695,27.934916889268393,0.05006408691405995,0.08526102701822483,0.026723225911456972,0.044754028320310224,0.11485799153645249,0.009577433268228679,0.0011494954427082747,0.0009460449218749519,0.29767354329425566,0.03564961751301902,1.017252604166615e-05,0.0,0.06438191731770505,0.2318267822265507,0.03712463378906061,0.0
C:\Users\Fakhri\OneDrive\Documents\SM 6\Prak PC\klasifikasi_jenis_kain_glcm_knn\dataset\Nylon\nylon_135.png,Nylon,8.75396393617397,7.592042072455262,2.2195305752743546,1.055214809201257,0.36989836511912744,0.13984174126383966,0.08101710229236486,0.017853325940204702,0.8313118706419206,0.1465882037680795,0.006882512110978696,0.0032434348897907024,58.3851318359375,82.61076354980469,116.99641418457031,16.8574160015762,20.699284714370425,28.553736346321656,107.51913452148438,129.1918487548828,116.99641418457031,1.075716323371926,9.420952553176228,28.553736346321656,0.0,0.0,0.0,0.0,0.3333180745442539,1.5258789062499222e-05,0.0,0.0,0.0,0.1615193684895751,0.17181396484374126,0.0,0.0019531249999999005,0.2120208740234267,0.11935933430988975,0.0
C:\Users\Fakhri\OneDrive\Documents\SM 6\Prak PC\klasifikasi_jenis_kain_glcm_knn\dataset\Wool\wool_162.png,Wool,30.948855111173895,21.52716394881366,4.064579019446151,1.5745024871311917,0.246721579704294,0.09005624905248559,0.04826482320025597,0.00934614539674021,0.7583100326909472,0.16832231710938428,0.002416843592328976,0.0009971098091572862,108.42863464355469,102.30413818359375,95.70008850097656,31.108155186321397,32.30664952041836,33.152616049436546,21.276580810546875,34.0806884765625,108.50019836425781,27.28953908969888,19.545739671880465,31.188919309656598,0.2824096679687356,0.03522237141926904,0.0019480387369790674,0.000752766927083295,0.0019022623697915698,0.0015309651692707554,0.0023701985677082125,0.0071970621744788,0.3068237304687344,0.02650451660156115,5.086263020833075e-06,0.0,0.02431742350260293,0.2146199544270724,0.09358215332030774,0.0008138020833332918
C:\Users\Fakhri\OneDrive\Documents\SM 6\Prak PC\klasifikasi_jenis_kain_glcm_knn\dataset\Nylon\nylon_028.png,Nylon,9.445063533033668,5.1453488011653645,2.322121611157854,0.684624143218924,0.3546254800847728,0.07936376835653061,0.07972622955071546,0.010837284683320007,0.7913448959726184,0.11417741748153866,0.006473718417680696,0.0017881592486391146,71.60737609863281,98.83059692382812,100.72843933105469,16.725466120720874,19.87676467719488,21.242185357530275,91.74134826660156,75.13021850585938,100.96728515625,2.2546156083803224,8.404682194418136,21.015618414328298,0.0,0.0,0.0,0.047678629557289236,0.28565470377602714,0.0,0.0,0.0,0.017298380533853287,0.3160349527994631,0.0,0.0,0.008066813151041257,0.2884775797525895,0.036788940429685626,0.0
C:\Users\Fakhri\OneDrive\Documents\SM 6\Prak PC\klasifikasi_jenis_kain_glcm_knn\dataset\Wool\wool_028.png,Wool,20.48715702496613,9.116343060795973,3.0740639044192855,0.8012400116959547,0.33052759721884256,0.06862001133342076,0.06862602346590509,0.009308198872229816,0.8124293955337794,0.08374936905029468,0.004796173662987935,0.0013153580393056958,53.00764465332031,56.272064208984375,59.72886657714844,28.85499868741466,29.592957781453467,31.79309311006785,100.83749389648438,31.587326049804688,59.93907165527344,20.868243122354286,13.931028351081462,31.639936748209212,0.006495157877603836,0.003234863281249835,0.006851196289062151,0.025456746419269538,0.22717285156248843,0.059382120768226146,0.003555297851562319,0.0011850992838541062,0.3259684244791501,0.007359822591145458,5.086263020833075e-06,0.0,0.2045033772786354,0.11640930175780657,0.011439005533853585,0.0009816487630207834
C:\Users\Fakhri\OneDrive\Documents\SM 6\Prak PC\klasifikasi_jenis_kain_glcm_knn\dataset\Silk\silk_117.png,Silk,34.20243409301163,19.371688329998722,3.8770280193580136,1.235888825155181,0.31016920755911875,0.07099998638982899,0.042600697739996606,0.006506261916716371,0.9321327180602741,0.038380087983218146,0.0018571508920634658,0.0005691758219388274,150.66232299804688,150.40403747558594,156.95834350585938,61.63444192399747,64.52316985716112,63.57085643927468,116.15673828125,24.132675170898438,158.4150390625,27.265292010965553,15.824615246946172,62.92912119273772,0.000956217447916618,0.0004526774088541436,0.005106608072916407,0.017176310221353294,0.19662475585936498,0.02440388997395709,0.03952534993489382,0.04908752441406,0.32619730631508753,0.0071360270182288035,0.0,0.0,0.0386301676432272,0.06904602050780899,0.10651652018228625,0.11914062499999394
C:\Users\Fakhri\OneDrive\Documents\SM 6\Prak PC\klasifikasi_jenis_kain_glcm_knn\dataset\Wool\wool_018.png,Wool,4.41877517715514,2.3924490920134596,1.4710879609966794,0.44785669472911604,0.4983289264606335,0.08726694415575653,0.11804286220101057,0.016148608231395484,0.851041917903156,0.0807467191212077,0.014194894864417863,0.003876463775133917,38.38102722167969,42.855804443359375,50.74583435058594,14.212837009501982,15.46134773566307,18.33828799093995,108.91287231445312,62.111328125,50.757659912109375,8.198914936117614,15.529932346135224,18.32029215862271,0.0004933675130208082,5.086263020833074e-05,0.00028483072916665216,0.0021514892578123903,0.2462870279947791,0.08268229166666245,0.0012715657552082686,0.00011189778645832764,0.1742350260416578,0.1590881347656169,1.017252604166615e-05,0.0,0.2544809977213412,0.07878112792968349,7.120768229166304e-05,0.0
C:\Users\Fakhri\OneDrive\Documents\SM 6\Prak PC\klasifikasi_jenis_kain_glcm_knn\dataset\Cotton\cotton_025.png,Cotton,58.37512611324852,35.353135367035016,5.663898588675983,1.9154249027166121,0.18048771449586284,0.058661128586034006,0.03231936127595159,0.005128940587130122,0.7973696222343759,0.12287746450494602,0.00107084714483179,0.0003462782260912799,139.74000549316406,148.72459411621094,165.78797912597656,46.89469588713322,49.07514737328151,48.61316730633694,112.43931579589844,45.702178955078125,166.39273071289062,14.359617629051867,21.349144407475514,48.37225190425648,0.00010172526041666148,1.5258789062499222e-05,0.0,0.00014241536458332608,0.2692820231119655,0.03909301757812301,0.009623209635416177,0.015075683593749232,0.2588297526041535,0.07449849446614204,5.086263020833075e-06,0.0,0.006123860677083022,0.07119242350260054,0.1358947753906181,0.12012227376301472
C:\Users\Fakhri\OneDrive\Documents\SM 6\Prak PC\klasifikasi_jenis_kain_glcm_knn\dataset\Wool\wool_002.png,Wool,23.429756589863917,9.70431541015519,3.503796741903429,0.842151277919751,0.2734252098151938,0.06095261715249944,0.05623764921800942,0.006855414725174987,0.7422794085815614,0.10654796039282617,0.0032096699006220215,0.0007977614139285937,130.8080596923828,147.02122497558594,178.38783264160156,26.508025075723353,27.624994884105813,25.89434164025854,109.62855529785156,69.13230895996094,178.38784790039062,1.9105632938605883,15.604332888983354,25.894322260368394,0.0,0.0,0.0,5.086263020833075e-06,0.31963602701821286,0.013692220052082637,0.0,0.0,0.11556498209634829,0.21776835123696808,0.0,0.0,0.0,0.008433024088541238,0.2191569010416555,0.10574340820311962
C:\Users\Fakhri\OneDrive\Documents\SM 6\Prak PC\klasifikasi_jenis_kain_glcm_knn\dataset\Silk\silk_029.png,Silk,98.04831751877737,41.95449247839138,7.53958990202183,2.015555080795638,0.14256560326189807,0.05207342294691861,0.036370821414376316,0.004472777644662776,0.3057165838370036,0.2964544785746217,0.0013428423902150496,0.0003726610402856827,159.805908203125,158.57115173339844,150.8114471435547,32.43789399832025,33.7506877053836,36.229121448222486,33.00279235839844,17.322067260742188,160.50958251953125,24.09205282693451,10.813066678099977,32.9002184972533,0.0910237630208287,0.19752502441405245,0.022359212239582194,0.007115681966145471,0.006459554036458004,0.003260294596354001,0.002868652343749854,0.0027211507161456947,0.3332773844400872,5.594889322916382e-05,0.0,0.0,0.0,0.05843098958333036,0.21289571126301,0.06200663248697601
C:\Users\Fakhri\OneDrive\Documents\SM 6\Prak PC\klasifikasi_jenis_kain_glcm_knn\dataset\Wool\wool_194.png,Wool,35.753606333863694,24.291812232763526,4.440875448578745,1.7367511616675553,0.22633927548606003,0.09068191724549718,0.052018950997984904,0.009355361268430057,0.6430337221076147,0.24215127660181918,0.0027934940473935965,0.001076287080299325,157.7943572998047,159.3226318359375,162.4076385498047,26.49143456375642,28.797430907330988,30.459971926673308,97.71467590332031,8.900360107421875,162.96986389160156,40.358656224846065,5.013901803596067,29.819923479497557,0.03741455078124809,0.011149088541666099,0.005635579427083046,0.009175618489582866,0.1521250406900964,0.08405558268228738,0.021830240885415554,0.011947631835936891,0.3333333333333164,0.0,0.0,0.0,0.0,0.03694152832031062,0.22950744628905081,0.06688435872395493
C:\Users\Fakhri\OneDrive\Documents\SM 6\Prak PC\klasifikasi_jenis_kain_glcm_knn\dataset\Denim\denim_148.png,Denim,46.251000666046814,31.528541081439815,4.900466632252941,1.7864926807520027,0.2182358237455719,0.0708569187457089,0.0420353761350771,0.0070238360245004645,0.7871939519711364,0.1450042485828299,0.0018163071193164802,0.0006249206910330638,81.119873046875,90.84613037109375,103.76205444335938,39.35921067767276,42.36871280059255,44.94735104320255,107.04350280761719,59.25079345703125,103.76417541503906,4.141142681184112,19.194897529481654,44.945671402858885,2.543131510416537e-05,5.086263020833075e-06,0.0,0.0004323323567708113,0.3110148111979008,0.02172342936197806,0.00010681152343749457,2.543131510416537e-05,0.19771321614582327,0.13553365071613893,8.646647135416227e-05,0.0,0.06567382812499666,0.17628479003905353,0.07532755533853783,0.01604715983072835
C:\Users\Fakhri\OneDrive\Documents\SM 6\Prak PC\klasifikasi_jenis_kain_glcm_knn\dataset\Denim\denim_200.png,Denim,55.041855399102865,31.656309812790717,5.5054700663350085,1.734899301180752,0.18669153196785201,0.05548704991652838,0.03826077650156967,0.005422978793388016,0.7041128601655426,0.17010976049771057,0.0014932957174966022,0.00042906867159126915,101.44783020019531,113.94975280761719,129.996826171875,36.3556203978529,39.229443562028365,41.37476716955659,106.755126953125,58.203033447265625,129.99693298339844,2.752335759372465,14.44566553540211,41.37473158891462,0.0,0.0,0.0,3.560384114583152e-05,0.3283081054687333,0.004989624023437246,0.0,0.0,0.21456400553384325,0.11876932779947312,0.0,0.0,0.009363810221353689,0.16259765624999173,0.13158671061197247,0.029785156249998484
C:\Users\Fakhri\OneDrive\Documents\SM 6\Prak PC\klasifikasi_jenis_kain_glcm_knn\dataset\Nylon\nylon_149.png,Nylon,5.477909875849321,3.0162380136320044,1.68610131642696,0.5230046153412501,0.4536067608557994,0.09070700063269131,0.12543601335012128,0.01670912762058867,0.6930305325261267,0.16879549250537,0.016013388391012923,0.004268913072021085,31.580032348632812,38.10020446777344,41.06468200683594,11.032016443750354,12.174635737018942,13.29406023573213,98.61782836914062,60.3583984375,41.1082763671875,5.842376553242592,12.220389526889223,13.247277132438242,1.5258789062499222e-05,0.0,4.06901041666646e-05,0.010960896809895275,0.3211720784505045,0.0011393229166666086,5.086263020833075e-06,0.0,0.20125325520832307,0.13208007812499328,0.0,0.0,0.31529235839842146,0.018040974934894916,0.0,0.0
C:\Users\Fakhri\OneDrive\Documents\SM 6\Prak PC\klasifikasi_jenis_kain_glcm_knn\dataset\Cotton\cotton_011.png,Cotton,3.1180080788210507,1.7429015961533187,1.1870873267411142,0.37575263580616,0.5665966538563102,0.08606670292725051,0.18267817244067874,0.022057067245429492,0.7852483501465833,0.11998065667122444,0.033857828901735755,0.00814369625460628,21.596755981445312,24.842498779296875,26.8564453125,10.045241038818627,10.812320966104862,12.491010828766143,97.60487365722656,52.092559814453125,27.07501220703125,18.07775496737178,18.201596188871005,12.305586053494899,0.005172729492187236,0.0007222493489582965,0.004475911458333106,0.04629516601562264,0.2388712565104045,0.036443074544268976,0.001098632812499944,0.00025431315104165373,0.24284871419269596,0.09036254882812039,0.00012207031249999378,0.0,0.33017985026039987,0.003153483072916506,0.0,0.0
C:\Users\Fakhri\OneDrive\Documents\SM 6\Prak PC\klasifikasi_jenis_kain_glcm_knn\dataset\Silk\silk_163.png,Silk,17.442133974508035,8.051472674294995,2.8737522177172163,0.7565590692569614,0.3507530899499575,0.0672378821172327,0.067781147416913,0.008281082418954474,0.8724177947220405,0.05887747425672781,0.004662860271182811,0.0011574310578045335,126.84304809570312,63.08103942871094,72.00650024414062,41.28833586322773,29.287510638709534,33.21210201046711,172.939453125,134.33932495117188,126.84304809570312,22.60957940568775,23.190162392059023,41.28833586322773,0.005594889322916382,0.0,0.0,0.0,0.0,0.0,0.0,0.3277384440104,0.0007019042968749642,0.13920593261718042,0.19342041015624015,5.086263020833075e-06,0.016418457031249164,0.14037577311197202,0.1640116373697833,0.012527465820311862
C:\Users\Fakhri\OneDrive\Documents\SM 6\Prak PC\klasifikasi_jenis_kain_glcm_knn\dataset\Wool\wool_189.png,Wool,10.77137919025445,5.686169926156443,2.4177512908451506,0.738773078719914,0.35646185674230274,0.08785395238449069,0.09556651999131367,0.012810737415127591,0.6320636436488891,0.19393004114571233,0.009297074736369506,0.002514554568524032,86.381591796875,41.42579650878906,44.725738525390625,16.830410360293364,14.789571742219382,15.54055914827697,153.64186096191406,136.38438415527344,86.381591796875,60.16975207626704,22.55656071017769,16.830410360293364,0.044647216796872724,0.0,0.0,0.0,0.0,0.0,0.0,0.28868611653644366,9.155273437499534e-05,0.12831115722655598,0.20489501953123956,3.560384114583152e-05,0.021153767903644757,0.3082885742187343,0.003890991210937302,0.0
C:\Users\Fakhri\OneDrive\Documents\SM 6\Prak PC\klasifikasi_jenis_kain_glcm_knn\dataset\Nylon\nylon_158.png,Nylon,9.17097454359831,3.626757552430062,2.3166799173564265,0.5069897694679896,0.34905199309548457,0.0617647455337847,0.10175385585828689,0.009140050209095606,0.529847469231458,0.18554346245013842,0.010437387699853815,0.0019074377610615134,38.49351501464844,44.815032958984375,49.33049011230469,11.39950654408814,12.771376595448052,13.815265314297637,101.90780639648438,56.64976501464844,49.35884094238281,6.1255118845108205,12.112023435412455,13.787742355331156,7.629394531249611e-05,1.5258789062499222e-05,0.00017293294270832453,0.006378173828124676,0.32036844889321286,0.006317138671874678,5.086263020833075e-06,0.0,0.23478190104165472,0.09855143229166165,0.0,0.0,0.2817840576171732,0.051549275716143206,0.0,0.0
C:\Users\Fakhri\OneDrive\Documents\SM 6\Prak PC\klasifikasi_jenis_kain_glcm_knn\dataset\Silk\silk_170.png,Silk,32.843082672567995,16.103505378281813,3.999437704935284,1.1142353622969907,0.29026345798632447,0.05873860438349908,0.0681424798609761,0.007871036136879938,0.8004367720163282,0.09787312501728414,0.004705350771471603,0.0010917219834715034,91.20654296875,64.67640686035156,88.4447021484375,38.92794486319039,33.44620226648793,44.34102214796281,154.74534606933594,84.76606750488281,93.17231750488281,8.023562142015752,20.632806798492712,41.43720081035134,5.086263020833075e-06,0.0,0.0,0.0,0.0,0.00022888183593748834,0.19983418782551066,0.13326517740884739,0.04375712076822694,0.28292846679686057,0.006647745768228828,0.0,0.10198465983072397,0.15628051757811703,0.07217915852864215,0.002888997395833186
C:\Users\Fakhri\OneDrive\Documents\SM 6\Prak PC\klasifikasi_jenis_kain_glcm_knn\dataset\Denim\denim_150.png,Denim,49.98681215106755,34.47141866060831,5.041006493969646,1.8545493060449325,0.21911896855508287,0.06597556620715389,0.04650234535659753,0.007386403107999935,0.7419784365844833,0.17780663797438442,0.0022170270745381386,0.0007068912468824143,70.19158935546875,81.2120361328125,95.50119018554688,36.805079367486286,39.96723846529384,43.02006025704866,106.77426147460938,72.62741088867188,95.50181579589844,3.0316688465443566,20.677192676531284,43.01971086403243,0.0,5.086263020833075e-06,1.5258789062499222e-05,9.155273437499534e-05,0.3263244628906084,0.006896972656249649,0.0,0.0,0.11116027832030684,0.22159322102863455,0.0005798339843749705,0.0,0.08923848470051629,0.1688232421874914,0.06576029459635081,0.009511311848957848
C:\Users\Fakhri\OneDrive\Documents\SM 6\Prak PC\klasifikasi_jenis_kain_glcm_knn\dataset\Nylon\nylon_096.png,Nylon,5.970405983605527,3.9687647518433358,1.8179953439257828,0.6674435973656364,0.41879910147284066,0.11001613847147643,0.1049002989582482,0.01654346112053399,0.7621120978831303,0.15810011080646283,0.011277758827376472,0.003572705380767216,45.97596740722656,51.8409423828125,59.889892578125,13.613540253013497,14.117709539690598,15.458953388927682,107.14714050292969,60.99186706542969,59.8902587890625,3.436847692303648,12.58459210269898,15.458102169636946,1.017252604166615e-05,0.0,5.086263020833075e-06,0.00011189778645832764,0.3190053304036296,0.014200846354165943,0.0,0.0,0.19754028320311495,0.13579305013020143,0.0,0.0,0.2009633382161356,0.13236999511718076,0.0,0.0
C:\Users\Fakhri\OneDrive\Documents\SM 6\Prak PC\klasifikasi_jenis_kain_glcm_knn\dataset\Denim\denim_074.png,Denim,18.500947413105614,10.947152398078575,3.0261964464781186,0.9794460645171051,0.32360799091830833,0.07872185516857388,0.07979793877760437,0.011528300384631941,0.7395351144862788,0.15394572845526935,0.006500612742912599,0.001888938627022753,42.27027893066406,51.27081298828125,58.880706787109375,21.946042406373746,24.207218654420448,26.82464150155947,102.81375122070312,75.35356140136719,58.9014892578125,5.16991065562378,19.1960989123308,26.813362165240985,2.03450520833323e-05,1.5258789062499222e-05,8.646647135416227e-05,0.004414876302083108,0.3264617919921709,0.002334594726562381,0.0,0.0,0.08034261067707925,0.2525583902994663,0.0004323323567708113,0.0,0.2154642740885307,0.11056009928384854,0.00727844238281213,3.0517578124998445e-05
C:\Users\Fakhri\OneDrive\Documents\SM 6\Prak PC\klasifikasi_jenis_kain_glcm_knn\dataset\Silk\silk_106.png,Silk,47.72427820548291,25.020926046152567,5.085752801516449,1.5573393540374005,0.2059393022377134,0.06677574266511638,0.04180909487341893,0.00680167799742676,0.741561538039145,0.1353025548380558,0.0017942632377152248,0.0006195078034911171,95.22756958007812,117.42765808105469,158.1033172607422,33.61616304178453,41.16336765515887,38.621235673573814,109.43272399902344,104.8192138671875,158.10423278808594,3.8400034541108456,20.048987873776934,38.623384408277005,0.0,0.0,0.0,0.00011189778645832764,0.24921671549477897,0.08400472005207905,0.0,0.0,0.013092041015624334,0.288157145182277,0.032084147135415034,0.0,8.646647135416227e-05,0.07919311523437096,0.18309020996092817,0.07096354166666305
C:\Users\Fakhri\OneDrive\Documents\SM 6\Prak PC\klasifikasi_jenis_kain_glcm_knn\dataset\Silk\silk_016.png,Silk,110.41675633820059,38.15220383022025,7.022514186570252,1.4598759816826112,0.21123333530708596,0.04156745625112939,0.05018011959699729,0.005780593566348482,0.5201997006469786,0.16622820246344916,0.002551459664748261,0.000600398905621797,120.62860107421875,116.75837707519531,117.31562805175781,41.56526478226315,43.35629509418398,44.94262941652229,77.4892578125,13.985855102539062,121.38697814941406,71.34064598198486,9.62800047057255,42.565225763817864,0.15600585937499206,0.008931477864582878,0.0022328694661457194,0.001708984374999913,0.012949625651041007,0.03743998209635226,0.03977457682291464,0.07428995768228788,0.3333333333333164,0.0,0.0,0.0,5.086263020833075e-06,0.2240142822265511,0.08005269368489176,0.029261271158852676
C:\Users\Fakhri\OneDrive\Documents\SM 6\Prak PC\klasifikasi_jenis_kain_glcm_knn\dataset\Wool\wool_064.png,Wool,27.62808010771791,12.329544331913482,3.5803566301206486,0.9410330473378313,0.2907761340469603,0.06658440313909046,0.063039287811606,0.008552697680533258,0.7134050854369832,0.12791043112730538,0.004047100445409097,0.00111233947238879,59.21437072753906,62.387298583984375,67.38597106933594,27.220876072256527,27.686046577636436,29.70981271438516,106.68112182617188,33.38652038574219,67.46220397949219,14.375098761916453,13.70285555300895,29.662497792972385,0.00203450520833323,0.0009663899739582841,0.002126057942708225,0.010452270507811967,0.22064208984373876,0.0931142171223911,0.003428141276041492,0.0005696614583333043,0.3239237467447752,0.009409586588541187,0.0,0.0,0.16976420084634553,0.1493988037109299,0.013539632161457643,0.0006306966145833012
C:\Users\Fakhri\OneDrive\Documents\SM 6\Prak PC\klasifikasi_jenis_kain_glcm_knn\dataset\Wool\wool_094.png,Wool,38.72463090512857,20.577218870169297,4.559601473530122,1.3712447374166832,0.22347212279852446,0.06228375735642435,0.04291850639440691,0.00628142783412418,0.7539915596157091,0.13071520406394269,0.0018814545267620568,0.0005559749828640463,155.45997619628906,162.3168487548828,154.45761108398438,34.20587278605605,35.68858079451026,37.92658132952686,58.90519714355469,16.326095581054688,162.40992736816406,16.681063316834166,6.549312469662986,35.76572404295414,0.00017293294270832453,0.06968180338541312,0.16001892089842934,0.08355204264322491,0.019800821940103158,0.00010172526041666148,5.086263020833075e-06,0.0,0.3333333333333164,0.0,0.0,0.0,5.086263020833075e-06,0.06013997395833027,0.19711303710936495,0.0760752360026003
C:\Users\Fakhri\OneDrive\Documents\SM 6\Prak PC\klasifikasi_jenis_kain_glcm_knn\dataset\Cotton\cotton_148.png,Cotton,4.047948651862691,2.2984999379443805,1.357650266905238,0.45603258302759225,0.5383319783061938,0.09526621149059504,0.18532780379461034,0.02208723408617822,0.893822416056529,0.060541048072274624,0.03483424076891123,0.008227433303764124,232.93507385253906,236.40504455566406,238.9654541015625,17.433287294960383,17.946328186496192,14.42015654336658,93.61708068847656,7.5340118408203125,239.89019775390625,20.51878338985216,3.9257602370527724,15.187332146383223,4.06901041666646e-05,2.03450520833323e-05,0.06386311848958008,0.047709147135414236,0.1676534016926998,0.05401611328124725,3.0517578124998445e-05,0.0,0.3333333333333164,0.0,0.0,0.0,0.0,0.0,0.0026092529296873673,0.330724080403629
C:\Users\Fakhri\OneDrive\Documents\SM 6\Prak PC\klasifikasi_jenis_kain_glcm_knn\dataset\Nylon\nylon_175.png,Nylon,8.41600022041259,4.481388565849724,2.1750495379713506,0.6460798561249557,0.374960106757833,0.08329371301989216,0.08898353268606886,0.012114184935555886,0.7537963915697891,0.13108232137023487,0.008064822565945534,0.0022131457698947934,84.4300537109375,40.727630615234375,46.55610656738281,19.039772314349545,15.423771713270803,17.342885015101764,173.3899688720703,135.98422241210938,84.4300537109375,20.974974685884675,22.908802404959577,19.039772314349545,0.004791259765624756,0.0,0.0,0.0,0.0,0.0,2.03450520833323e-05,0.3285217285156083,8.13802083333292e-05,0.13299560546874323,0.20023600260415647,2.03450520833323e-05,0.05320231119791396,0.27794392903644416,0.002187093098958222,0.0
C:\Users\Fakhri\OneDrive\Documents\SM 6\Prak PC\klasifikasi_jenis_kain_glcm_knn\dataset\Wool\wool_145.png,Wool,16.686154873343185,8.949349664144687,2.977861685677984,0.9030307278232369,0.3125327635299659,0.07991287279764138,0.07680001225706387,0.010837566772300664,0.6481420532047225,0.1882801973726829,0.006015694736229238,0.0017352352526977457,43.433837890625,57.16876220703125,93.35563659667969,16.91233081542693,19.745532915034932,24.997741651507578,111.82040405273438,139.5929718017578,93.35563659667969,1.4844888715609366,17.901940813958152,24.997741651507578,0.0,0.0,0.0,0.0,0.2337341308593631,0.09959920247395326,0.0,0.0,8.13802083333292e-05,0.08966064453124543,0.24358113606769594,1.017252604166615e-05,0.029505411783852666,0.26883443196613216,0.03497823079426905,1.5258789062499222e-05
C:\Users\Fakhri\OneDrive\Documents\SM 6\Prak PC\klasifikasi_jenis_kain_glcm_knn\dataset\Nylon\nylon_022.png,Nylon,8.506582883742348,4.967479498452982,2.1871954382057037,0.6970739436684172,0.3688487410278782,0.09099656590777466,0.09252614228537455,0.01365792111907691,0.7590913825983668,0.14100849074160393,0.008747625815508302,0.002633055264014626,75.31993103027344,106.87873840332031,107.20730590820312,14.386211769675699,17.741998866378456,18.98364258083033,90.13847351074219,77.76364135742188,108.087646484375,2.383729181031776,6.694882667232946,18.569134408046306,0.0,0.0,0.0,0.13364664713540986,0.1996866861979065,0.0,0.0,0.0,0.006057739257812191,0.32727559407550416,0.0,0.0,0.00017293294270832453,0.28000386555988155,0.05315653483072646,0.0
C:\Users\Fakhri\OneDrive\Documents\SM 6\Prak PC\klasifikasi_jenis_kain_glcm_knn\dataset\Silk\silk_042.png,Silk,77.67905892609998,28.814358295663297,5.658705369084648,1.2770966000244313,0.2539233652302707,0.04862652065903461,0.07117391176282116,0.008159412653136513,0.4234061931358882,0.2134994669415991,0.005132301730466018,0.001204825718786986,58.454681396484375,80.47727966308594,105.17829895019531,31.792742793269873,33.219288843493665,34.650437155331545,105.75369262695312,119.98944091796875,105.17840576171875,1.8895113358059004,27.744777069162627,34.65060944777268,2.543131510416537e-05,0.0,0.0,3.560384114583152e-05,0.3332621256510247,1.017252604166615e-05,0.0,0.0,0.016871134440103307,0.15503946940103377,0.16142272949217928,0.0,0.004465738932291439,0.26132710774738255,0.05618286132812214,0.011357625325520255
C:\Users\Fakhri\OneDrive\Documents\SM 6\Prak PC\klasifikasi_jenis_kain_glcm_knn\dataset\Wool\wool_053.png,Wool,28.724772671451632,13.487328941230363,3.813743604119246,1.0070209636129515,0.2627444948022603,0.06186525540973816,0.05938815386616896,0.007438433124961766,0.6831590843662295,0.14859195547470094,0.0035822831069862865,0.0009133220478729059,89.90974426269531,95.41448974609375,100.09439086914062,25.790053284352474,27.160769119398093,28.5554853305389,102.64656066894531,26.158859252929688,100.17127990722656,9.200778865822839,8.280049585303662,28.519350244451157,0.00044250488281247745,0.0002390543619791545,0.000956217447916618,0.013407389322915984,0.2942657470702975,0.0235595703124988,0.000411987304687479,5.086263020833074e-05,0.3332316080728997,0.00010172526041666148,0.0,0.0,0.021713256835936393,0.2597757975260284,0.049494425455726646,0.0023498535156248803
C:\Users\Fakhri\OneDrive\Documents\SM 6\Prak PC\klasifikasi_jenis_kain_glcm_knn\dataset\Silk\silk_089.png,Silk,41.05475089719564,20.12684137289173,4.587768117079851,1.3232973408577529,0.23609825550461938,0.06683015872175191,0.054519818442662536,0.00713036591447239,0.49733220623025237,0.2458760869950171,0.0030232527210951564,0.0008144457798911114,102.82992553710938,55.935211181640625,61.700927734375,33.13249112626254,22.629330352512845,24.460369890584868,166.7782745361328,118.78402709960938,102.83164978027344,38.83602690658578,23.600443716085397,33.13228140604841,0.017201741536457458,0.0,0.0,0.0,0.0,2.543131510416537e-05,0.0004374186197916444,0.3156687418619631,0.007863362630207933,0.21148681640623923,0.1139831542968692,0.0,0.03772989908853974,0.2159881591796765,0.0778299967447877,0.0017852783203124091
C:\Users\Fakhri\OneDrive\Documents\SM 6\Prak PC\klasifikasi_jenis_kain_glcm_knn\dataset\Silk\silk_164.png,Silk,9.337973114150126,4.0904002521826435,1.9990037559888896,0.4960292425561828,0.4658276190640078,0.061542836926542915,0.12083241964865843,0.010300039260957537,0.955823898758601,0.019352529421191953,0.01470656444692676,0.0025082455403214244,112.43722534179688,53.66520690917969,61.16717529296875,52.848161924207616,35.53109353168492,40.59896484470824,166.694580078125,144.74777221679688,112.43722534179688,40.026435645188684,27.451562754212926,52.848161924207616,0.01823425292968657,0.0,0.0,0.0,0.0,0.0,5.086263020833075e-06,0.31509399414060896,0.00031026204427081754,0.1092325846354111,0.22323608398436362,0.0005544026692708051,0.08910624186197463,0.11044820149739021,0.10555521647134879,0.028223673502602728
C:\Users\Fakhri\OneDrive\Documents\SM 6\Prak PC\klasifikasi_jenis_kain_glcm_knn\dataset\Silk\silk_113.png,Silk,65.11722887301882,29.575952639359908,5.75527024380705,1.5611691360430704,0.21051186947792103,0.055923678084587904,0.05692161535478755,0.008442273613578306,0.41557476559698653,0.2651668973213265,0.003311342278364907,0.000988410086968295,55.13563537597656,62.59278869628906,76.47694396972656,27.965865810515847,29.94805728474991,34.23708866703362,109.36785888671875,75.23593139648438,76.47732543945312,3.2416030581082937,18.21887982904324,34.236886136710375,1.017252604166615e-05,0.0,0.0,0.00010681152343749457,0.28802490234373535,0.04519144694010187,0.0,0.0,0.08111572265624586,0.2518005371093622,0.0004170735677083121,0.0,0.14849853515624245,0.15512593587238793,0.02840677897135272,0.0013020833333332671
C:\Users\Fakhri\OneDrive\Documents\SM 6\Prak PC\klasifikasi_jenis_kain_glcm_knn\dataset\Nylon\nylon_156.png,Nylon,24.08089071163867,7.168502609510771,3.679689584462482,0.6679579006379993,0.2626925187835983,0.04995130699569229,0.0885356840905408,0.007294406892827413,0.23564751546494778,0.22702551705650004,0.007891775729298169,0.0013372722361268278,34.90119934082031,38.60499572753906,43.012359619140625,15.424572562860034,15.946737100083748,16.58358769044138,106.03004455566406,51.8677978515625,43.03318786621094,8.896369109657977,18.641794137271273,16.58326786852109,0.00047302246093747593,4.06901041666646e-05,0.00011698404947916071,0.004577636718749767,0.26810201009113216,0.05898030598958033,0.0008951822916666211,0.00014750162760415915,0.24441528320311257,0.0888722737630163,4.577636718749767e-05,0.0,0.29276021321613094,0.04051717122395627,5.594889322916382e-05,0.0
C:\Users\Fakhri\OneDrive\Documents\SM 6\Prak PC\klasifikasi_jenis_kain_glcm_knn\dataset\Silk\silk_058.png,Silk,68.67375727497506,30.903021658909218,6.290494947118187,1.6611325008833584,0.16342352281862962,0.05087374120478195,0.041940041045934635,0.004989385058177251,0.44502046194125217,0.24925083536695786,0.0017838610061934445,0.0004407725507593937,129.62863159179688,78.73399353027344,75.66448974609375,35.76919096815455,30.228546280175195,29.265779539550532,46.973358154296875,111.82943725585938,129.62863159179688,75.99700816272355,23.357973623309366,35.76919096815455,0.24873352050779984,0.0,0.0,0.0,0.0,0.0,5.086263020833075e-06,0.0845947265624957,0.009714762369791172,0.24173482259113352,0.08188374837239167,0.0,0.00011189778645832764,0.1728057861328037,0.1418965657552011,0.018519083658853224
C:\Users\Fakhri\OneDrive\Documents\SM 6\Prak PC\klasifikasi_jenis_kain_glcm_knn\dataset\Denim\denim_045.png,Denim,12.92128886742581,7.668502759316304,2.560744711432105,0.8216464887141922,0.35632763976336457,0.08070447987868265,0.0887638862227529,0.012194463532232906,0.7067571627742765,0.17392758934468572,0.008027732438204779,0.0022091234964722937,36.2933349609375,45.6748046875,50.242767333984375,17.618183924457263,19.223692294167563,19.778201120375375,98.37602233886719,75.76126098632812,50.40153503417969,6.79443504325867,23.24644350782972,19.835677724831044,1.5258789062499222e-05,5.086263020833075e-06,0.00044250488281247745,0.02640279134114449,0.3058776855468594,0.0005747477213541374,1.5258789062499222e-05,0.0,0.09373982747395355,0.23765055338540456,0.0019429524739582344,0.0,0.2548268636067579,0.07822163899739185,0.00028483072916665216,0.0
C:\Users\Fakhri\OneDrive\Documents\SM 6\Prak PC\klasifikasi_jenis_kain_glcm_knn\dataset\Denim\denim_183.png,Denim,49.365304853933225,36.08984348804902,4.8847027111262005,1.8781886797566965,0.2341846952113147,0.07284684855074132,0.048606556709075786,0.0080724351684468,0.7728608660920151,0.16616408601933985,0.002427761564661378,0.0008229455725306828,71.32707214355469,79.92947387695312,93.19845581054688,39.651058297102395,42.268523906369566,44.33632793118162,108.40142822265625,65.86167907714844,93.19868469238281,3.47164158914213,20.764130754478494,44.336163257709266,0.0,0.0,0.0,5.594889322916382e-05,0.2990468343098806,0.03418986002603992,4.06901041666646e-05,0.0,0.15239461263020057,0.18068949381509497,0.00024922688802082063,0.0,0.09959920247395326,0.16328430175780417,0.058771769205726174,0.011678059895832739
C:\Users\Fakhri\OneDrive\Documents\SM 6\Prak PC\klasifikasi_jenis_kain_glcm_knn\dataset\Denim\denim_156.png,Denim,37.02356518789456,25.65433890915444,4.436223770243533,1.604442807964258,0.2267658843932602,0.06928283853267875,0.03799676786318439,0.00628315052653839,0.8773427508539203,0.08502656246498741,0.0014832323485878618,0.0004950243653356702,109.69845581054688,117.91748046875,132.3576202392578,48.074854163490656,49.38876417227366,50.93866159503424,109.0272216796875,47.72926330566406,132.35789489746094,2.8730765807316625,16.10916534497867,50.93893315650717,0.0,0.0,0.0,5.086263020833074e-05,0.30105082194008886,0.03222147623697753,1.017252604166615e-05,0.0,0.2764434814452984,0.056889851888017935,0.0,0.0,0.023122151692707156,0.14624023437499256,0.11130269368489017,0.052668253580726486
C:\Users\Fakhri\OneDrive\Documents\SM 6\Prak PC\klasifikasi_jenis_kain_glcm_knn\dataset\Nylon\nylon_003.png,Nylon,9.990381652239753,4.356943913591445,2.3748673666367606,0.5883956758346237,0.35347003544217787,0.07336329433295782,0.0945780505052236,0.011344499250174762,0.6983061785157183,0.13181731843623742,0.009073705300605838,0.002224498968997336,36.65013122558594,40.06474304199219,42.46406555175781,15.305828454780494,16.41006293827858,18.287703928207268,97.13021850585938,35.84197998046875,42.70916748046875,22.344180473897495,14.228352239687858,18.066398535546384,0.008616129557291227,0.003758748372395642,0.009150187174478701,0.033096313476560814,0.23418680826821725,0.04054768880208127,0.003005981445312347,0.0009714762369791172,0.3235473632812335,0.009785970052082834,0.0,0.0,0.2847646077473813,0.04856872558593503,0.0,0.0
C:\Users\Fakhri\OneDrive\Documents\SM 6\Prak PC\klasifikasi_jenis_kain_glcm_knn\dataset\Wool\wool_116.png,Wool,30.300262067265248,17.660867428306137,3.931332288095914,1.3059301051254057,0.2606034927037901,0.07694447393685327,0.04203018320734749,0.006956815005896231,0.8647014411166,0.07899959532841135,0.001814933575469458,0.0006073731701989862,183.15711975097656,177.580078125,170.02493286132812,39.7723105600871,43.08272202806378,45.78663331917996,26.124542236328125,21.545379638671875,183.43060302734375,28.83457898151303,15.480828539200463,40.11719594053611,0.24242655436196683,0.056274414062497134,0.012878417968749344,0.004338582356770613,0.004969278971353914,0.003356933593749829,0.0033162434895831643,0.005772908528645539,0.33248392740883725,0.0008494059244791234,0.0,0.0,0.0,0.03356933593749829,0.1483205159505133,0.15144348144530478
C:\Users\Fakhri\OneDrive\Documents\SM 6\Prak PC\klasifikasi_jenis_kain_glcm_knn\dataset\Wool\wool_178.png,Wool,9.813917530027178,4.962210974970127,2.0448650798964145,0.6244593736819865,0.46003486214599937,0.08527197528296769,0.1716676001108757,0.023940857308989164,0.5010535915190897,0.2519331371336112,0.030042929576516924,0.008375694541497045,21.62945556640625,24.188339233398438,25.8028564453125,11.8818183672115,12.572725651605253,13.955097071405874,94.45738220214844,46.155670166015625,26.167831420898438,25.963239348994442,20.77290930956933,13.80106098806189,0.012481689453124365,0.0039164225260414675,0.013056437174478502,0.05390930175780975,0.1908620198567611,0.05402628580728892,0.003890991210937302,0.0011901855468749395,0.2628580729166533,0.07024129231770476,0.00023396809895832142,0.0,0.32676696777342085,0.006556193033853833,1.017252604166615e-05,0.0
C:\Users\Fakhri\OneDrive\Documents\SM 6\Prak PC\klasifikasi_jenis_kain_glcm_knn\dataset\Wool\wool_040.png,Wool,4.40904497994816,1.8253357977941684,1.4196094597243094,0.346814666510731,0.5196711321118221,0.07120162214955544,0.1516936157818899,0.016505116276287615,0.7615984305727649,0.09895008142269048,0.02328337193227741,0.005128004226929662,27.756088256835938,31.31439208984375,33.41346740722656,11.63877664041199,12.186629992848461,13.689545095535461,97.77421569824219,46.38444519042969,33.7078857421875,17.65289742338863,17.6839725078552,13.498892146478452,0.0036112467447914826,0.001561482747395754,0.006429036458333006,0.04825337727864338,0.2292429606119675,0.04210917154947702,0.00170389811197908,0.00042215983072914516,0.27494303385415264,0.05831909179687203,7.120768229166304e-05,0.0,0.3248189290364418,0.008509318033853734,5.086263020833075e-06,0.0
C:\Users\Fakhri\OneDrive\Documents\SM 6\Prak PC\klasifikasi_jenis_kain_glcm_knn\dataset\Cotton\cotton_119.png,Cotton,2.324709024011782,1.4531674902696858,0.8603996650203749,0.30362988437574917,0.6889635336107856,0.06960792299162813,0.3601753209338267,0.017319474658841694,0.9423763592759102,0.03643262639150231,0.1300262260122433,0.012432823139687061,234.5697479248047,242.24058532714844,243.4107208251953,20.590879084865904,17.77178636352361,12.866927571381204,80.65693664550781,11.515151977539062,245.27252197265625,18.496193120531814,9.231004297434485,13.902174590218594,0.0,0.0,0.1271769205729102,0.06822204589843403,0.13793436686197214,0.0,0.0,0.0,0.3333333333333164,0.0,0.0,0.0,0.0,0.0,0.0024058024088540442,0.3309275309244623
C:\Users\Fakhri\OneDrive\Documents\SM 6\Prak PC\klasifikasi_jenis_kain_glcm_knn\dataset\Cotton\cotton_113.png,Cotton,2.8397147403793976,1.759750858235789,1.212991036191996,0.41257550798759046,0.5374089102027041,0.09879992812087954,0.12942722339433985,0.019132375077266128,0.8633878722974612,0.08478386862821782,0.01711745393166554,0.005084898637011361,38.67036437988281,50.39842224121094,66.63395690917969,11.458860290260894,13.023309671528537,15.977167046306423,107.368408203125,108.7689208984375,66.63401794433594,2.034766908624354,12.589088376447,15.976981256155263,0.0,0.0,0.0,1.5258789062499222e-05,0.33151753743487894,0.0018005371093749083,0.0,0.0,2.543131510416537e-05,0.31010945638019255,0.023198445638019653,0.0,0.14179992675780528,0.19152832031249026,5.086263020833075e-06,0.0
C:\Users\Fakhri\OneDrive\Documents\SM 6\Prak PC\klasifikasi_jenis_kain_glcm_knn\dataset\Denim\denim_048.png,Denim,22.04542156170967,12.466456657193776,3.338259703596815,1.0279984089146255,0.29134711901079485,0.07246702969013645,0.06916369441847774,0.009351676531602262,0.6972458384196699,0.17094285856665253,0.0048710704795642875,0.0013337022025966365,49.40217590332031,57.49775695800781,64.32061767578125,23.582419429108526,24.39300018660526,24.325437636752053,102.77349853515625,64.89915466308594,64.37013244628906,6.348445638723693,24.071756702009356,24.377229307997315,6.612141927082997e-05,5.086263020833074e-05,0.0006408691406249674,0.007776896158853771,0.31950378417967124,0.005254109700520566,3.560384114583152e-05,5.086263020833075e-06,0.15141296386717978,0.18137613932290744,0.000544230143229139,0.0,0.183339436848949,0.14347330729165936,0.006429036458333006,9.155273437499534e-05
C:\Users\Fakhri\OneDrive\Documents\SM 6\Prak PC\klasifikasi_jenis_kain_glcm_knn\dataset\Denim\denim_002.png,Denim,31.599726454045364,24.96932775645712,3.9710776863598265,1.6240007752187129,0.26423894760280026,0.0880367967542502,0.05060055615476641,0.0093671630326135,0.8452689180319276,0.12209034239173125,0.002648160026451229,0.001009506029588889,71.63723754882812,83.88478088378906,100.75245666503906,37.2206689830499,41.004085240563356,45.831281173364744,107.16590881347656,77.89094543457031,100.75253295898438,2.4542601420208823,18.1727086222566,45.83116089669436,0.0,0.0,0.0,1.5258789062499222e-05,0.3304341634114415,0.002883911132812353,0.0,0.0,0.0741373697916629,0.25885518391925766,0.00034077962239581597,0.0,0.08101908365885004,0.16555786132811656,0.07084655761718389,0.015909830729165856
C:\Users\Fakhri\OneDrive\Documents\SM 6\Prak PC\klasifikasi_jenis_kain_glcm_knn\dataset\Cotton\cotton_081.png,Cotton,14.271813842167859,9.818112191050092,2.8189723593759184,1.0586815678887942,0.3114048914794489,0.09602678406384826,0.06579200873394293,0.011021859137357823,0.8144306007360825,0.12792726329590842,0.004450069792090981,0.0015114502122841494,209.52903747558594,210.32627868652344,179.02232360839844,22.34212759819121,24.93840072890315,31.3325643530556,31.585769653320312,40.44929504394531,211.26644897460938,3.4340267626801757,15.613902068230479,23.63282130292923,8.13802083333292e-05,0.33227030436196225,0.0009816487630207834,0.0,0.0,0.0,0.0,0.0,0.3035481770833179,0.029785156249998484,0.0,0.0,0.0,5.086263020833075e-06,0.06883748372395483,0.2644907633463407
C:\Users\Fakhri\OneDrive\Documents\SM 6\Prak PC\klasifikasi_jenis_kain_glcm_knn\dataset\Nylon\nylon_121.png,Nylon,14.545682942839688,9.32155503080164,2.7097589815208476,0.9433055325406902,0.34057967011711643,0.08995715609283816,0.07447587641286378,0.012328023662055399,0.829154427136703,0.10939744280607341,0.005698636334876359,0.0018951379180410222,86.67005920410156,88.98432922363281,85.32186889648438,23.60812911967513,26.920008217668062,29.811710370546635,66.64775085449219,27.289108276367188,91.35728454589844,37.6558628838746,23.040637154212707,27.95825276080628,0.05380249023437226,0.07849629720051683,0.016901652018228307,0.029327392578123508,0.13792928059895132,0.014216105143228443,0.001780192057291576,0.0008799235026041219,0.29703776041665153,0.03618367513020649,0.00011189778645832764,0.0,0.045242309570310196,0.2465464274088416,0.04152425130208122,2.03450520833323e-05
C:\Users\Fakhri\OneDrive\Documents\SM 6\Prak PC\klasifikasi_jenis_kain_glcm_knn\dataset\Silk\silk_153.png,Silk,40.30925218205663,17.817913456044284,4.631075821571971,1.2055790235859078,0.2350153017464316,0.059092144793087685,0.043840991024656266,0.0061312436965601695,0.7494733435575068,0.11061878922238307,0.0019596246432905997,0.0005763736637274425,175.36392211914062,172.43893432617188,130.88829040527344,32.92934470680388,36.674088450272436,40.26749531329211,28.466323852539062,69.56834411621094,176.01934814453125,2.933434262326167,23.842765061560623,33.73975481669138,0.0008697509765624558,0.33241271972654557,5.086263020833074e-05,0.0,0.0,0.0,0.0,0.0,0.14476013183593012,0.18855794270832374,1.5258789062499222e-05,0.0,0.0,0.026972452799477794,0.19157918294269857,0.11478169759113999
C:\Users\Fakhri\OneDrive\Documents\SM 6\Prak PC\klasifikasi_jenis_kain_glcm_knn\dataset\Nylon\nylon_195.png,Nylon,21.060887753143792,11.757790436635885,3.3838990144284224,1.0784849885953283,0.2801169216877812,0.08078717633439668,0.07411819213384079,0.010030440330768157,0.5340519820832906,0.2598167649347516,0.005594116138418038,0.0015217144445945079,45.170806884765625,53.62693786621094,71.69282531738281,17.439645499947243,19.374239212900573,21.38032947743442,110.58210754394531,97.99714660644531,71.69282531738281,2.477135984794692,19.351395520279755,21.38032947743442,0.0,0.0,0.0,0.0,0.2651367187499865,0.06819661458332986,0.0,0.0,0.007629394531249611,0.2995503743489431,0.026153564453123668,0.0,0.1302083333333267,0.19913228352863568,0.003992716471353963,0.0
C:\Users\Fakhri\OneDrive\Documents\SM 6\Prak PC\klasifikasi_jenis_kain_glcm_knn\dataset\Wool\wool_063.png,Wool,26.45056569822039,11.67781397438656,3.445579155169615,0.9068068520673322,0.30091143566299766,0.06784197753174534,0.06895392870027896,0.009188978616175797,0.6583647169963748,0.15064730673264873,0.00483908161121169,0.0013001412314891092,56.26190185546875,60.16259765625,64.94845581054688,24.39797429806366,24.817077171302845,26.396918967728087,105.38699340820312,36.42962646484375,65.00999450683594,11.635339268409979,13.412121427232563,26.363235367463542,0.0011240641276041095,0.000544230143229139,0.0014546712239582593,0.00949605305989535,0.2574157714843619,0.0616048177083302,0.001515706380208256,0.0001780192057291576,0.32231140136717107,0.011021931966145272,0.0,0.0,0.17958068847655337,0.14471435546874262,0.008539835611978732,0.0004984537760416413
C:\Users\Fakhri\OneDrive\Documents\SM 6\Prak PC\klasifikasi_jenis_kain_glcm_knn\dataset\Denim\denim_091.png,Denim,8.299374178462712,3.9318474330881896,1.8548839399621342,0.5003796046031396,0.4628879945516489,0.07520143612154666,0.14969705862800972,0.01709922538293137,0.6399665394511181,0.17016215476202848,0.02270159287057406,0.005234111382824884,22.851882934570312,28.850006103515625,35.030670166015625,12.094816871215455,13.755064741030303,16.71151747078606,103.71516418457031,89.06808471679688,35.071441650390625,7.5671977130926,23.013615502650666,16.669940758704634,0.00025431315104165373,5.594889322916382e-05,0.00024922688802082063,0.00942993164062452,0.3083038330077968,0.014948527018228406,8.646647135416227e-05,5.086263020833075e-06,0.04267883300781033,0.2768402099609234,0.01381429036458263,0.0,0.3127492268880049,0.020284016927082302,0.0002950032552083183,5.086263020833075e-06
C:\Users\Fakhri\OneDrive\Documents\SM 6\Prak PC\klasifikasi_jenis_kain_glcm_knn\dataset\Denim\denim_050.png,Denim,20.527413156154623,11.097981058113282,2.56868676031197,0.7838320624143373,0.44413047028285274,0.07827459131714255,0.14833571649064814,0.01985322891470846,0.7132925723328677,0.15463654214646275,0.022397635485133766,0.005937559396057844,28.848846435546875,33.70347595214844,36.81135559082031,22.88758868005903,24.043002909259027,25.72257017272266,99.17353820800781,61.65226745605469,36.98390197753906,11.051881925037165,19.367884168920995,25.608638550632293,0.0007019042968749642,0.00021362304687498913,0.0018157958984374076,0.03595987955728983,0.2791595458984233,0.01531982421874922,0.00014750162760415915,1.5258789062499222e-05,0.1654408772786374,0.16775004069009564,0.00014241536458332608,0.0,0.3008168538411305,0.026265462239581996,0.005813598632812204,0.0004374186197916444
C:\Users\Fakhri\OneDrive\Documents\SM 6\Prak PC\klasifikasi_jenis_kain_glcm_knn\dataset\Cotton\cotton_153.png,Cotton,7.36141376266037,4.069018180176001,2.0289130356916343,0.6169213316747081,0.389579771918185,0.08636352107981307,0.09227352465192017,0.0128807628131301,0.7851139889078572,0.1188558467384985,0.008680317402336631,0.002432016891588727,127.3582763671875,62.51954650878906,69.83306884765625,21.976115238467475,14.105272928203076,16.588018267859194,172.44046020507812,130.86534118652344,127.3582763671875,26.73533433007178,10.474104154938107,21.976115238467475,0.007832845052082935,0.0,0.0,0.0,0.0,0.0,0.0,0.3255004882812334,1.017252604166615e-05,0.12416076660155617,0.20916239420571853,0.0,3.560384114583152e-05,0.15879821777342942,0.1743265787760328,0.00017293294270832453
C:\Users\Fakhri\OneDrive\Documents\SM 6\Prak PC\klasifikasi_jenis_kain_glcm_knn\dataset\Silk\silk_093.png,Silk,38.574263527468354,18.238755763090115,4.395401125070601,1.2289443768709583,0.2508575185173401,0.06660327753896746,0.05941118806853604,0.007902778547710763,0.48407145344700836,0.2435033241267297,0.0035921431764891175,0.0009918830379203993,46.16033935546875,57.388275146484375,81.17408752441406,21.731750252233777,24.643233760873112,31.45052432435396,110.32594299316406,113.33049011230469,81.17413330078125,2.1734359966233625,22.720820874550487,31.450525768990637,0.0,0.0,5.086263020833075e-06,5.086263020833075e-06,0.2893524169921728,0.04397074381510193,0.0,0.0,0.008697509765624558,0.24004618326821694,0.08457438151041236,1.5258789062499222e-05,0.11180623372395264,0.1937967936197818,0.027308146158852777,0.00042215983072914516
C:\Users\Fakhri\OneDrive\Documents\SM 6\Prak PC\klasifikasi_jenis_kain_glcm_knn\dataset\Cotton\cotton_156.png,Cotton,14.309378527796694,9.062867521764238,2.8089446882771125,0.9659613539860746,0.3143301135731216,0.08875037177113938,0.0636029181519882,0.01036359810659244,0.8223612525242139,0.112809028686162,0.004152735363163476,0.0013755710383211881,139.89630126953125,70.00111389160156,78.62277221679688,33.16909360378427,21.88045165001022,25.266729021363094,172.67039489746094,129.5669708251953,139.89630126953125,25.036700112865983,13.72377763320098,33.16909360378427,0.0068664550781246505,0.0,0.0,0.0,0.0,0.0,0.0,0.3264668782551917,5.086263020833075e-06,0.14505513509113846,0.18827311197915708,0.0,0.0008748372395832888,0.11883036295572312,0.19687906901040664,0.016749064127603314
C:\Users\Fakhri\OneDrive\Documents\SM 6\Prak PC\klasifikasi_jenis_kain_glcm_knn\dataset\Nylon\nylon_001.png,Nylon,8.073079521703773,3.4894570430301775,2.1230179001702507,0.5184900956858473,0.3777675590208678,0.07476470444620884,0.1045569368748388,0.011525149153004708,0.6618838040548217,0.14617112477072247,0.01106498211164803,0.0025036272377052205,34.23640441894531,39.1373291015625,41.93695068359375,12.78429893861512,14.06226130335935,15.615408911931372,99.15617370605469,47.255157470703125,42.065948486328125,12.00252542122747,13.830019101803245,15.509595778001112,0.0014953613281249239,0.00044759114583331055,0.0016886393229165807,0.026962280273436126,0.282094319661444,0.020009358723957316,0.0005798339843749705,5.594889322916382e-05,0.29253641764321425,0.04079691569010209,0.0,0.0,0.30017089843748473,0.03316243489583164,0.0,0.0
C:\Users\Fakhri\OneDrive\Documents\SM 6\Prak PC\klasifikasi_jenis_kain_glcm_knn\dataset\Silk\silk_199.png,Silk,111.28764168933701,73.42450999913835,7.473735086547653,3.055668796804818,0.17025949852907077,0.080378666281003,0.04388976934524316,0.008871136869159421,0.5143169171134051,0.32009001315583263,0.0020050089225300063,0.0008089637056153415,90.31535339355469,87.909423828125,86.4351806640625,41.4402546084812,42.97591246054542,45.14077113723075,47.94544982910156,21.011001586914062,91.29673767089844,54.64681242882703,14.067547416569449,43.024531325195845,0.1853993733723864,0.051025390624997405,0.004867553710937252,0.0017903645833332422,0.022171020507811372,0.030222574869790127,0.013244628906249325,0.024612426757811248,0.3311004638671706,0.0022328694661457194,0.0,0.0,0.10596211751301544,0.15786743164061695,0.06015014648437194,0.009353637695312023
C:\Users\Fakhri\OneDrive\Documents\SM 6\Prak PC\klasifikasi_jenis_kain_glcm_knn\dataset\Cotton\cotton_018.png,Cotton,4.256497262258893,2.85932173548439,1.4308267148763998,0.544960225112315,0.5083477873904124,0.11272905870209142,0.11932886135507058,0.020064541971658627,0.957562219147658,0.028765679172708288,0.0146419629968301,0.0049828843673901425,216.56900024414062,225.02845764160156,228.792236328125,27.005552492594564,30.236258906136104,27.564409625577852,98.18516540527344,17.475570678710938,229.98204040527344,17.69214065882949,12.080737867647201,25.52667811320229,0.0,0.0,0.011439005533853585,0.047393798828122585,0.25427246093748707,0.0038197835286456388,0.00431823730468728,0.012090047200520218,0.3283030192057125,0.00503031412760391,0.0,0.0,0.0,0.0007883707682291265,0.030136108398435967,0.30240885416665125
C:\Users\Fakhri\OneDrive\Documents\SM 6\Prak PC\klasifikasi_jenis_kain_glcm_knn\dataset\Denim\denim_194.png,Denim,49.158295061744774,26.909904128220848,5.260801821635388,1.5936205189198713,0.18855694195523898,0.05484362707876942,0.040443872508069835,0.005335549867802496,0.6827074662030631,0.173577938712061,0.0016641749158408145,0.0004440782192241724,114.95280456542969,128.01548767089844,145.11746215820312,33.92974709310516,35.751182543002024,36.042239051610906,106.85946655273438,54.82948303222656,145.11746215820312,2.4950136030684313,14.65037876348948,36.042239051610906,0.0,0.0,0.0,0.0,0.3308410644531082,0.0024922688802082064,0.0,0.0,0.2310892740885299,0.10224405924478645,0.0,0.0,0.00030517578124998444,0.11748758951822319,0.17572530110676188,0.0398152669270813
C:\Users\Fakhri\OneDrive\Documents\SM 6\Prak PC\klasifikasi_jenis_kain_glcm_knn\dataset\Silk\silk_161.png,Silk,9.10155328264657,4.114393491894768,1.9278209065761718,0.49916381341654037,0.47240634692085454,0.06863364322217458,0.12518678276865589,0.013408355665523359,0.8908440906462038,0.04956181852950939,0.01585151458161981,0.0033968204695000457,88.44798278808594,40.11656188964844,44.967041015625,33.17525776176567,22.439446438477546,25.848607796813234,159.3484649658203,146.4061279296875,88.44798278808594,52.82216868804156,22.49038100697947,33.17525776176567,0.03319803873697748,0.0,0.0,0.0,0.0,0.0,0.0,0.30013529459633886,0.00014241536458332608,0.07628885904947529,0.2568155924479036,8.646647135416227e-05,0.09935506184895328,0.18563334147134472,0.047058105468747606,0.0012868245442707678
C:\Users\Fakhri\OneDrive\Documents\SM 6\Prak PC\klasifikasi_jenis_kain_glcm_knn\dataset\Denim\denim_057.png,Denim,8.86427340684975,5.094253860619784,2.0118651318604646,0.6226530873538338,0.437044470500979,0.08112079723148492,0.1298118547511197,0.016719688705648345,0.7503807210090158,0.1433762070870592,0.01713066562433958,0.004421489203290296,25.565643310546875,32.552642822265625,37.57356262207031,15.331224402760357,17.124470893752076,19.368628202918753,101.02444458007812,85.58474731445312,37.64068603515625,6.928054389130819,19.93257575409805,19.293394990307227,6.103515624999689e-05,3.0517578124998445e-05,0.00028483072916665216,0.01512145996093673,0.31493123372394227,0.0029042561848956856,0.0,0.0,0.044987996419268546,0.28265889485675644,0.005686442057291377,0.0,0.2984008789062348,0.03466796874999824,0.00026448567708331987,0.0
C:\Users\Fakhri\OneDrive\Documents\SM 6\Prak PC\klasifikasi_jenis_kain_glcm_knn\dataset\Denim\denim_095.png,Denim,7.093714445237054,4.531817850691556,1.714870421639023,0.6327936019532682,0.4925726118862166,0.10050722608132096,0.16461130953209333,0.023853989844032596,0.7082797891148943,0.18687766593398103,0.02766589605734986,0.007993681942215102,22.051956176757812,26.117416381835938,30.711685180664062,12.806299762891948,13.870310762346753,17.249100942640577,102.35311889648438,72.81259155273438,30.846282958984375,13.462548262728118,21.546005441503354,17.11402327629906,0.0016835530598957476,0.0003814697265624806,0.002334594726562381,0.028132120768227735,0.25637817382811195,0.043945312499997766,0.0003967285156249798,8.13802083333292e-05,0.1008809407552032,0.23041788736977994,0.00203450520833323,0.0,0.3137766520182132,0.019414265950519843,0.00014241536458332608,0.0
C:\Users\Fakhri\OneDrive\Documents\SM 6\Prak PC\klasifikasi_jenis_kain_glcm_knn\dataset\Silk\silk_147.png,Silk,88.86289592825933,44.856094074397525,6.946630747959425,2.1097996338455416,0.17154379443494028,0.05167757634918323,0.0388367320733593,0.005003251454270812,0.4742061060914012,0.26544657783906017,0.0015333242832525579,0.00040240641528942964,108.15884399414062,149.52920532226562,145.04965209960938,34.818199019209736,37.72927269243376,38.32603296372927,86.59498596191406,73.50088500976562,149.60574340820312,2.2183329011666926,16.161214192844103,37.76731893595422,5.086263020833075e-06,0.0,0.0,0.31015523274738005,0.023173014322915488,0.0,0.0,0.0,0.08608500162759979,0.24724833170571658,0.0,0.0,0.0,0.107955932617182,0.1723887125650954,0.052988688151038965
C:\Users\Fakhri\OneDrive\Documents\SM 6\Prak PC\klasifikasi_jenis_kain_glcm_knn\dataset\Wool\wool_175.png,Wool,14.929695120246643,8.983425641196842,2.761207254174096,0.9429591019863043,0.33226314970807397,0.09262660156684183,0.06517220494230007,0.011139878181216565,0.8227834637617519,0.10660458645213385,0.0043715131829335065,0.001532429139641605,184.46080017089844,192.02789306640625,197.73416137695312,25.1243456993649,26.271615859263253,26.591687364772447,102.64512634277344,17.1463623046875,197.74575805664062,4.483843649367913,3.413298355499734,26.589380878211244,2.03450520833323e-05,0.0,6.612141927082997e-05,0.0023549397786457133,0.3274180094400875,0.0034383138020831583,3.560384114583152e-05,0.0,0.3333333333333164,0.0,0.0,0.0,0.0,0.0024058024088540442,0.12455240885416033,0.20637512207030198
C:\Users\Fakhri\OneDrive\Documents\SM 6\Prak PC\klasifikasi_jenis_kain_glcm_knn\dataset\Nylon\nylon_130.png,Nylon,7.1654128554476175,4.154687571436942,1.9396170498443273,0.6237175610844631,0.41256316034947865,0.09283795337160733,0.09600731728259902,0.014131645996273978,0.8052680906664058,0.11301173585431952,0.009417108390365645,0.002823277669563792,56.01887512207031,48.07057189941406,44.39949035644531,21.363462187932722,16.810645974164938,13.359205923960342,74.50128173828125,56.97096252441406,57.05476379394531,64.65089920399868,35.57922071922237,20.661218071591676,0.1250101725260353,0.03345235188801913,0.013442993164061815,0.026143391927082003,0.04346211751301862,0.009440104166666186,0.004496256510416438,0.07788594563801687,0.1834462483723865,0.1458943684895759,0.003992716471353963,0.0,0.21464029947915575,0.11848449707030646,0.00020853678385415606,0.0
C:\Users\Fakhri\OneDrive\Documents\SM 6\Prak PC\klasifikasi_jenis_kain_glcm_knn\dataset\Silk\silk_165.png,Silk,14.126203487622286,6.35023180766871,2.431578148680685,0.6371122991033575,0.4158412264182602,0.06608428018801694,0.11219071274985494,0.011052626575676239,0.8138814520457119,0.08376415925918324,0.012708916581541814,0.002515033366882587,63.46380615234375,39.98649597167969,59.71241760253906,26.752138468917924,22.36736659225254,31.807168974095568,156.35520935058594,104.0985107421875,64.68466186523438,7.738016110977145,21.06313751420399,29.056971716215138,1.017252604166615e-05,0.0,0.0,0.0,0.0,3.560384114583152e-05,0.17665608723957435,0.15663146972655453,0.0068664550781246505,0.2735341389973819,0.05293273925780981,0.0,0.18373107910155315,0.13736470540363885,0.011942545572916059,0.0002950032552083183
C:\Users\Fakhri\OneDrive\Documents\SM 6\Prak PC\klasifikasi_jenis_kain_glcm_knn\dataset\Cotton\cotton_178.png,Cotton,3.588439462801828,1.945781742246994,1.319105568354433,0.40532605159848145,0.5288362758975813,0.08818116820310747,0.16849222228909044,0.021565132888821368,0.6831366600524341,0.17150239633856387,0.028854683928428784,0.007421341418005841,21.750137329101562,26.611190795898438,29.059402465820312,8.273068167396259,9.80615632102042,11.327995517975193,97.91905212402344,64.05633544921875,29.216110229492188,12.100837194002104,16.765110776677577,11.189078094719594,0.001708984374999913,0.0002390543619791545,0.0015309651692707554,0.035227457682289874,0.28011067708331905,0.014119466145832614,0.00034077962239581597,5.594889322916382e-05,0.1435699462890552,0.189737955729157,2.543131510416537e-05,0.0,0.33202107747394144,0.0013122558593749332,0.0,0.0
C:\Users\Fakhri\OneDrive\Documents\SM 6\Prak PC\klasifikasi_jenis_kain_glcm_knn\dataset\Nylon\nylon_103.png,Nylon,14.922734018746896,9.010618774015725,2.707238730732364,0.9006455494912479,0.34378232242802675,0.08690649726604506,0.07096320514412403,0.011096456553186772,0.846266306577708,0.09277067822725799,0.005158907832363792,0.001636080133619381,81.45942687988281,70.90571594238281,62.43669128417969,24.703002733604432,29.151793482989376,32.413182977429486,31.251556396484375,73.61708068847656,82.88282775878906,39.167999495370424,40.06778117157346,26.767865137879287,0.2625376383463408,0.00793965657552043,0.0016784667968749146,0.002390543619791545,0.04371643066406027,0.007573445638020448,0.0031127929687498417,0.00438435872395811,0.11681111653645239,0.19503784179686506,0.021484374999998907,0.0,0.08229064941405831,0.22721354166665508,0.023681640624998793,0.00014750162760415915
C:\Users\Fakhri\OneDrive\Documents\SM 6\Prak PC\klasifikasi_jenis_kain_glcm_knn\dataset\Cotton\cotton_132.png,Cotton,26.877401091173038,13.951043896431692,3.6982141090440535,1.1018224884862182,0.28430056173672785,0.07094989807057571,0.06633450798430271,0.009523791091070207,0.8290215369124866,0.08893693897920613,0.004490969546265868,0.0012921830035348796,210.2282257080078,205.5553741455078,214.98489379882812,34.558759860829696,36.467823016859846,33.85200176880116,129.24790954589844,12.703475952148438,215.40040588378906,26.9593791469153,6.861161774525491,33.807439445648065,0.005793253580728872,0.0017445882161457446,0.011408487955728585,0.0024871826171873734,0.009780883789062002,0.14510599772134677,0.14133707682290947,0.015675862630207534,0.3333333333333164,0.0,0.0,0.0,0.0,0.003829956054687305,0.07760111490885022,0.25190226236977886
C:\Users\Fakhri\OneDrive\Documents\SM 6\Prak PC\klasifikasi_jenis_kain_glcm_knn\dataset\Denim\denim_188.png,Denim,42.23156924692214,30.607028594459415,4.770550061008843,1.81537452611453,0.21413661464876277,0.0729437408590192,0.04151152934433106,0.007266699975607194,0.792171580112123,0.1505653541467276,0.0017760119970407487,0.0006434377318025112,86.04373168945312,98.19252014160156,113.76644897460938,37.58679341144322,40.99987420287638,44.08817114075505,106.82086181640625,65.392578125,113.76655578613281,2.7473934450033695,16.236289358488545,44.08816184262971,0.0,0.0,0.0,2.543131510416537e-05,0.32681274414060835,0.006495157877603836,0.0,0.0,0.15606689453124206,0.17717488606769932,9.155273437499534e-05,0.0,0.04063924153645626,0.17498270670572025,0.09879557291666163,0.018915812174478203
C:\Users\Fakhri\OneDrive\Documents\SM 6\Prak PC\klasifikasi_jenis_kain_glcm_knn\dataset\Denim\denim_087.png,Denim,6.406720132984218,3.0296078805544893,1.6552289011732586,0.44767670057078984,0.48452868899411344,0.07717073151688138,0.1581702497010952,0.017912171493984937,0.6298056820313592,0.17475962393374697,0.02533867377813673,0.005775454574878029,22.878265380859375,26.97320556640625,33.1612548828125,10.33779213891935,11.942632847239063,14.707714365359545,106.85035705566406,77.00721740722656,33.19337463378906,12.73495700095388,24.530973073361565,14.671958388868408,0.0023549397786457133,0.0003356933593749829,0.0006713867187499658,0.0063578287760413426,0.2522837320963413,0.06933593749999648,0.0015970865885415854,0.0003967285156249798,0.0888875325520788,0.24079386393227942,0.0036519368489581474,0.0,0.3209482828775878,0.012196858723957713,0.00018819173177082375,0.0
C:\Users\Fakhri\OneDrive\Documents\SM 6\Prak PC\klasifikasi_jenis_kain_glcm_knn\dataset\Cotton\cotton_189.png,Cotton,7.209623345177621,3.582858185658505,1.9735566874928097,0.5455319137036652,0.4044781675001106,0.08005908351401662,0.10946899043028506,0.012724990399698934,0.6339831551439765,0.18169286918676708,0.01214538524649827,0.002865807542827352,33.85517883300781,41.23138427734375,44.698486328125,11.263974137810806,12.923390701908183,14.017616136915807,98.83370971679688,62.91557312011719,44.77708435058594,6.588070727523563,13.26460576205172,13.948571936830122,7.629394531249611e-05,2.03450520833323e-05,0.00028991699218748525,0.016601562499999153,0.3134256998697757,0.0029042561848956856,1.5258789062499222e-05,0.0,0.16907755533853305,0.16423543294269996,2.03450520833323e-05,0.0,0.3018798828124846,0.0314331054687484,2.03450520833323e-05,0.0
C:\Users\Fakhri\OneDrive\Documents\SM 6\Prak PC\klasifikasi_jenis_kain_glcm_knn\dataset\Wool\wool_198.png,Wool,37.16579255485993,26.852001532410604,4.505745042156941,1.829767366783649,0.22462980309269787,0.09420779396805266,0.053966803602143336,0.01029550565698598,0.6545764553490226,0.24941610354060925,0.0030184133277653406,0.001241231280879111,84.92366027832031,84.36805725097656,99.97303771972656,27.874193413511723,29.278198497762965,33.214199751783134,121.83990478515625,42.26806640625,99.973876953125,5.231296145883364,9.011969011830855,33.21303236318986,3.560384114583152e-05,2.03450520833323e-05,0.0,1.5258789062499222e-05,0.004323323567708114,0.3237406412760252,0.005106608072916407,9.155273437499534e-05,0.3291117350260249,0.004221598307291452,0.0,0.0,0.038243611653643886,0.22525533040363435,0.06783040364582987,0.002003987630208231
C:\Users\Fakhri\OneDrive\Documents\SM 6\Prak PC\klasifikasi_jenis_kain_glcm_knn\dataset\Nylon\nylon_011.png,Nylon,11.571572292722982,5.2731454680553975,2.5376948390467216,0.6509235349473756,0.34165345516561074,0.07581327487534142,0.09768028867260055,0.011777665124673133,0.6696631924516468,0.15055830029622236,0.009680152190951518,0.0023880331525416533,34.639617919921875,37.96699523925781,41.09049987792969,15.70875428484694,16.95375125333289,18.6885778804945,101.94189453125,40.68756103515625,41.19700622558594,18.37972722262055,15.316630152778298,18.601694342692074,0.005493164062499721,0.0013936360677082624,0.0033264160156248304,0.017979939778644916,0.24667358398436243,0.054799397786455546,0.003056844075520678,0.0006103515624999689,0.3085378011067551,0.024795532226561237,0.0,0.0,0.28580220540363127,0.04752604166666425,5.086263020833075e-06,0.0
C:\Users\Fakhri\OneDrive\Documents\SM 6\Prak PC\klasifikasi_jenis_kain_glcm_knn\dataset\Cotton\cotton_135.png,Cotton,12.693014851436983,7.623019686855691,2.569143472043539,0.8422614469406575,0.3456695257574802,0.08532690936808188,0.05723491379909563,0.009200251620720292,0.9288321953983575,0.04279931905898306,0.0033604799874744737,0.0010865415130409816,123.66830444335938,111.36532592773438,117.24700927734375,37.06329161690904,38.23814963813374,38.335156045743936,135.92835998535156,29.00933837890625,123.80816650390625,58.71289873351558,13.074201993444285,37.22841316170515,0.054534912109372224,0.0017395019531249115,0.00024922688802082063,0.0003306070963541498,0.0009867350260416164,0.003016153971354013,0.05370585123697643,0.21877034505207218,0.3310445149739415,0.0022888183593748833,0.0,0.0,0.008199055989582916,0.1871083577473863,0.11861673990884812,0.01940917968749901
C:\Users\Fakhri\OneDrive\Documents\SM 6\Prak PC\klasifikasi_jenis_kain_glcm_knn\dataset\Wool\wool_082.png,Wool,10.41696599407859,5.756492109424952,2.2766363440414894,0.7013626816845974,0.3801772055502452,0.0847175802917334,0.07251661029045338,0.010919897000415986,0.8806424082767572,0.06593975438287905,0.005377902918517184,0.001624255445684664,85.56224060058594,92.06318664550781,97.24504089355469,24.948761616271593,26.728179115670937,28.813714822472168,102.27523803710938,30.375595092773438,97.28105163574219,6.93091966071175,7.914546164947321,28.779184488214497,0.00022379557291665527,8.646647135416227e-05,0.0003153483072916506,0.007441202799478788,0.31729125976560885,0.007904052734374598,7.120768229166304e-05,0.0,0.3331247965494622,0.00020853678385415606,0.0,0.0,0.03430684407551909,0.24923706054686232,0.048878987630205845,0.0009104410807291203
C:\Users\Fakhri\OneDrive\Documents\SM 6\Prak PC\klasifikasi_jenis_kain_glcm_knn\dataset\Silk\silk_056.png,Silk,41.912047004192694,14.02873224800531,3.8860493163907672,0.8044084695994955,0.35996848277220844,0.05389404886790392,0.10696841564139287,0.011770226193735647,0.4367481276641619,0.18860213839998738,0.011580780169481485,0.002588483265036014,81.8641357421875,36.67561340332031,39.973846435546875,26.971625292754347,23.48735286075678,24.261460943913576,154.16366577148438,149.0129852294922,81.8641357421875,59.71014128522877,28.91952132781172,26.971625292754347,0.04379272460937277,0.0,0.0,0.0,0.0,0.0,0.0,0.2895406087239436,0.0038553873697914705,0.06589762369791331,0.2627360026041533,0.0008443196614582903,0.08395894368489155,0.22574361165363435,0.021840413411457222,0.0017903645833332422
C:\Users\Fakhri\OneDrive\Documents\SM 6\Prak PC\klasifikasi_jenis_kain_glcm_knn\dataset\Wool\wool_160.png,Wool,10.30996405191207,5.421359584654581,2.13730399380092,0.6836652292826182,0.43573538485016505,0.09272214958261231,0.14563051039632308,0.022296838402273193,0.5824034792475482,0.22004531409147446,0.021705394561030645,0.006727188887607878,22.41571044921875,24.360015869140625,28.740203857421875,12.750569878814034,14.22287767694816,17.13710149538025,103.6185302734375,55.75038146972656,28.895523071289062,31.49760918565359,24.69961551583348,16.997361661247062,0.020421346028644795,0.0037841796874998074,0.00511169433593724,0.011082967122395268,0.15345764160155467,0.1218414306640563,0.012700398763020187,0.004933675130208082,0.2006886800130106,0.13165283203124328,0.0009867350260416164,5.086263020833075e-06,0.3179473876952963,0.015350341796874218,3.560384114583152e-05,0.0
C:\Users\Fakhri\OneDrive\Documents\SM 6\Prak PC\klasifikasi_jenis_kain_glcm_knn\dataset\Nylon\nylon_029.png,Nylon,25.477070980608953,13.833506939706805,3.4763999224163036,1.0700703169616148,0.31610254243593,0.07484230886756375,0.07479597724587819,0.011783116761234811,0.6944756667396672,0.16593943444130532,0.00573328005277482,0.00180785788188883,55.921783447265625,61.13444519042969,64.9039306640625,24.732201254611546,25.857622557777677,28.66455414335587,99.65223693847656,37.28379821777344,65.16142272949219,14.277210227258799,14.393370266175815,28.461953800850882,0.0017293294270832452,0.0010630289713541125,0.004837036132812254,0.03496297200520655,0.26098632812498673,0.028111775716144403,0.0013020833333332671,0.00034077962239581597,0.31669108072915053,0.016637166341144986,5.086263020833075e-06,0.0,0.17407735188801196,0.14891560872395074,0.01028951009114531,5.086263020833074e-05
C:\Users\Fakhri\OneDrive\Documents\SM 6\Prak PC\klasifikasi_jenis_kain_glcm_knn\dataset\Cotton\cotton_101.png,Cotton,15.19561701397212,9.124268574240375,2.924801956650352,0.963549740273249,0.3024457796847296,0.08126829499753888,0.06920651152838572,0.010356604513222609,0.7463506427700516,0.15231214210715677,0.004896800494971887,0.0014821185693113974,54.715484619140625,63.376220703125,53.447174072265625,20.731965806984533,22.518741483313534,21.65173913488654,56.34019470214844,45.58564758300781,63.37640380859375,6.885723126137206,14.932060118220122,22.51850532641469,2.543131510416537e-05,0.009785970052082834,0.30299377441404707,0.02048238118489479,4.577636718749767e-05,0.0,0.0,0.0,0.2868550618489437,0.046478271484372634,0.0,0.0,0.1762644449869702,0.15527852376301293,0.0017903645833332422,0.0
C:\Users\Fakhri\OneDrive\Documents\SM 6\Prak PC\klasifikasi_jenis_kain_glcm_knn\dataset\Wool\wool_118.png,Wool,5.513282405489616,2.8952862226092746,1.6521160916657458,0.49158211922979117,0.4642009968416629,0.08742945991541223,0.07459936810355172,0.010810164741893094,0.951408524726897,0.025579271479803843,0.005681925383196077,0.0016448326822832697,111.24929809570312,85.1279296875,68.56385803222656,37.878865154724565,28.206330820412017,24.08886756491553,14.864028930664062,95.52284240722656,111.41294860839844,14.374188666911037,32.15550067766617,37.71390153935929,0.3037058512369637,0.018534342447915724,0.00701395670572881,0.0020141601562498977,0.00044250488281247745,0.00014241536458332608,0.00013224283854165994,0.0013478597005207647,0.052388509114580664,0.24309794108071678,0.03784688313801891,0.0,0.041371663411456226,0.1692097981770747,0.12123107910155632,0.0015207926432290893
C:\Users\Fakhri\OneDrive\Documents\SM 6\Prak PC\klasifikasi_jenis_kain_glcm_knn\dataset\Wool\wool_098.png,Wool,43.85103314198122,23.200051311003655,4.61938202998973,1.4063771510320318,0.23386787221239955,0.06588779422037314,0.05926424604680541,0.007949478450913108,0.610097242978786,0.20612787253501189,0.003575445067137821,0.000974679877328075,75.65475463867188,79.22511291503906,74.62716674804688,28.948351539602907,30.703848072440927,29.117814828469154,60.84814453125,20.857284545898438,79.65390014648438,27.672127199666118,11.190444427438145,30.604302776497775,0.013102213541666,0.08869934082030799,0.11322021484374424,0.05217997233072651,0.05207824707030985,0.010904947916666111,0.0021464029947915572,0.0010019938151041156,0.3329518636067539,0.0003814697265624806,0.0,0.0,0.1101074218749944,0.1918436686197819,0.030792236328123432,0.0005900065104166366
C:\Users\Fakhri\OneDrive\Documents\SM 6\Prak PC\klasifikasi_jenis_kain_glcm_knn\dataset\Wool\wool_190.png,Wool,18.15257921419805,12.206998861236645,3.071756738039135,1.2058937416997964,0.3185133165142379,0.10841886830175936,0.08854768559607823,0.01586212000581414,0.5939669697245485,0.27232492034793204,0.00809229947550077,0.0030404885658957765,94.80599975585938,46.54362487792969,50.42396545410156,21.09596106787562,18.07721056852018,19.409925175284148,155.81321716308594,133.80604553222656,94.80599975585938,57.50290766670034,23.785595897860357,21.09596106787562,0.04019673665364379,0.0,0.0,0.0,0.0,0.0,0.0,0.29313659667967257,0.0003000895182291514,0.13727823893228466,0.19575500488280254,0.0,0.008127848307291253,0.29611714680988077,0.02908833821614435,0.0
C:\Users\Fakhri\OneDrive\Documents\SM 6\Prak PC\klasifikasi_jenis_kain_glcm_knn\dataset\Silk\silk_081.png,Silk,24.44754178440988,10.1667870956991,3.389209000403065,0.8291491932614796,0.32437089425586835,0.06227043426183087,0.10071041561455561,0.012273100439217042,0.5800803401502984,0.17501491565409427,0.010293216807647635,0.0025378499245717143,31.586532592773438,44.80767822265625,49.541229248046875,18.662434391650873,22.756027588987813,24.872128605117684,95.36245727539062,100.92166137695312,50.83238220214844,10.418471987840013,20.85425740764516,25.23099995526192,5.086263020833075e-06,0.0,5.594889322916382e-05,0.1120147705078068,0.21781412760415558,0.0034434000651039913,0.0,0.0,0.014704386393228418,0.2872365315755062,0.03139241536458173,0.0,0.2447611490885292,0.085255940755204,0.0033162434895831643,0.0
C:\Users\Fakhri\OneDrive\Documents\SM 6\Prak PC\klasifikasi_jenis_kain_glcm_knn\dataset\Cotton\cotton_114.png,Cotton,2.7063946891396475,1.4811894877312584,1.1945954943938704,0.3719288689396569,0.539026270385956,0.0928115763002804,0.12872292972476046,0.017741749446289954,0.8746053794741222,0.06865861294228025,0.016884362310340545,0.004640155318603528,43.9345703125,55.82762145996094,73.29913330078125,11.948673750890197,13.09194104334036,16.5424350520701,107.75645446777344,103.67938232421875,73.29913330078125,2.0979645438025862,11.146695826168976,16.5424350520701,0.0,0.0,0.0,0.0,0.330418904622379,0.0029144287109373517,0.0,0.0,0.0,0.32650756835935835,0.006825764973957986,0.0,0.09601338704426594,0.23720296223957124,0.00011698404947916071,0.0
C:\Users\Fakhri\OneDrive\Documents\SM 6\Prak PC\klasifikasi_jenis_kain_glcm_knn\dataset\Cotton\cotton_181.png,Cotton,35.0455825740274,19.079468637466235,4.3870716124271025,1.334693819668658,0.228914808631712,0.06449503856426632,0.05325960141363106,0.007537198616120408,0.6589110293060553,0.18632542047335443,0.002893394505717698,0.000827472380683324,69.76509094238281,89.00721740722656,118.00840759277344,26.600395353161087,29.387484253459,33.0714157844063,107.9141845703125,106.80863952636719,118.00840759277344,1.9542628483361506,25.051392229361753,33.0714157844063,0.0,0.0,0.0,0.0,0.33125813802081644,0.002075195312499894,0.0,0.0,0.02246602376301969,0.24662780761717495,0.06423950195312172,0.0,0.007456461588541287,0.2037607828775938,0.11568196614582744,0.006434122721353839
C:\Users\Fakhri\OneDrive\Documents\SM 6\Prak PC\klasifikasi_jenis_kain_glcm_knn\dataset\Nylon\nylon_055.png,Nylon,1.788663956232084,0.619020856208361,0.9676070613535112,0.20508159608878598,0.595336459399218,0.06378493265616968,0.08593669060580895,0.008199664771114976,0.9886983906376751,0.003920215068792573,0.007452349294637198,0.0014392268621354527,182.39064025878906,122.23173522949219,125.74383544921875,37.981350030175896,34.654049722759375,36.005828705443435,137.6346435546875,87.00746154785156,182.39064025878906,74.04154357889745,15.124115898228062,37.981350030175896,0.07519022623697534,0.0,0.0,0.0,0.0,0.0,0.0,0.25814310709634103,0.027486165364581934,0.3058471679687344,0.0,0.0,0.0,0.029790242513019316,0.15240987141926307,0.15113321940103397
C:\Users\Fakhri\OneDrive\Documents\SM 6\Prak PC\klasifikasi_jenis_kain_glcm_knn\dataset\Silk\silk_019.png,Silk,92.64626645105453,40.76596445858276,7.501870143979062,2.042094924636966,0.13673313420312735,0.052663130617058226,0.033798104109499696,0.004404485918580834,0.4264973583513529,0.2518090732771227,0.001161711337603557,0.00034141032064937787,175.05137634277344,178.49966430664062,184.56884765625,35.50235665593388,36.20169742729232,36.137022001284535,109.10574340820312,13.548690795898438,184.57823181152344,9.891744356662231,4.787196037934265,36.14399339376111,0.0010426839192707801,0.00011189778645832764,0.0002187093098958222,0.0014902750651040908,0.2302551269531133,0.09792582194009918,0.002176920572916556,0.00011189778645832764,0.3333333333333164,0.0,0.0,0.0,0.0,0.021647135416665565,0.16369628906249167,0.14798990885415914
C:\Users\Fakhri\OneDrive\Documents\SM 6\Prak PC\klasifikasi_jenis_kain_glcm_knn\dataset\Nylon\nylon_137.png,Nylon,4.247387153891201,3.2086005348803712,1.5496441568322112,0.6650046450153829,0.4596558714244969,0.13686336447475744,0.10109842509942298,0.019345388234012946,0.8951925387462168,0.07916109255963,0.010595135603508327,0.004026119611345902,59.77301025390625,86.50227355957031,125.79182434082031,15.466992729128137,17.923827874401702,25.844601041772243,107.73358154296875,135.19142150878906,125.79182434082031,1.142298201155225,9.72012024444907,25.844601041772243,0.0,0.0,0.0,0.0,0.3333333333333164,0.0,0.0,0.0,0.0,0.07184346516926718,0.2614898681640492,0.0,0.00010681152343749457,0.17465209960936612,0.15856933593749192,5.086263020833075e-06
C:\Users\Fakhri\OneDrive\Documents\SM 6\Prak PC\klasifikasi_jenis_kain_glcm_knn\dataset\Wool\wool_180.png,Wool,14.496013977944948,7.607519718813706,2.4963285948313403,0.7949069704230664,0.4188105351848874,0.08706312250480894,0.14827345147112928,0.02265501521419747,0.5491760188346798,0.23597410832275287,0.022498266125516846,0.006807464176127892,23.597015380859375,26.292327880859375,27.981216430664062,15.384791871377377,15.985357060662867,17.819423629316166,93.8582763671875,47.25569152832031,28.396408081054688,25.044236884573913,22.481822619255624,17.581985129318277,0.010630289713541125,0.003992716471353963,0.015838623046874195,0.060587565104163583,0.186599731445303,0.05150858561197654,0.003260294596354001,0.0009155273437499534,0.2606760660807159,0.07122802734374638,0.0014241536458332608,5.086263020833075e-06,0.3156534830729006,0.01763407389322827,4.577636718749767e-05,0.0
C:\Users\Fakhri\OneDrive\Documents\SM 6\Prak PC\klasifikasi_jenis_kain_glcm_knn\dataset\Silk\silk_133.png,Silk,56.11552972955307,20.360576952379947,4.929497667409584,1.0865222132870533,0.25269451790866543,0.05184522815466606,0.06594171610499101,0.007694084325773352,0.45684652581979,0.1969738768429228,0.004407508856483344,0.0010516811423595539,63.85626220703125,66.19920349121094,67.16474914550781,28.02016539985747,29.008259195239663,29.867743903866998,84.52192687988281,23.19952392578125,68.71669006347656,39.24857721187025,13.817710494452747,29.70514401274833,0.03329467773437331,0.0301259358723943,0.03005981445312347,0.041503906249997884,0.1298421223958267,0.04724629720051843,0.012929280598957675,0.008331298828124575,0.33005269368487905,0.003280639648437333,0.0,0.0,0.17967732747394918,0.13557942708332643,0.016896565755207472,0.0011800130208332732
C:\Users\Fakhri\OneDrive\Documents\SM 6\Prak PC\klasifikasi_jenis_kain_glcm_knn\dataset\Silk\silk_038.png,Silk,58.6373578125768,21.520765291810307,4.823781822355721,1.0925069270101395,0.30025910007154294,0.05432144763777483,0.09537952206414095,0.01147799960153396,0.3692772720937332,0.2312378171488051,0.009228997704036764,0.0022559614373039404,38.921234130859375,48.575897216796875,74.39134216308594,25.634974302879943,27.475512470381382,31.059375198360474,111.90170288085938,129.98170471191406,74.39134216308594,1.908724899710512,27.442363768863707,31.059375198360474,1.017252604166615e-05,0.0,0.0,0.0,0.21187337239582255,0.12144978841145215,0.0,0.0,0.009811401367187,0.11416625976561919,0.2093454996744685,1.017252604166615e-05,0.15867106119790858,0.14901224772134658,0.023696899414061293,0.0019531249999999005
C:\Users\Fakhri\OneDrive\Documents\SM 6\Prak PC\klasifikasi_jenis_kain_glcm_knn\dataset\Nylon\nylon_122.png,Nylon,13.926149315832317,9.28236558921846,2.6812912149271124,0.9694556940960148,0.34113247946635594,0.09320945422315592,0.06894219143979927,0.011909278434939583,0.8571644609718873,0.09527454967284094,0.004894856673362849,0.0017096560153144543,86.74992370605469,89.43013000488281,85.74235534667969,25.42498771484998,28.840242960715347,31.471377170784816,67.6917724609375,28.517333984375,91.86624145507812,36.719229510605516,22.900995647189557,29.785597966125962,0.04618835449218515,0.08100382486978754,0.020161946614582305,0.030202229817706795,0.14049784342447202,0.013173421223957663,0.001368204752604097,0.0007375081380207957,0.29587300618488077,0.0373535156249981,0.00010681152343749457,0.0,0.05125427246093489,0.2366231282551963,0.045023600260414375,0.0004323323567708113
C:\Users\Fakhri\OneDrive\Documents\SM 6\Prak PC\klasifikasi_jenis_kain_glcm_knn\dataset\Cotton\cotton_056.png,Cotton,24.669549094032053,16.6458555867375,3.6945220830436227,1.3651698884960868,0.2583381898359496,0.08409663378511875,0.046113849888871794,0.008196963042089393,0.860407119735048,0.09410605678837866,0.0021936773546867815,0.000780400363112637,171.9729766845703,171.23866271972656,162.7860870361328,36.210403840331246,38.00036261065595,39.060219885420636,32.879791259765625,16.676681518554688,172.9600830078125,16.354209220660728,10.848337891493383,36.86302266278309,0.0733388264973921,0.20662434895832282,0.03704833984374811,0.01043701171874947,0.00489807128906225,0.0004933675130208082,0.0001627604166666584,0.0003306070963541498,0.3331756591796705,0.0001576741536458253,0.0,0.0,0.0,0.04735310872395592,0.16299947102863754,0.1229807535807229
C:\Users\Fakhri\OneDrive\Documents\SM 6\Prak PC\klasifikasi_jenis_kain_glcm_knn\dataset\Wool\wool_080.png,Wool,10.68844258981629,5.955593641676234,2.350284575216497,0.7262261072048758,0.3674244283962887,0.08476178243022274,0.05548254725696212,0.008476892952335627,0.942251930036179,0.03213458084896831,0.003150170764246393,0.0009689486514207095,79.94241333007812,91.63603210449219,114.35260009765625,34.596827902472924,38.94218057120691,46.36557529921032,109.89591979980469,78.61326599121094,114.35260009765625,2.30549201051752,14.345247331794273,46.36557529921032,0.0,0.0,0.0,0.0,0.29985046386717223,0.03347778320312329,5.086263020833075e-06,0.0,0.04306030273437281,0.2896931966145686,0.0005798339843749705,0.0,0.05953979492187197,0.13268025716145157,0.12869262695311845,0.012420654296874367
C:\Users\Fakhri\OneDrive\Documents\SM 6\Prak PC\klasifikasi_jenis_kain_glcm_knn\dataset\Denim\denim_139.png,Denim,46.03257322908946,31.01089139478527,4.932591326659552,1.795632780570372,0.2130434833628612,0.07236441599815524,0.036584944495712965,0.006582107984057538,0.8039471936290011,0.13191164260943825,0.0013817823092681925,0.0005174174188439438,128.39515686035156,135.65713500976562,151.39210510253906,43.290078286279176,43.37914875407802,43.12996975779211,110.655517578125,42.15080261230469,151.39218139648438,2.333875568998058,15.150241750554457,43.13014436486946,0.0,0.0,0.0,2.03450520833323e-05,0.264389038085924,0.06892395019530899,0.0,0.0,0.2993723551432139,0.03396097819010244,0.0,0.0,0.0022989908854165494,0.10615539550780709,0.15502421061197127,0.06985473632812145
C:\Users\Fakhri\OneDrive\Documents\SM 6\Prak PC\klasifikasi_jenis_kain_glcm_knn\dataset\Nylon\nylon_092.png,Nylon,6.266179074618925,3.824173594591474,1.8790040291578096,0.6385629472506,0.4073445940830336,0.10124856385228449,0.1035909400063472,0.014985847590528211,0.7297524806495773,0.16495521088606543,0.010955658479405167,0.00317010620922989,42.340240478515625,48.17256164550781,55.79681396484375,12.933059486303282,13.619627567267406,15.050049950782721,106.79566955566406,63.12889099121094,55.79750061035156,3.662777149574782,12.126516507848532,15.048443518257237,1.5258789062499222e-05,0.0,0.0,0.00019327799479165682,0.3190867106119629,0.014038085937499285,0.0,0.0,0.17358398437499117,0.15974426269530437,5.086263020833075e-06,0.0,0.2282765706380092,0.10505676269530716,0.0,0.0
C:\Users\Fakhri\OneDrive\Documents\SM 6\Prak PC\klasifikasi_jenis_kain_glcm_knn\dataset\Silk\silk_008.png,Silk,90.35179587150317,32.98832526244672,6.3506330523036025,1.390221724152216,0.22569582084908865,0.04586054692821579,0.05021688170191537,0.005931773016108973,0.5651170184371536,0.15891706299121655,0.0025569211389788013,0.0006167207990311222,93.79891967773438,127.61538696289062,146.1499481201172,41.26380831037574,41.34538780309178,38.674360214446416,100.33793640136719,97.1282958984375,146.1661834716797,2.712768210990516,28.296274089014744,38.716338291559346,3.0517578124998445e-05,0.0,5.086263020833075e-06,0.002161661783854057,0.3311309814452956,5.086263020833075e-06,0.0,0.0,0.04880777994791418,0.2522989908854038,0.03222656249999836,0.0,0.0,0.1286519368489518,0.1582743326822836,0.04640706380208097
C:\Users\Fakhri\OneDrive\Documents\SM 6\Prak PC\klasifikasi_jenis_kain_glcm_knn\dataset\Nylon\nylon_042.png,Nylon,17.320824926463036,9.218275441751961,3.077496437383233,0.9160166652810904,0.29691523270576264,0.07483230050756319,0.06996310254736367,0.00963517440797509,0.6707572289538309,0.17519158865507264,0.0049876723039250235,0.0013875972393116711,75.58183288574219,112.90701293945312,142.6943359375,17.36968303764037,21.707182500433138,23.78815453210686,103.30976867675781,120.99896240234375,142.6943359375,1.3311224567369455,12.672723852100393,23.78815453210686,0.0,0.0,0.0,0.0,0.3333333333333164,0.0,0.0,0.0,5.594889322916382e-05,0.22558085123696767,0.10769653320311952,0.0,0.0,0.09292602539062027,0.23341369628905062,0.006993611653645477
C:\Users\Fakhri\OneDrive\Documents\SM 6\Prak PC\klasifikasi_jenis_kain_glcm_knn\dataset\Nylon\nylon_139.png,Nylon,5.879725915288996,4.615483776592693,1.8028629997865817,0.7999414780989397,0.4246969741113307,0.13797835146951942,0.08633164248691207,0.01730742681088604,0.90702041636066,0.0729828010118857,0.007752699517302178,0.0030823534948393257,68.75422668457031,95.97959899902344,135.33773803710938,18.68058044693035,23.004488208173342,30.66740390488769,107.68801879882812,126.74510192871094,135.33773803710938,0.931632291308703,8.534936288381799,30.66740390488769,0.0,0.0,0.0,0.0,0.3333333333333164,0.0,0.0,0.0,0.0,0.18953959147134453,0.14379374186197186,0.0,2.03450520833323e-05,0.1469726562499925,0.17529296874999106,0.011047363281249438
C:\Users\Fakhri\OneDrive\Documents\SM 6\Prak PC\klasifikasi_jenis_kain_glcm_knn\dataset\Silk\silk_030.png,Silk,103.00228448626785,36.82585500372376,6.848764995266759,1.4770470065996972,0.21312479707617324,0.04235604013177615,0.05450057901131286,0.006279141822829173,0.4424466253628585,0.19930165683120402,0.00300974073459956,0.0007093380218705449,128.0188751220703,124.65910339355469,114.14100646972656,36.61092997532265,38.64882974741925,42.65675436819155,28.103179931640625,33.02215576171875,128.3427734375,21.008316681020833,19.17987518597466,37.01984428811983,0.14318339029947189,0.16545104980467906,0.011042277018228604,0.0036773681640623126,0.0036468505859373144,0.0016937255859374137,0.0018361409505207398,0.002802530924479024,0.31799825032550466,0.01533508300781172,0.0,0.0,0.0,0.2093760172525935,0.09525044759114099,0.02870686848958187
C:\Users\Fakhri\OneDrive\Documents\SM 6\Prak PC\klasifikasi_jenis_kain_glcm_knn\dataset\Cotton\cotton_100.png,Cotton,19.76658630307389,11.716693622130753,3.2977919443642367,1.0752553457239737,0.28264933477851845,0.07660290374356707,0.06066763333411119,0.009250138396777295,0.760402655572887,0.14212027454171783,0.003766126794721693,0.0011577058274218183,60.512298583984375,66.7833251953125,60.44123840332031,24.62260063984831,26.216030038586922,25.922913263856685,59.75202941894531,31.716232299804688,66.79472351074219,12.013034880940605,13.313693010236918,26.21691711068888,0.000615437825520802,0.023885091145832118,0.22343953450519696,0.08089701334635005,0.0043029785156247806,0.00011189778645832764,5.086263020833074e-05,3.0517578124998445e-05,0.3226674397786294,0.010660807291666123,5.086263020833075e-06,0.0,0.16202290852863757,0.16676839192707485,0.004542032877603935,0.0
C:\Users\Fakhri\OneDrive\Documents\SM 6\Prak PC\klasifikasi_jenis_kain_glcm_knn\dataset\Denim\denim_187.png,Denim,29.21238237643333,19.273914571905962,3.9159697285910244,1.3750307128568602,0.2515059461046915,0.0754893199484981,0.05161694761523011,0.00829767651798939,0.7980538273275921,0.1330169782349809,0.002733160716710602,0.0009032112695217208,74.52984619140625,86.24934387207031,101.48020935058594,31.492669507969165,34.60621909811109,37.762984983260864,106.96133422851562,70.66891479492188,101.480224609375,2.539879739077205,16.040130886195424,37.76298256682235,0.0,0.0,0.0,5.086263020833075e-06,0.3275400797525875,0.005788167317708039,0.0,0.0,0.1126454671223901,0.22054545084634294,0.00014241536458332608,0.0,0.04824320475260171,0.21067301432290594,0.06650797526041329,0.00790913899739543
C:\Users\Fakhri\OneDrive\Documents\SM 6\Prak PC\klasifikasi_jenis_kain_glcm_knn\dataset\Nylon\nylon_069.png,Nylon,3.427568208161272,1.0230314107888874,1.3424401194937936,0.23844388212955103,0.5086766242071735,0.05686102404054075,0.09403038597670658,0.008156571965289587,0.9548203231077251,0.013503112431027052,0.008908243153153363,0.0015772105066503552,106.96214294433594,115.73521423339844,121.99176025390625,23.41966413686481,24.830765749020898,27.01928066334005,101.81210327148438,31.282455444335938,122.01261901855469,5.082228269632082,6.432770072960946,27.00253073922839,5.086263020833075e-06,0.0,0.0,0.004628499348958098,0.3258209228515459,0.00287882486979152,0.0,0.0,0.3333333333333164,0.0,0.0,0.0,5.086263020833074e-05,0.18060811360676163,0.15257771809895057,9.663899739582841e-05
C:\Users\Fakhri\OneDrive\Documents\SM 6\Prak PC\klasifikasi_jenis_kain_glcm_knn\dataset\Silk\silk_109.png,Silk,51.95771008765548,23.926270574294605,5.216902694992515,1.4188452039840982,0.20931666343624813,0.05963267133170005,0.054690877080116974,0.00757744495658502,0.4821210267919,0.23832217061039043,0.0030485097078625394,0.0008635386190901699,56.53581237792969,64.47029113769531,79.3424072265625,26.399700425622253,28.445041645955644,33.02298615311662,109.45304870605469,76.61354064941406,79.342529296875,2.92108510710489,16.57730541462583,33.022894784236925,0.0,0.0,0.0,3.560384114583152e-05,0.29101053873696436,0.04228719075520618,0.0,0.0,0.06406148274739257,0.2689514160156113,0.0003204345703124837,0.0,0.12817382812499348,0.17507425944009525,0.0287729899088527,0.0013122558593749332
C:\Users\Fakhri\OneDrive\Documents\SM 6\Prak PC\klasifikasi_jenis_kain_glcm_knn\dataset\Silk\silk_059.png,Silk,31.529365979792544,12.454663085742245,3.7193153490689617,0.894832728066383,0.3134270059611438,0.062157075387869486,0.09052158928090925,0.011922392573924337,0.5732034590234355,0.16936802605699958,0.00833630157062839,0.0022115177021760357,90.92500305175781,48.40057373046875,47.50379943847656,26.26781284748829,23.725826815284822,24.239258911450015,64.56427001953125,131.41055297851562,90.9251708984375,83.99037799178888,26.636364917104814,26.268083730473837,0.2147267659505099,5.086263020833075e-06,0.0,0.0,0.0,0.0,3.0517578124998445e-05,0.11857096354166063,0.0041707356770831205,0.13396199544270151,0.1951955159505109,5.086263020833075e-06,0.025995890299477842,0.27736918131509003,0.027740478515623588,0.0022277832031248864
C:\Users\Fakhri\OneDrive\Documents\SM 6\Prak PC\klasifikasi_jenis_kain_glcm_knn\dataset\Wool\wool_011.png,Wool,16.088931742866176,7.339728811381462,2.7244428905295237,0.7248970053407822,0.352985545186626,0.07268135561845596,0.0698721046861556,0.0095416009787378,0.8468311898746325,0.0698023728278891,0.004973153162510537,0.0013669524328918084,65.19667053222656,56.179901123046875,55.11650085449219,37.70725930212797,26.804427053333214,26.58051994348112,67.57394409179688,58.51298522949219,69.33978271484375,51.49361397375434,39.84868706960139,36.843189180147654,0.12710571289061853,0.003479003906249823,0.003428141276041492,0.012959798177082673,0.14518737792968012,0.02369181315104046,0.0057067871093747094,0.011774698893228568,0.2238311767578011,0.0818583170572875,0.02764383951822776,0.0,0.17341613769530367,0.1321767171223891,0.026499430338540318,0.0012410481770832702
C:\Users\Fakhri\OneDrive\Documents\SM 6\Prak PC\klasifikasi_jenis_kain_glcm_knn\dataset\Cotton\cotton_091.png,Cotton,22.703561929184957,16.18989155059084,3.4427412493940435,1.3190703435610385,0.28080096140695027,0.09163359060672371,0.05615199048907906,0.01051061423526174,0.7797959745686862,0.15715530722799126,0.0032635190474881105,0.0012853330428581407,114.29391479492188,120.33096313476562,116.97575378417969,27.35435525732114,29.203195383882306,29.785585927441804,70.63665771484375,13.826583862304688,120.40704345703125,15.43564169802834,4.159266933985817,29.244278753159985,0.0021514892578123903,0.01427714029947844,0.10231526692707812,0.18317667643228233,0.03087361653645676,0.00042724609374997826,4.577636718749767e-05,6.612141927082997e-05,0.3333282470702955,5.086263020833075e-06,0.0,0.0,0.0024770100911457073,0.20273335774738552,0.12567647298176443,0.0024464925130207086
C:\Users\Fakhri\OneDrive\Documents\SM 6\Prak PC\klasifikasi_jenis_kain_glcm_knn\dataset\Denim\denim_143.png,Denim,56.37667219504413,42.09489369674834,5.461950873855191,2.19934095623077,0.1925734303106774,0.07598564120324731,0.033753084871467394,0.00651152190884684,0.8087624863490817,0.14263926896862367,0.0011816706559098732,0.00047910034656531783,133.29904174804688,140.84458923339844,155.38116455078125,48.20339207088451,48.74196963816956,48.30864484192547,109.81599426269531,39.908660888671875,155.38121032714844,2.650067698679464,15.3166474593133,48.30864211178086,0.0,0.0,0.0,1.017252604166615e-05,0.2847290039062355,0.048594156901039194,0.0,0.0,0.30528259277342196,0.028050740559894406,0.0,0.0,0.003102620442708175,0.10594685872395294,0.1324208577473891,0.09186299641926615
C:\Users\Fakhri\OneDrive\Documents\SM 6\Prak PC\klasifikasi_jenis_kain_glcm_knn\dataset\Silk\silk_130.png,Silk,28.88953666422518,16.928691374054107,3.785404787332943,1.2116028364147964,0.27113853132451277,0.07589304023566792,0.04964084378304962,0.008117850594128596,0.8739025451142338,0.07393611458071334,0.0025301128697617307,0.0008691457681410543,189.09555053710938,193.3577423095703,210.190185546875,41.62500213763614,44.275696224662504,39.841755757258504,111.90283203125,27.70806884765625,210.29579162597656,10.396275215976045,12.336866883575931,39.95030159187704,5.086263020833075e-06,1.017252604166615e-05,0.0033772786458331613,0.01002502441406199,0.13200378417968078,0.18787129720051127,4.06901041666646e-05,0.0,0.3306477864583165,0.0026855468749998634,0.0,0.0,0.0,0.01764933268229077,0.07035319010416309,0.2453308105468625
C:\Users\Fakhri\OneDrive\Documents\SM 6\Prak PC\klasifikasi_jenis_kain_glcm_knn\dataset\Cotton\cotton_022.png,Cotton,1.9967365001469324,1.077240778285752,0.9266482511863702,0.29809141875139594,0.630039076448166,0.08570925538899168,0.186519277856416,0.022566949076988682,0.9114576411219742,0.04798266303587219,0.03529870820272232,0.00849692099026993,230.3170928955078,238.834716796875,240.81520080566406,14.143496931104334,13.691138021369392,11.269202156798041,91.92454528808594,12.092575073242188,241.7169952392578,12.157842694480628,4.126611285369724,12.021726719157709,0.0,0.0,0.02189127604166555,0.07757059733072522,0.23386128743488394,1.017252604166615e-05,0.0,0.0,0.3333333333333164,0.0,0.0,0.0,0.0,0.0,0.0006357828776041343,0.3326975504557122
C:\Users\Fakhri\OneDrive\Documents\SM 6\Prak PC\klasifikasi_jenis_kain_glcm_knn\dataset\Cotton\cotton_145.png,Cotton,5.799058141018428,3.69766694635109,1.7251303960439561,0.6021028451246823,0.44860668489961425,0.10247615788848094,0.11072699886717914,0.017348080083360497,0.8167287866186049,0.11727004542662453,0.012561424160710979,0.003984468088328649,217.8567352294922,226.54876708984375,231.16712951660156,15.599151415636083,16.312749816796718,15.034371442879937,99.56285095214844,14.868057250976562,231.29254150390625,5.934987540131911,3.3919345358010413,15.187061642842313,0.0,0.0,0.0004069010416666459,0.018508911132811556,0.3141377766926923,0.0002797444661458191,0.0,0.0,0.3333333333333164,0.0,0.0,0.0,0.0,0.0,0.0057067871093747094,0.32762654622394166
C:\Users\Fakhri\OneDrive\Documents\SM 6\Prak PC\klasifikasi_jenis_kain_glcm_knn\dataset\Cotton\cotton_005.png,Cotton,51.54268763854399,28.452793115150346,5.091646154607447,1.5494656120155526,0.21403637021746955,0.05716748840311504,0.035169014107809836,0.00520842621443649,0.8562901612086229,0.07925135967551956,0.0012639872569465565,0.0003751459105498981,115.40072631835938,120.84861755371094,125.43328857421875,52.42099479481184,53.70970327200328,55.43074048966761,100.26341247558594,23.531890869140625,125.57991027832031,18.274463596816442,13.650272748444076,55.38393486875191,0.0066070556640621635,0.0023651123046873794,0.003005981445312347,0.014205932617186777,0.2818756103515481,0.021326700846353082,0.002731323242187361,0.0012156168619791047,0.32968648274737905,0.0036468505859373144,0.0,0.0,0.056447347005205456,0.10884602864582779,0.1199035644531189,0.048136393229164215
C:\Users\Fakhri\OneDrive\Documents\SM 6\Prak PC\klasifikasi_jenis_kain_glcm_knn\dataset\Denim\denim_164.png,Denim,43.16048801965559,27.51511184532329,4.770338553688883,1.6044614088222582,0.21631068322171712,0.06290686376069167,0.03767925812420022,0.0057118918844039634,0.844164892671818,0.09921803502682942,0.001452352201689228,0.0004439170435509438,103.32768249511719,111.2615966796875,125.38542175292969,46.02907572445792,47.2340928501951,48.76951789520342,109.11360168457031,49.28558349609375,125.38552856445312,3.0463421896373277,17.29337023199415,48.769463705679925,5.086263020833075e-06,0.0,0.0,3.0517578124998445e-05,0.2969258626301932,0.03634643554687315,2.543131510416537e-05,0.0,0.2618560791015492,0.07147725423176719,0.0,0.0,0.029922485351560977,0.15298970540363804,0.11211649576822345,0.038304646809893886
C:\Users\Fakhri\OneDrive\Documents\SM 6\Prak PC\klasifikasi_jenis_kain_glcm_knn\dataset\Silk\silk_086.png,Silk,98.53702064994711,45.19611477594118,7.463534144829363,2.0438646774750238,0.14805429792556746,0.05090926708353124,0.03733382332415689,0.0049473156349813556,0.42635149982675613,0.2624910290366043,0.001418290295991492,0.00039488961479055705,71.2685546875,94.31837463378906,108.22477722167969,32.24395019504594,39.33650852080017,40.030061070259784,101.09881591796875,91.84452819824219,108.24824523925781,6.226667958195749,23.18744633435423,40.02960640972311,1.017252604166615e-05,0.0,0.0,0.0042978922526039475,0.3206787109374837,0.008346557617187075,0.0,0.0,0.03251139322916501,0.27577209472654846,0.02504984537760289,0.0,0.04487609863281022,0.18485514322915725,0.09459940592447436,0.009002685546874542
C:\Users\Fakhri\OneDrive\Documents\SM 6\Prak PC\klasifikasi_jenis_kain_glcm_knn\dataset\Cotton\cotton_009.png,Cotton,3.1189427692998737,1.7998651756172341,1.2046930035415861,0.3971948737750578,0.5578191071695501,0.0925385315291065,0.17718604293863868,0.023398322380534645,0.7239181966074208,0.15927418119323997,0.031942375302476546,0.008397490159078685,20.909210205078125,25.145721435546875,26.754287719726562,8.60308424244871,9.639699326484154,11.104510554272546,95.24185180664062,57.92573547363281,27.029205322265625,14.068034202284542,17.237787564164872,10.868125479754207,0.002329508463541548,0.0006205240885416351,0.0041809082031247875,0.05734252929687208,0.2544962565104037,0.013997395833332621,0.0003204345703124837,4.577636718749767e-05,0.20081583658853144,0.1323649088541599,0.00015258789062499222,0.0,0.3325703938801914,0.0007629394531249612,0.0,0.0
C:\Users\Fakhri\OneDrive\Documents\SM 6\Prak PC\klasifikasi_jenis_kain_glcm_knn\dataset\Cotton\cotton_033.png,Cotton,10.0436729261338,5.580298311501165,1.974607930243612,0.6317459316520555,0.45717646056401917,0.08992634497288983,0.13777253741526563,0.0194334299241574,0.7093051462863111,0.16117350907014527,0.019358930264457907,0.005446729749269349,25.640365600585938,30.364242553710938,32.63700866699219,15.492298194824436,16.79094288689053,18.429774351015546,96.99008178710938,57.91474914550781,32.850738525390625,12.901837898535979,17.81154684242446,18.28577081030237,0.0017242431640624122,0.0004018147786458129,0.003102620442708175,0.0444285074869769,0.26864624023436134,0.014663696289061754,0.0003000895182291514,6.612141927082997e-05,0.19771321614582327,0.1355285644531181,9.155273437499534e-05,0.0,0.31246439615883825,0.02011617024739481,0.0007425944010416289,1.017252604166615e-05
C:\Users\Fakhri\OneDrive\Documents\SM 6\Prak PC\klasifikasi_jenis_kain_glcm_knn\dataset\Nylon\nylon_185.png,Nylon,21.674841111275594,16.081245313009173,3.5223475877164128,1.4713645723694828,0.2579709565916664,0.1059097466191064,0.06102725112813547,0.010806145702553588,0.7159438063734562,0.2105887169373281,0.0038410981652013294,0.0013937172776636207,160.56834411621094,194.16200256347656,212.4600067138672,23.90285920049128,25.523114971928827,23.337668628262104,100.48385620117188,63.004547119140625,212.4625701904297,2.076012641841933,10.063689277423844,23.341571976004825,0.0,0.0,0.0,0.0004170735677083121,0.33291625976560807,0.0,0.0,0.0,0.15883890787759608,0.17449442545572028,0.0,0.0,0.0,0.00018310546874999068,0.0630035400390593,0.2701466878255071
C:\Users\Fakhri\OneDrive\Documents\SM 6\Prak PC\klasifikasi_jenis_kain_glcm_knn\dataset\Silk\silk_006.png,Silk,97.864208021911,36.800468154958054,6.523806733477829,1.4882993837513732,0.23082405246801221,0.047181621620134964,0.057222075764129104,0.0071012182376913,0.4234544682247215,0.21674298187926658,0.0033247932552150495,0.0008419978975920847,90.29237365722656,123.84318542480469,144.83839416503906,38.004758602845364,37.09566799003111,34.437553487710424,101.24530029296875,100.96461486816406,144.84214782714844,2.3667122321285587,28.023789501842696,34.447839203405884,1.5258789062499222e-05,0.0,0.0,0.0006713867187499658,0.3326466878255039,0.0,0.0,0.0,0.042241414388018685,0.2477467854817582,0.04334513346353946,0.0,0.0,0.12210083007811878,0.17404683430988696,0.037185668945310606
C:\Users\Fakhri\OneDrive\Documents\SM 6\Prak PC\klasifikasi_jenis_kain_glcm_knn\dataset\Wool\wool_025.png,Wool,17.07473588159291,7.347442873570699,2.7671580091051933,0.7002796669918993,0.3613574658507171,0.06796332159053625,0.07519290472804335,0.009791824030372884,0.8159186260018729,0.07919397893245009,0.005749852739282392,0.0015055842859482418,48.2496337890625,53.49176025390625,56.200775146484375,26.166063368041105,27.414422495601922,29.16589057413443,96.94862365722656,40.04023742675781,56.48091125488281,14.439231083568588,14.835299246311578,28.96654662474366,0.00216674804687489,0.0014038085937499284,0.006317138671874678,0.04148864746093539,0.26789855957029884,0.013183593749999329,0.0006561279296874666,0.0002187093098958222,0.30964660644529673,0.02367655436197796,1.017252604166615e-05,0.0,0.2170664469400931,0.10832214355468199,0.007675170898437109,0.0002695719401041529
C:\Users\Fakhri\OneDrive\Documents\SM 6\Prak PC\klasifikasi_jenis_kain_glcm_knn\dataset\Denim\denim_166.png,Denim,48.02557184258276,36.17418957873549,5.068691990453269,2.031016852240855,0.2080082974611821,0.07712406972577575,0.0374059503579836,0.006827820422312869,0.8285458361596789,0.1290787428426808,0.0014458242539032863,0.0005482438301752071,107.75624084472656,122.197998046875,140.0890655517578,45.45047704996751,48.214669653244336,47.89226411927211,106.55210876464844,63.90863037109375,140.0890655517578,2.7733881173220354,19.490233838193838,47.89226411927211,0.0,0.0,0.0,0.0,0.3306376139322748,0.0026957194010415295,0.0,0.0,0.16438802083332496,0.16893513997394974,1.017252604166615e-05,0.0,0.007446289062499621,0.1413879394531178,0.12450154622395199,0.05999755859374695
C:\Users\Fakhri\OneDrive\Documents\SM 6\Prak PC\klasifikasi_jenis_kain_glcm_knn\dataset\Denim\denim_189.png,Denim,28.895758285731862,20.041205428637944,3.924889685158874,1.4462580028652716,0.24759074304158513,0.07602965168922983,0.04494069530620826,0.007621320187951247,0.8417119829184321,0.10977210282005284,0.002077750616012723,0.0007024845663144105,92.41934204101562,105.25,120.53968811035156,36.16068301013944,38.80787048740987,40.758289597904636,106.30502319335938,62.9344482421875,120.53970336914062,2.283511649000772,15.591789114194073,40.758264874485405,0.0,0.0,0.0,5.086263020833075e-06,0.3316802978515456,0.001647949218749916,0.0,0.0,0.18818664550780292,0.14512125651040927,2.543131510416537e-05,0.0,0.022064208984373876,0.17333984374999117,0.11921691894530644,0.01871236165364488
C:\Users\Fakhri\OneDrive\Documents\SM 6\Prak PC\klasifikasi_jenis_kain_glcm_knn\dataset\Silk\silk_101.png,Silk,22.391256227949608,12.301714431238661,3.3821589949807778,1.0278960718714591,0.28940165565539205,0.07246113502094852,0.052057808663992095,0.007909352276910609,0.862041245535467,0.07588492572290477,0.0027725732963370807,0.0008525907996840654,89.96615600585938,112.60214233398438,153.43350219726562,30.216222883332197,38.50852500548956,40.16389195789057,109.43180847167969,107.83235168457031,153.4335174560547,3.2547930121874247,14.682821649331249,40.16392655516746,0.0,0.0,0.0,5.086263020833075e-06,0.26688130696613227,0.06644694010416329,0.0,0.0,0.002670288085937364,0.308542887369776,0.02212015787760304,0.0,0.0002950032552083183,0.094975789388016,0.17293802897134536,0.06512451171874668
C:\Users\Fakhri\OneDrive\Documents\SM 6\Prak PC\klasifikasi_jenis_kain_glcm_knn\dataset\Cotton\cotton_065.png,Cotton,9.573529519813729,6.08561549072701,2.1388249877071273,0.7570624925105035,0.41004415905620606,0.09749171405022031,0.07506978652465797,0.012344696142687812,0.9522674942391743,0.03037062957353371,0.005787864371713009,0.0018848850893863436,198.30059814453125,201.9755096435547,202.41470336914062,35.4971729746277,42.04792334779045,44.7369285872343,94.13908386230469,19.869659423828125,207.68344116210938,38.5861789706768,14.39847810479316,38.03174322715954,0.02284749348958217,0.019470214843749008,0.008178710937499584,0.043996175130206094,0.18920898437499037,0.0073750813802079575,0.006663004557291327,0.03559366861978985,0.3259328206380042,0.0074005126953121236,0.0,0.0,0.0,0.0117797851562494,0.09304300944009943,0.22851053873696753
C:\Users\Fakhri\OneDrive\Documents\SM 6\Prak PC\klasifikasi_jenis_kain_glcm_knn\dataset\Cotton\cotton_090.png,Cotton,20.262392625237002,12.663790672955914,3.247733310979369,1.116100123417611,0.2942231580401517,0.08422256054981195,0.06053307056078586,0.010047078165044717,0.7586386528390595,0.1507254583109314,0.003765196411171597,0.0012753127612618895,118.89254760742188,127.31961059570312,122.92576599121094,24.46998823252282,26.359229538794967,27.317531473592993,72.961181640625,17.597305297851562,127.42559814453125,12.33858874376279,3.8462372147610897,26.44411152198785,0.00010172526041666148,0.003199259440104004,0.1016337076822865,0.19521586100259422,0.03314717610676914,3.560384114583152e-05,0.0,0.0,0.3333333333333164,0.0,0.0,0.0,0.0004933675130208082,0.173680623372387,0.15523783365884627,0.0039215087890623005
C:\Users\Fakhri\OneDrive\Documents\SM 6\Prak PC\klasifikasi_jenis_kain_glcm_knn\dataset\Cotton\cotton_042.png,Cotton,11.777143165240181,8.606922499937312,2.574569719453957,1.0193691089783292,0.3305640521443554,0.10939161737567257,0.07800648347084299,0.014527396213929523,0.7322911500529509,0.19543452239153034,0.006296056704243393,0.002507647175381266,149.10581970214844,167.0973358154297,142.97274780273438,17.704309738545806,18.95581703578601,21.016587501024212,53.05723571777344,37.82366943359375,167.0973358154297,4.944260707201333,9.232593819445675,18.95581703578601,0.0,0.004577636718749767,0.3260955810546709,0.0026601155598956977,0.0,0.0,0.0,0.0,0.33202616373696225,0.0013071695963541002,0.0,0.0,0.0,0.0046946207682289276,0.2914733886718602,0.03716532389322728
C:\Users\Fakhri\OneDrive\Documents\SM 6\Prak PC\klasifikasi_jenis_kain_glcm_knn\dataset\Wool\wool_149.png,Wool,4.620852941101169,1.9508692100297793,1.3299290101062653,0.3433414853481719,0.5678546058502272,0.06931994730243052,0.22106956394462088,0.02283738205956874,0.5663425181846783,0.1828023859180376,0.049393298121999524,0.010203293657771112,16.947494506835938,19.660415649414062,19.944900512695312,8.418704043246356,9.33334132170604,10.50470884965646,83.26930236816406,48.08454895019531,20.671310424804688,29.03393675822424,22.837924120013984,10.155206299925231,0.01910909016926986,0.011723836263020237,0.032384236653644184,0.08523050944009983,0.15528361002603375,0.026031494140623675,0.0025126139322915386,0.0010579427083332795,0.2501169840494664,0.08233133951822498,0.0008850097656249549,0.0,0.33233642578123307,0.0009918212890624495,5.086263020833075e-06,0.0
C:\Users\Fakhri\OneDrive\Documents\SM 6\Prak PC\klasifikasi_jenis_kain_glcm_knn\dataset\Nylon\nylon_091.png,Nylon,6.86999765675441,4.542751956921297,1.9225432004671559,0.7159537477961181,0.41046393397848097,0.11145156346944594,0.11098385462617927,0.01678678139929654,0.6961280289148695,0.20070481022263362,0.01259921201743266,0.003857992789764183,40.126373291015625,46.046966552734375,53.74183654785156,12.718828806423497,13.530580957479863,14.386947911592632,106.94485473632812,66.63714599609375,53.74200439453125,3.1294029164004766,13.088870550370235,14.386674633756016,0.0,0.0,0.0,4.06901041666646e-05,0.3215281168619628,0.011764526367186902,0.0,0.0,0.13383992513020151,0.19949340820311484,0.0,0.0,0.2507425944010289,0.08259073893228747,0.0,0.0
C:\Users\Fakhri\OneDrive\Documents\SM 6\Prak PC\klasifikasi_jenis_kain_glcm_knn\dataset\Silk\silk_051.png,Silk,96.86108314164609,38.44728024030565,7.484174509994307,1.854447307145867,0.1409477058468317,0.04845598345153422,0.037721596361668226,0.004259873183097444,0.29540469445458345,0.27882270395663783,0.0014410653516086945,0.00035997501164195813,88.20669555664062,121.36212158203125,133.00076293945312,30.904702692763063,34.12373414102316,35.6937299510082,97.60328674316406,88.78643798828125,133.00253295898438,2.0508923036728883,19.924195248647138,35.69326432733597,3.0517578124998445e-05,0.0,5.086263020833075e-06,0.00042724609374997826,0.33287048339842057,0.0,0.0,0.0,0.03697713216145645,0.2921702067057143,0.0041859944661456205,0.0,0.0012207031249999378,0.15366617838540883,0.15868631998697108,0.019760131835936494
C:\Users\Fakhri\OneDrive\Documents\SM 6\Prak PC\klasifikasi_jenis_kain_glcm_knn\dataset\Wool\wool_024.png,Wool,5.7438852521681385,2.927882857265184,1.67057608479354,0.48438024544695546,0.4696442041268332,0.08315032558634182,0.11091066974305491,0.014854120561909283,0.8356290626240824,0.08381161617198285,0.012521821560520736,0.0033734725213637865,34.77069091796875,38.70286560058594,45.73854064941406,15.690296154601949,16.663581263299832,19.912257518458595,108.11767578125,61.942352294921875,45.77568054199219,10.844050059715538,17.785219398038166,19.864464335952455,0.001037597656249947,0.00018310546874999068,0.0007324218749999627,0.007044474283853808,0.22872924804686334,0.09376525878905773,0.0015920003255207522,0.00024922688802082063,0.17647298177082435,0.1567331949869712,0.00012715657552082686,0.0,0.26785278320311134,0.06539916992187167,8.13802083333292e-05,0.0
C:\Users\Fakhri\OneDrive\Documents\SM 6\Prak PC\klasifikasi_jenis_kain_glcm_knn\dataset\Cotton\cotton_171.png,Cotton,2.386598616119714,1.0109232907620351,1.0271298397085162,0.25778376549412985,0.5998270745250217,0.07032355900494615,0.17740561970286353,0.018787818479367405,0.8017586913480391,0.08404128826473681,0.03182573602537071,0.0067707915239970115,27.28594970703125,28.293533325195312,35.831878662109375,9.26522424045885,9.648105620726291,12.174821655152243,116.23503112792969,62.24891662597656,35.843658447265625,12.00560300071182,16.43570199768365,12.155737936854017,0.0017395019531249115,0.00017293294270832453,0.00028483072916665216,0.0015360514322915885,0.075352986653642,0.24738057454425824,0.006210327148437183,0.0006561279296874666,0.16063435872395015,0.1726989746093662,0.0,0.0,0.32731119791665,0.00602213541666636,0.0,0.0
C:\Users\Fakhri\OneDrive\Documents\SM 6\Prak PC\klasifikasi_jenis_kain_glcm_knn\dataset\Nylon\nylon_165.png,Nylon,5.7963012532740406,3.43134387089173,1.690010073847608,0.5528041595720018,0.463713988595829,0.09271761881049156,0.12328488772708057,0.01792308241842146,0.7535568307133188,0.14583078335511013,0.015520400425256391,0.0045433517933397925,30.650772094726562,36.28192138671875,38.47630310058594,12.741797240799576,13.91710821942136,15.236844350502473,96.6915283203125,53.77980041503906,38.62232971191406,8.71256285330733,13.157422112610949,15.095368056451495,0.0004170735677083121,6.103515624999689e-05,0.0006815592447916319,0.03425089518228992,0.29519653320310996,0.0027058919270831956,2.03450520833323e-05,0.0,0.2526346842447788,0.08069864908853756,0.0,0.0,0.3115844726562341,0.021748860677082225,0.0,0.0
C:\Users\Fakhri\OneDrive\Documents\SM 6\Prak PC\klasifikasi_jenis_kain_glcm_knn\dataset\Denim\denim_195.png,Denim,57.92950759255296,33.18941107649605,5.633962629020306,1.7763647996690868,0.17966408328679417,0.05535341514968901,0.03927994808939507,0.005187304551214561,0.6746477155970214,0.18623113274541567,0.0015698224504126224,0.00042001780911523457,118.75143432617188,128.42039489746094,146.4460906982422,37.188319988563244,38.02506327028352,37.93556603891243,109.53182983398438,50.52644348144531,146.44613647460938,2.3129209490915708,14.99945483091029,37.93551260742936,1.017252604166615e-05,0.0,0.0,1.5258789062499222e-05,0.3061574300130052,0.02715047200520695,0.0,0.0,0.26045735677082005,0.0728759765624963,0.0,0.0,0.0005391438802083058,0.11432902018228584,0.17233784993488704,0.04612731933593515
C:\Users\Fakhri\OneDrive\Documents\SM 6\Prak PC\klasifikasi_jenis_kain_glcm_knn\dataset\Wool\wool_125.png,Wool,3.011468145713676,1.08205674068464,1.165940961640501,0.25148259250792576,0.5668869346658928,0.06311732389633214,0.18689971213076836,0.01738196972289676,0.6625141349726845,0.12146746556145151,0.03523363526601179,0.006635584376844223,18.8521728515625,22.756378173828125,24.02935791015625,7.589251507413533,8.586165273227161,9.754501098342466,94.13182067871094,58.018829345703125,24.389739990234375,16.210702276692682,18.97720847747923,9.569409444933251,0.0036010742187498166,0.0007375081380207957,0.005996704101562195,0.06954447428385062,0.23286946614582146,0.019683837890623997,0.0008138020833332918,8.646647135416227e-05,0.19533793131509422,0.13782755533853464,0.00016784667968749146,0.0,0.33282470703123307,0.0005086263020833075,0.0,0.0
C:\Users\Fakhri\OneDrive\Documents\SM 6\Prak PC\klasifikasi_jenis_kain_glcm_knn\dataset\Silk\silk_001.png,Silk,44.14840241056023,16.98678548846742,4.81256242860865,1.146258421910656,0.22294151216403255,0.05964986429828033,0.059695292687280854,0.0065652150392400835,0.30605941712549106,0.2664406088799103,0.0036066300175315916,0.0008647586450904664,47.71528625488281,59.68562316894531,89.61300659179688,20.855063241706887,22.761921500771024,26.588286849209275,111.49665832519531,123.78695678710938,89.61302185058594,1.8171716640557105,23.008847563534324,26.5883126094622,1.5258789062499222e-05,0.0,0.0,5.086263020833075e-06,0.2496185302734248,0.08369445800780824,0.0,0.0,0.004353841145833112,0.18402608235676146,0.14476521809895096,0.00018819173177082375,0.05638631184895546,0.24772135416665406,0.028793334960936032,0.0004323323567708113
C:\Users\Fakhri\OneDrive\Documents\SM 6\Prak PC\klasifikasi_jenis_kain_glcm_knn\dataset\Denim\denim_016.png,Denim,12.003288341917242,6.549573756110659,2.2431683020268447,0.6768273389690437,0.4242756093520785,0.0777182757824796,0.11732264403465716,0.014867357428907728,0.7806226428777118,0.11958253682770068,0.013985641120201767,0.0035400491689635376,29.482162475585938,34.11863708496094,39.87452697753906,19.290439347788958,21.148870616239744,24.004604926302772,104.86558532714844,69.26168823242188,39.9307861328125,11.968728926841566,22.105101883457618,23.951204300993567,0.0016581217447915822,0.0003356933593749829,0.001088460286458278,0.011586507161457744,0.2678426106770697,0.04989624023437246,0.0008290608723957911,9.663899739582841e-05,0.1338043212890557,0.1973164876301983,0.0022125244140623872,0.0,0.285018920898423,0.045827229817706,0.0024210611979165434,6.612141927082997e-05
C:\Users\Fakhri\OneDrive\Documents\SM 6\Prak PC\klasifikasi_jenis_kain_glcm_knn\dataset\Wool\wool_007.png,Wool,23.638589995605916,11.069345588692357,3.5144287466259434,0.9283445713617234,0.27443601816075464,0.06376539890886951,0.04849817319848327,0.00648111961429943,0.8285496424106178,0.0802537674152537,0.0023940777150449383,0.0006478076233263542,139.38804626464844,153.97991943359375,181.12600708007812,32.3561817036377,33.94811813551014,32.264927313856695,109.44004821777344,60.39567565917969,181.12606811523438,2.2578613257305538,14.91375286890741,32.265059966202436,5.086263020833075e-06,0.0,0.0,1.017252604166615e-05,0.31257629394529657,0.020741780598957277,0.0,0.0,0.19212849934894854,0.1412048339843678,0.0,0.0,0.0,0.02010091145833231,0.17697652180988682,0.13625590006509722
C:\Users\Fakhri\OneDrive\Documents\SM 6\Prak PC\klasifikasi_jenis_kain_glcm_knn\dataset\Cotton\cotton_102.png,Cotton,20.12859633282271,13.669972815176415,3.3744197076855706,1.2429881346985163,0.2708202326602791,0.08883811426650058,0.06385947126915666,0.010590593484523474,0.6852044469176773,0.21347907781080344,0.004190192741130676,0.0014618009017816093,61.657135009765625,70.52711486816406,60.314544677734375,21.193004268530153,23.345284021059665,22.443863747068388,56.31623840332031,42.019744873046875,70.52731323242188,7.773312812171299,13.282581763491253,23.345013192318508,1.017252604166615e-05,0.0143941243489576,0.28814697265623535,0.030736287434894267,4.06901041666646e-05,0.0,5.086263020833075e-06,0.0,0.30500793457029696,0.028325398763019392,0.0,0.0,0.1385447184244721,0.19084676106769863,0.003941853841145633,0.0
C:\Users\Fakhri\OneDrive\Documents\SM 6\Prak PC\klasifikasi_jenis_kain_glcm_knn\dataset\Cotton\cotton_068.png,Cotton,10.675176695883609,7.7511360682480674,2.072637883022663,0.8200576849596786,0.47433883171850927,0.0891854259649991,0.1583062555495882,0.010777329218537067,0.9596929693876652,0.02927908114187233,0.025177021371216256,0.003395082214989093,203.11074829101562,204.883056640625,203.9669189453125,42.36976004895495,47.75779233071219,48.75924583673229,86.01634216308594,17.450851440429688,210.16412353515625,41.857625151849724,15.928755304533494,43.28778343045273,0.028767903645831868,0.020355224609373963,0.06174723307291352,0.047754923502601736,0.12851969401041013,0.007095336914062138,0.005335489908853895,0.033757527669269115,0.32453918457029596,0.008794148763020386,0.0,0.0,0.0,0.018585205078124053,0.0833180745442666,0.2314300537109257
C:\Users\Fakhri\OneDrive\Documents\SM 6\Prak PC\klasifikasi_jenis_kain_glcm_knn\dataset\Denim\denim_147.png,Denim,46.56203455896875,33.04556608112421,4.823511502699657,1.8110002507085088,0.2268104331103202,0.07306352353009471,0.04618708313871451,0.00773217496869545,0.7589077424927154,0.17170276859553246,0.002193033178609047,0.0007574716377801197,76.10049438476562,85.61042785644531,99.24943542480469,37.04233173785119,40.005315586425176,42.27915345653565,107.799560546875,63.459228515625,99.24998474121094,3.421056701849821,19.259229576172107,42.27872325849249,0.0,0.0,5.086263020833075e-06,0.00011698404947916071,0.30924987792967173,0.023935953776040447,2.543131510416537e-05,0.0,0.166885375976554,0.16636657714842903,8.13802083333292e-05,0.0,0.07128906249999636,0.1836496988932198,0.06696573893228826,0.011428833007811919
C:\Users\Fakhri\OneDrive\Documents\SM 6\Prak PC\klasifikasi_jenis_kain_glcm_knn\dataset\Cotton\cotton_144.png,Cotton,3.036808484656334,1.8961590233288796,1.0875020148071877,0.3929194478467919,0.6168896422261891,0.08625681128559665,0.2845209526432167,0.025370669197690498,0.926824937885463,0.04594219971671714,0.08159584334854218,0.014310472943492095,236.20164489746094,240.93043518066406,241.7562255859375,18.811881228251522,18.453832747814623,15.471471045773402,84.53887939453125,7.4969940185546875,243.1992645263672,19.662281147316513,4.3285822465163815,16.318423218825085,5.086263020833075e-06,0.0,0.10923767089843194,0.053176879882809794,0.16669209798176235,0.004221598307291452,0.0,0.0,0.3333333333333164,0.0,0.0,0.0,0.0,0.0,0.008061726888020423,0.32527160644529596
C:\Users\Fakhri\OneDrive\Documents\SM 6\Prak PC\klasifikasi_jenis_kain_glcm_knn\dataset\Nylon\nylon_079.png,Nylon,4.7594253568438365,1.8387363022874472,1.5855810229682958,0.3261946289221027,0.46936060643310196,0.05697405884415756,0.09523906179689683,0.008494073770618555,0.9317302584653501,0.026457696568455,0.009142628181173843,0.001655927276020247,74.19644165039062,81.84429931640625,96.0738525390625,22.98159153212399,23.453204774224588,26.891933072153098,109.42724609375,59.638824462890625,96.0738525390625,3.1670826379385204,10.757393339462372,26.891933072153098,0.0,0.0,0.0,0.0,0.28021748860675655,0.053110758463538965,5.086263020833075e-06,0.0,0.22736104329425927,0.1059722900390571,0.0,0.0,0.030965169270831757,0.2515869140624872,0.05077616373697658,5.086263020833075e-06
C:\Users\Fakhri\OneDrive\Documents\SM 6\Prak PC\klasifikasi_jenis_kain_glcm_knn\dataset\Wool\wool_085.png,Wool,20.41390089976051,8.129823018838337,3.160419428911501,0.758258555325864,0.30658276317922184,0.06526647284503931,0.06735614219680884,0.008195899169117397,0.7090922070786411,0.11562285802558632,0.004604022654827073,0.0011347627461125664,65.30538940429688,70.47889709472656,73.83554077148438,23.011861623887842,23.759306620842036,24.93045669816307,100.52980041503906,31.041717529296875,73.94985961914062,9.76071579714477,10.642073214098545,24.86883966695894,0.00047302246093747593,0.00022888183593748834,0.0014088948567707615,0.02044677734374896,0.29254659016925594,0.01773579915364493,0.0004069010416666459,8.646647135416227e-05,0.3302307128906082,0.003102620442708175,0.0,0.0,0.1204732259114522,0.20266215006509386,0.010086059570311987,0.00011189778645832764
C:\Users\Fakhri\OneDrive\Documents\SM 6\Prak PC\klasifikasi_jenis_kain_glcm_knn\dataset\Cotton\cotton_071.png,Cotton,3.6985914377535143,2.141573650504041,1.3892523523345837,0.4587628531790336,0.5015800591779956,0.10041626351348931,0.11464940860941543,0.017168867613721293,0.9284428813158404,0.04166490382219146,0.013439256909626192,0.004073597756674056,224.73777770996094,222.8752899169922,236.3766632080078,19.3495851102331,21.709942903146214,17.138900158160713,120.01022338867188,15.619857788085938,236.47616577148438,14.172305214101714,6.712293087711281,17.22690474561071,0.00034077962239581597,0.00011698404947916071,0.007283528645832963,0.007334391276041293,0.027399698893227773,0.28610738118488127,0.004750569661458091,0.0,0.3333333333333164,0.0,0.0,0.0,0.0,0.0,0.008890787760416213,0.32444254557290014
C:\Users\Fakhri\OneDrive\Documents\SM 6\Prak PC\klasifikasi_jenis_kain_glcm_knn\dataset\Nylon\nylon_102.png,Nylon,15.591955245034013,9.28916899839233,2.756292851770091,0.9058538114802749,0.34355263090656935,0.08505036449043107,0.06720998797440528,0.010593557263393444,0.8596157475162945,0.08367229189308512,0.004629405939012497,0.001470599713065322,84.9747314453125,74.40875244140625,65.37855529785156,26.219541526083834,31.20188491690335,34.88722095202145,29.1578369140625,73.35589599609375,86.47720336914062,35.55142041143051,40.17770453011496,28.6635881730372,0.261952718098945,0.013839721679686796,0.0033925374348956604,0.005132039388020572,0.03999328613281047,0.004247029622395617,0.0017191569010415791,0.003056844075520678,0.12003072102863972,0.18935648600259453,0.023946126302082114,0.0,0.0643412272135384,0.2374267578124879,0.03131612141926924,0.00024922688802082063
C:\Users\Fakhri\OneDrive\Documents\SM 6\Prak PC\klasifikasi_jenis_kain_glcm_knn\dataset\Silk\silk_040.png,Silk,67.81017302155638,24.206459149306635,5.105323335224873,1.0981646652474928,0.29202484613149077,0.0502378296873526,0.08727790549018433,0.009918540432203873,0.4591013674396502,0.19321695725379712,0.00771581023105881,0.001788890552373665,41.26091003417969,50.338897705078125,74.40260314941406,30.04700289726368,31.945866353951203,35.42504240065519,111.83460998535156,124.35104370117188,74.40274047851562,2.649486845120891,30.179338607205192,35.42529475675292,6.612141927082997e-05,0.0,5.086263020833075e-06,4.06901041666646e-05,0.20963033040363516,0.12359110514322287,0.0,0.0,0.015655517578124202,0.13662719726561803,0.18102518717446994,2.543131510416537e-05,0.16480509440103328,0.13827006022134714,0.02587381998697785,0.00438435872395811
C:\Users\Fakhri\OneDrive\Documents\SM 6\Prak PC\klasifikasi_jenis_kain_glcm_knn\dataset\Wool\wool_044.png,Wool,16.082291915460235,8.398935902136106,2.8178694350539195,0.8375062686478831,0.3550383879124155,0.07476594631660641,0.09643059946121506,0.01354021655256463,0.6999581627384123,0.15670059153597304,0.009482197976739637,0.002650635970440097,40.87782287597656,43.84907531738281,47.67170715332031,19.980133385410234,20.726841591067096,22.72724120900856,104.25621032714844,39.249725341796875,47.81036376953125,18.26883967630756,16.573426062887954,22.62297839864336,0.004308064778645614,0.0014241536458332608,0.0036824544270831457,0.019892374674478155,0.21489461263019738,0.08368937174478741,0.004572550455728934,0.0008697509765624558,0.3041890462239428,0.029129028320311015,1.5258789062499222e-05,0.0,0.2517903645833205,0.08117675781249586,0.00036621093749998135,0.0
C:\Users\Fakhri\OneDrive\Documents\SM 6\Prak PC\klasifikasi_jenis_kain_glcm_knn\dataset\Silk\silk_068.png,Silk,107.82984438084092,48.407905467770505,7.692807343972156,2.085220010890965,0.15518635505306827,0.05237267382168545,0.03848658996517805,0.0059164334721209565,0.4281851630226972,0.2563427234012946,0.0015162217921777773,0.00048063727542343174,61.80015563964844,79.60517883300781,72.23095703125,34.78921856509014,41.040384082602166,39.13140294816317,78.28213500976562,62.569671630859375,79.89578247070312,8.724636547897292,22.392169141927553,41.167327005502685,9.155273437499534e-05,0.00012715657552082686,0.016637166341144986,0.2821909586588398,0.03328959147135247,0.0009816487630207834,1.017252604166615e-05,5.086263020833075e-06,0.16692097981769982,0.16549682617186656,0.0009104410807291203,5.086263020833075e-06,0.13223266601561826,0.15479532877603377,0.04332478841145613,0.0029805501302081817
C:\Users\Fakhri\OneDrive\Documents\SM 6\Prak PC\klasifikasi_jenis_kain_glcm_knn\dataset\Cotton\cotton_121.png,Cotton,4.676548344644951,3.013434637762268,1.4046101588597601,0.4958508828100306,0.5440581181344616,0.08879151076021706,0.21098913152099188,0.023354955523827426,0.8698401467539408,0.08440789669405,0.045061867567502384,0.010023655578157644,229.6671905517578,239.0001220703125,239.42909240722656,18.492817940650284,16.95344721712055,14.401094316865287,86.58648681640625,12.172439575195312,240.9853973388672,12.868846299850723,5.518606804496314,15.229178313002897,0.0,0.0,0.03432210286458159,0.12819925944009763,0.17081197102863713,0.0,0.0,0.0,0.3333333333333164,0.0,0.0,0.0,0.0,0.0,0.001368204752604097,0.33196512858071225
C:\Users\Fakhri\OneDrive\Documents\SM 6\Prak PC\klasifikasi_jenis_kain_glcm_knn\dataset\Nylon\nylon_041.png,Nylon,16.516553625399535,9.745957686345774,3.032781936193075,0.9939292129282774,0.29520576001689597,0.08396049684149531,0.07139434102700414,0.010343163626285486,0.6404808946825412,0.21207531687460549,0.00520413296448028,0.0015543597172827071,66.13848876953125,100.18359375,130.04849243164062,15.702660069652449,20.06576901241441,24.401317264146275,103.98707580566406,126.31455993652344,130.04849243164062,1.1087562452991322,11.733662612374134,24.401317264146275,0.0,0.0,0.0,0.0,0.3333333333333164,0.0,0.0,0.0,5.086263020833074e-05,0.19108072916665694,0.1422017415364511,0.0,0.00021362304687498913,0.150767008463534,0.18166605631509491,0.0006866455078124651
C:\Users\Fakhri\OneDrive\Documents\SM 6\Prak PC\klasifikasi_jenis_kain_glcm_knn\dataset\Nylon\nylon_133.png,Nylon,6.692962079457513,5.533439331494932,1.9361741048695162,0.875192630747761,0.40440418359607405,0.13381520458436183,0.10415318143425334,0.02016818094908318,0.742492925659778,0.2133577384659451,0.011254640725671457,0.004625134241896041,58.0994873046875,83.38410949707031,120.92640686035156,12.14592225693539,14.530600945064972,20.38312693657839,107.87577819824219,133.28965759277344,120.92640686035156,0.9390913439950771,9.08103609291179,20.38312693657839,0.0,0.0,0.0,0.0,0.3333333333333164,0.0,0.0,0.0,0.0,0.08709716796874556,0.2462361653645708,0.0,5.594889322916382e-05,0.20586140950519785,0.12741597493488935,0.0
C:\Users\Fakhri\OneDrive\Documents\SM 6\Prak PC\klasifikasi_jenis_kain_glcm_knn\dataset\Wool\wool_157.png,Wool,6.491280643659752,3.002459279395525,1.6424216460768812,0.4555145054798582,0.5072444512092528,0.07681582084773429,0.1821837835159145,0.02136258407036077,0.575838048770718,0.19639116305280246,0.03364729097433682,0.007911305122039207,17.91998291015625,22.418853759765625,26.696441650390625,9.91095024039959,11.135826390485079,13.90681672945949,101.7999267578125,84.85092163085938,26.80987548828125,10.95555056258704,23.063981172890596,13.794999744590314,0.0007171630859374635,9.663899739582841e-05,0.00150553385416659,0.025075276692707055,0.2814331054687357,0.024347941080727926,0.00014241536458332608,1.5258789062499222e-05,0.05274454752603898,0.2688903808593613,0.011678059895832739,2.03450520833323e-05,0.32790120442706666,0.005432128906249723,0.0,0.0
C:\Users\Fakhri\OneDrive\Documents\SM 6\Prak PC\klasifikasi_jenis_kain_glcm_knn\dataset\Silk\silk_098.png,Silk,15.359642009096376,8.125388016476215,2.895684683450201,0.8356549321266022,0.30890294506143556,0.07237898399828194,0.05886852318346885,0.008280420765731418,0.8797803957778898,0.06348505079762135,0.0035340683898601646,0.0010016500476895073,78.02468872070312,95.50538635253906,102.68162536621094,25.123394224135215,37.150390593908405,38.03138964602478,101.92742919921875,73.1177978515625,110.39877319335938,30.971220095439765,31.530491824292756,40.38622030456626,0.006006876627603861,0.0007731119791666273,0.0009918212890624495,0.1349283854166598,0.08012898763020425,0.06419372558593422,0.022094726562498876,0.02421569824218627,0.08690897623697474,0.24564615885415417,0.0007781982421874604,0.0,0.041722615559893705,0.17907206217447005,0.10521952311197381,0.007319132486978794
C:\Users\Fakhri\OneDrive\Documents\SM 6\Prak PC\klasifikasi_jenis_kain_glcm_knn\dataset\Wool\wool_111.png,Wool,24.408761839880537,14.073670087972737,3.5962939538368928,1.1575645987812706,0.2690492221419885,0.07581531521514662,0.044751535639527246,0.0071704547861046065,0.8643126084053131,0.07841099292312202,0.002054115363935448,0.0006637624488121818,176.64755249023438,171.8555450439453,164.35597229003906,35.905925575690304,38.59840152669497,40.683611288258106,24.088088989257812,20.290298461914062,176.90078735351562,21.72078117690794,13.459486504830888,36.21657792999057,0.2348734537760297,0.07328796386718377,0.010457356770832801,0.005040486653645576,0.00431823730468728,0.0013631184895832639,0.0011952718098957725,0.002797444661458191,0.3331654866536289,0.00016784667968749146,0.0,0.0,0.0,0.03458658854166491,0.1726481119791579,0.1260986328124936
C:\Users\Fakhri\OneDrive\Documents\SM 6\Prak PC\klasifikasi_jenis_kain_glcm_knn\dataset\Cotton\cotton_200.png,Cotton,67.25930622480797,38.55786690902136,5.629491635650761,1.8174388046979673,0.21416950365667575,0.0601763199125269,0.033847466001865535,0.005432437315490894,0.8722281799870933,0.07318608968849066,0.0011751623299341815,0.0003772061036138817,121.63357543945312,125.07803344726562,131.0917205810547,64.00486768819725,64.92488933952247,66.5121969257863,107.83358764648438,21.66986083984375,131.17254638671875,14.585720482265497,11.076295074540525,66.5497198848883,0.0022328694661457194,0.0009155273437499534,0.002059936523437395,0.009307861328124526,0.21868387858071803,0.09443155924478686,0.004969278971353914,0.0007324218749999627,0.3327280680338372,0.0006052652994791358,0.0,0.0,0.06167093912760103,0.11470031738280666,0.07648722330728777,0.0804748535156209
C:\Users\Fakhri\OneDrive\Documents\SM 6\Prak PC\klasifikasi_jenis_kain_glcm_knn\dataset\Cotton\cotton_137.png,Cotton,17.869707458252908,11.2497641537913,3.0651001583783155,1.0491157933701065,0.30234006030992155,0.08297408262365882,0.0577098467330141,0.009187695934246091,0.862361731066516,0.0866058173991361,0.0034148401665281413,0.0010873240532584276,116.73246765136719,107.34602355957031,108.88929748535156,30.90990482214619,32.87435024157918,32.74469040867806,102.46331787109375,25.721237182617188,116.83186340332031,77.10568928548383,12.48762099570114,31.060086083162187,0.12668355305988938,0.006515502929687168,0.0008799235026041219,0.0006510416666666336,0.0018107096354165744,0.0031789143880206713,0.02252197265624885,0.17109171549478294,0.33255004882810807,0.0007832845052082935,0.0,0.0,0.003977457682291464,0.22434488932290525,0.09783426920572419,0.007176717122395468
C:\Users\Fakhri\OneDrive\Documents\SM 6\Prak PC\klasifikasi_jenis_kain_glcm_knn\dataset\Denim\denim_132.png,Denim,57.73065555891782,37.25493833585243,5.476352776412322,1.9240036779699716,0.19795238867138268,0.06403304529296612,0.033790366135653206,0.005664770548242445,0.7962815724527217,0.13128360414781431,0.0011738784689457333,0.00040678736000441694,110.37347412109375,115.89588928222656,124.34986877441406,46.92400772228234,47.72319079491032,48.40126777107467,107.93705749511719,32.15217590332031,124.35298156738281,5.020586529039337,13.939754751723417,48.39873345939434,4.06901041666646e-05,5.086263020833075e-06,5.086263020833074e-05,0.0006001790364583028,0.2844441731770688,0.04806009928385172,0.00010681152343749457,2.543131510416537e-05,0.3230336507161294,0.010299682617186976,0.0,0.0,0.03462219238281074,0.14791361490884664,0.11537679036457746,0.03542073567708153
C:\Users\Fakhri\OneDrive\Documents\SM 6\Prak PC\klasifikasi_jenis_kain_glcm_knn\dataset\Denim\denim_012.png,Denim,21.274094698700292,11.348933204976914,3.326869636150823,0.9708689779610296,0.2884557399682236,0.06901403559330095,0.06794842965888674,0.00866351270912091,0.7034448193116695,0.15796178332279745,0.004692045545569781,0.00120190933123556,45.12339782714844,53.88960266113281,67.58717346191406,21.852076116873732,24.4584659562799,27.153747788314185,108.43159484863281,88.82258605957031,67.587646484375,3.4031113238523445,20.603017925988887,27.153535537127432,5.086263020833075e-06,5.086263020833075e-06,0.0,0.00010172526041666148,0.29971822102863055,0.03348286946614413,2.03450520833323e-05,0.0,0.03631591796874815,0.288187662760402,0.008829752604166217,0.0,0.16623433430988738,0.15637715657551288,0.010375976562499471,0.00034586588541664907
C:\Users\Fakhri\OneDrive\Documents\SM 6\Prak PC\klasifikasi_jenis_kain_glcm_knn\dataset\Cotton\cotton_198.png,Cotton,37.18625349033197,21.834291805945675,4.229452528712942,1.375363893927512,0.261607128715801,0.06782284756093479,0.0489198380913597,0.00751681034888074,0.8738419699622092,0.07397064898310735,0.0024496529967058885,0.0007502531091323094,79.10411071777344,85.70132446289062,90.09346008300781,46.57376329480375,48.8657641999679,51.59588889329817,99.84516906738281,35.22550964355469,90.21644592285156,10.453536586364223,14.682985402071902,51.48586289734889,0.0009358723958332857,0.00036621093749998135,0.0020853678385415603,0.02218627929687387,0.2963409423827974,0.0111033121744786,0.0002695719401041529,4.577636718749767e-05,0.31235249837237994,0.02098083496093643,0.0,0.0,0.13098653157551415,0.11158243815103598,0.08155314127603751,0.009211222330728698
C:\Users\Fakhri\OneDrive\Documents\SM 6\Prak PC\klasifikasi_jenis_kain_glcm_knn\dataset\Wool\wool_110.png,Wool,24.809707573475748,15.518013933597976,3.6300050732424585,1.254270139573921,0.26676957211886376,0.08199066335482871,0.04801718011400186,0.008193917759835547,0.8195765689836844,0.11289711222433683,0.002372789874355444,0.0008357479617693804,178.65191650390625,173.99237060546875,165.81161499023438,30.8203698112159,33.815300999443444,36.32216983252049,25.456268310546875,20.642471313476562,178.9081573486328,23.916359645252232,13.245921386221761,31.165772281847442,0.21824137369790556,0.08953857421874543,0.008809407552082885,0.004155476888020621,0.004679361979166428,0.0023752848307290455,0.00203450520833323,0.0034993489583331552,0.3330739339192539,0.00025939941406248677,0.0,0.0,0.0,0.016520182291665825,0.19657389322915667,0.12023925781249388
C:\Users\Fakhri\OneDrive\Documents\SM 6\Prak PC\klasifikasi_jenis_kain_glcm_knn\dataset\Nylon\nylon_046.png,Nylon,5.160160835442047,2.1365505319673512,1.71166026091115,0.3948935008210811,0.43476830180699483,0.06894081154338855,0.09714672257520607,0.00922031796106819,0.9369826964103151,0.02615231529579161,0.009522499970407253,0.001840955463221217,217.24058532714844,220.69271850585938,173.35943603515625,23.915298306522384,24.976382876985017,34.77548778739174,32.62351989746094,56.58406066894531,220.75732421875,2.0572261320449776,18.713101270129204,24.871438384869947,0.0,0.33248392740883725,0.0008494059244791234,0.0,0.0,0.0,0.0,0.0,0.18107604980467829,0.15225728352863807,0.0,0.0,0.0,0.0,0.05226643880208067,0.2810668945312357
C:\Users\Fakhri\OneDrive\Documents\SM 6\Prak PC\klasifikasi_jenis_kain_glcm_knn\dataset\Nylon\nylon_131.png,Nylon,8.046631386367329,4.820450924719165,2.06543547611188,0.6882079048934467,0.3980408806882804,0.09472697591638002,0.08846772970494869,0.013705250254873269,0.8320262395780009,0.10044435267910315,0.008014373083696564,0.0025023360518498187,52.623779296875,45.64146423339844,44.75965881347656,23.64011376830987,19.075828814248876,16.10021647714493,91.66299438476562,56.48454284667969,54.52671813964844,61.89255971409873,31.307415113007362,22.557573102087566,0.10004679361978658,0.014048258463540951,0.0024312337239582094,0.010874430338541113,0.08381652832030823,0.022811889648436338,0.012634277343749356,0.08666992187499559,0.20471191406248956,0.12178548177082713,0.006835937499999652,0.0,0.22237141927082202,0.11082458496093185,0.000137329101562493,0.0
C:\Users\Fakhri\OneDrive\Documents\SM 6\Prak PC\klasifikasi_jenis_kain_glcm_knn\dataset\Nylon\nylon_109.png,Nylon,8.167824553711494,4.503200141627747,2.0212401054721787,0.6217757255113818,0.41074371441381125,0.08779272737064564,0.10513284185001513,0.014219867053182698,0.7611065029102226,0.13205691211192183,0.011255119054470485,0.0030869277471782235,47.92491149902344,40.10308837890625,35.46937561035156,17.18288267589929,16.721954796021816,17.895535512996876,28.72528076171875,73.78660583496094,48.75559997558594,39.927238271609795,42.78206367829459,18.31234103493071,0.2594451904296743,0.015553792317707541,0.005355834960937228,0.004892985026041417,0.028976440429686025,0.0070088704427079766,0.0038096110026039727,0.00829060872395791,0.13322448730468073,0.16629536946613738,0.03381347656249828,0.0,0.2710113525390487,0.06190999348958018,0.000411987304687479,0.0
C:\Users\Fakhri\OneDrive\Documents\SM 6\Prak PC\klasifikasi_jenis_kain_glcm_knn\dataset\Denim\denim_167.png,Denim,51.11193161863929,40.2228167277306,5.22138926044476,2.1611698864230533,0.2037897776500819,0.07738315907565521,0.036110832398454355,0.006740709654427432,0.8406756859264508,0.12534688246897807,0.0013494293831545516,0.0005234467167366637,106.00984191894531,115.573486328125,133.81187438964844,49.376539707836976,51.115574361332136,51.72415969619386,109.85389709472656,59.030914306640625,133.8118896484375,2.693874346509428,20.936246962698238,51.72419411952391,0.0,0.0,0.0,5.086263020833075e-06,0.2809448242187357,0.052383422851559835,0.0,0.0,0.19318644205728183,0.14014689127603452,0.0,0.0,0.023783365885415457,0.14224243164061776,0.1100769042968694,0.05723063151041375
C:\Users\Fakhri\OneDrive\Documents\SM 6\Prak PC\klasifikasi_jenis_kain_glcm_knn\dataset\Cotton\cotton_126.png,Cotton,16.41744885650641,10.777926493779423,2.7903153707624058,0.9452476641788122,0.3384516420491625,0.08170951146008963,0.061653693559005414,0.009473061202355772,0.9016216547123476,0.06440546147061002,0.0038909168180113244,0.0012015596695623156,74.83369445800781,82.08786010742188,88.22280883789062,34.684317323883825,36.804238933865264,39.40506868735833,103.01617431640625,40.141693115234375,88.24188232421875,5.793123964364028,9.998107912531571,39.386379897183346,9.663899739582841e-05,2.03450520833323e-05,0.00017293294270832453,0.0040486653645831275,0.3220520019531086,0.006917317708332981,1.5258789062499222e-05,1.017252604166615e-05,0.3248952229817543,0.00843811035156207,0.0,0.0,0.0937296549479119,0.193211873372386,0.03722127278645644,0.009170532226562033
C:\Users\Fakhri\OneDrive\Documents\SM 6\Prak PC\klasifikasi_jenis_kain_glcm_knn\dataset\Cotton\cotton_014.png,Cotton,3.0427390135232257,1.901938034520591,1.218818171111842,0.42336651371018896,0.5472893099441726,0.09846584690589832,0.17058045003373348,0.023676528062672553,0.726798657690598,0.17056624441417623,0.02965826791481357,0.008335682776720487,23.763107299804688,26.579742431640625,29.13018798828125,8.693537520308313,9.481716242453606,11.258453066171038,100.32321166992188,47.16285705566406,29.29742431640625,19.83676432249732,17.085967340112283,11.105427259051693,0.0063527425130205095,0.001154581705729108,0.004633585611978931,0.03215026855468586,0.22602335611978017,0.06048583984374692,0.002003987630208231,0.0005289713541666397,0.27330017089842357,0.060017903645830276,1.5258789062499222e-05,0.0,0.33197530110675394,0.0013580322265624308,0.0,0.0
C:\Users\Fakhri\OneDrive\Documents\SM 6\Prak PC\klasifikasi_jenis_kain_glcm_knn\dataset\Cotton\cotton_052.png,Cotton,10.022685747706896,7.115162858793543,2.1650729739864913,0.8567050599142484,0.4234362565203255,0.1063941078804256,0.13355004050894917,0.021010855797114168,0.8831412454315125,0.0835326449225085,0.01827706938126908,0.0057405815822858435,224.87112426757812,228.6194610595703,215.5797882080078,25.49717772046093,25.850621848517996,31.018402245823083,43.70756530761719,15.516143798828125,228.63458251953125,10.876598364593567,10.312728542582404,25.81982287915276,0.0,0.20806376139321858,0.11508687337238997,0.009582519531249513,0.0006001790364583028,0.0,0.0,0.0,0.3333079020182122,2.543131510416537e-05,0.0,0.0,0.0,1.017252604166615e-05,0.03676350911458146,0.2965596516926932
C:\Users\Fakhri\OneDrive\Documents\SM 6\Prak PC\klasifikasi_jenis_kain_glcm_knn\dataset\Denim\denim_178.png,Denim,13.117743936339812,7.260312691964577,2.481426281519435,0.7546703853266551,0.37517426255898106,0.07943183432261688,0.10161327591192748,0.013584011804491165,0.6970055403670035,0.16734211024550913,0.010509783218258054,0.0028321861076909117,33.55523681640625,41.33680725097656,52.73692321777344,16.73962173869709,18.94010827906081,21.931308420145008,107.65031433105469,95.48025512695312,52.738067626953125,3.6511241561788483,19.990551223405046,21.930215494525168,0.0,0.0,5.086263020833075e-06,0.00025939941406248677,0.31119283040363,0.021860758463540554,1.5258789062499222e-05,0.0,0.024144490559894604,0.29781087239581816,0.011377970377603587,0.0,0.24822489420571653,0.08260091145832912,0.0024871826171873734,2.03450520833323e-05
C:\Users\Fakhri\OneDrive\Documents\SM 6\Prak PC\klasifikasi_jenis_kain_glcm_knn\dataset\Cotton\cotton_034.png,Cotton,10.656691854476366,5.802502097279845,1.9532405224435525,0.6072701367283537,0.49408040010322757,0.07785836772841039,0.17318603074161046,0.021543053407483016,0.7506844239406606,0.13547893681055542,0.030457504394151704,0.007513822336686209,23.61993408203125,26.615478515625,28.45904541015625,17.46862042509945,18.581222826132358,20.408209042087822,94.43302917480469,48.67860412597656,28.782913208007812,24.06313414377203,21.089584165714907,20.205091815278234,0.010782877604166118,0.0033162434895831643,0.01197814941406189,0.05297342936197647,0.20778401692707274,0.04365539550781028,0.0022786458333332173,0.0005645751953124713,0.25331624348957044,0.07937622070312096,0.0006408691406249674,0.0,0.3103179931640467,0.022282918294269698,0.0007324218749999627,0.0
C:\Users\Fakhri\OneDrive\Documents\SM 6\Prak PC\klasifikasi_jenis_kain_glcm_knn\dataset\Nylon\nylon_037.png,Nylon,14.890728393005626,7.433305365945093,2.8297496706667626,0.8062980076483047,0.3180519633630271,0.07595436825327301,0.07369433934786261,0.009875563070788858,0.690222777416869,0.1545619970331814,0.005528382397883059,0.0014928123583476261,62.95195007324219,97.88742065429688,127.67185974121094,17.381357773921668,20.1589998538869,23.443719338794473,103.77458190917969,131.0668182373047,127.67185974121094,1.083144019305599,15.27898237091529,23.443719338794473,0.0,0.0,0.0,0.0,0.3333333333333164,0.0,0.0,0.0,5.594889322916382e-05,0.14376322428384686,0.18951416015624034,0.0,5.594889322916382e-05,0.1695302327473872,0.16313680013020002,0.0006103515624999689
C:\Users\Fakhri\OneDrive\Documents\SM 6\Prak PC\klasifikasi_jenis_kain_glcm_knn\dataset\Cotton\cotton_190.png,Cotton,7.738615714570842,3.779195889639695,2.062056417622349,0.5622000532966578,0.390188690548007,0.0783617267181201,0.1065629431406372,0.012244012401263696,0.6290196466698562,0.1810410952790866,0.01150557669047698,0.0026727455626544745,37.73802185058594,45.37336730957031,49.61250305175781,11.692493434993796,13.242234210883915,14.368301829293694,100.10240173339844,61.8790283203125,49.66114807128906,5.939501335669947,12.425932253412034,14.325483732837347,3.560384114583152e-05,1.5258789062499222e-05,0.00014241536458332608,0.010396321614582803,0.31984456380206705,0.002883911132812353,1.5258789062499222e-05,0.0,0.17980448404947,0.15352884928384636,0.0,0.0,0.27752685546873584,0.055796305338538826,1.017252604166615e-05,0.0
C:\Users\Fakhri\OneDrive\Documents\SM 6\Prak PC\klasifikasi_jenis_kain_glcm_knn\dataset\Wool\wool_168.png,Wool,44.88446643058082,31.32443505828819,4.903518378696773,1.9038854834872068,0.2135977671488907,0.08131333039128832,0.039896874331525674,0.007689958958891036,0.7682059062825135,0.1617831440717823,0.0016508960502149806,0.0006783868060740058,105.03306579589844,105.0736083984375,108.78773498535156,38.30925461360629,39.39777307424786,41.756591309704675,105.87153625488281,11.881118774414062,109.23580932617188,44.03495154020087,6.739655426416893,41.31729126865877,0.03887939453124802,0.008097330729166255,0.004679361979166428,0.004211425781249786,0.07307434082030878,0.14020792643228452,0.04248555501301867,0.021697998046873897,0.3333180745442539,1.5258789062499222e-05,0.0,0.0,0.054143269856768074,0.16275533040363754,0.10954284667968192,0.006891886393228816
C:\Users\Fakhri\OneDrive\Documents\SM 6\Prak PC\klasifikasi_jenis_kain_glcm_knn\dataset\Nylon\nylon_013.png,Nylon,12.812049087526873,5.425709561767889,2.697602934767605,0.6509998088038003,0.31460571102886137,0.07034337746435952,0.07766054060365664,0.009200119817950674,0.6985281067756842,0.12805888320297615,0.006115801771516848,0.0014914321308733896,60.953216552734375,68.0367431640625,73.37950134277344,17.485010566526686,18.563798553549585,20.668797610722255,102.2125244140625,43.521514892578125,73.39668273925781,5.384212614932883,9.825317303143152,20.65157143989212,1.5258789062499222e-05,5.086263020833075e-06,4.06901041666646e-05,0.004007975260416462,0.32433064778644183,0.004923502604166416,5.086263020833075e-06,5.086263020833075e-06,0.323410034179671,0.009923299153645327,0.0,0.0,0.11694844563801488,0.21243794759113502,0.003941853841145633,5.086263020833075e-06
C:\Users\Fakhri\OneDrive\Documents\SM 6\Prak PC\klasifikasi_jenis_kain_glcm_knn\dataset\Wool\wool_003.png,Wool,25.896933743426583,10.645726544426322,3.7065879158263866,0.8922488436669925,0.26304150784267494,0.059409328092185035,0.0493091927978132,0.006128279552876118,0.784783187221338,0.0884377471091457,0.0024689523046501124,0.0006225402572635395,133.32125854492188,147.4912872314453,175.5270538330078,30.310019787824533,31.741732029973864,29.962793301777765,109.87355041503906,62.879730224609375,175.52706909179688,2.109284981764945,15.48447947192844,29.96281213052815,0.0,0.0,0.0,5.086263020833075e-06,0.3034871419270679,0.029841105143227648,0.0,0.0,0.17094421386717878,0.16238911946613757,0.0,0.0,0.0,0.02045186360676979,0.2046407063801979,0.10824076334634865
C:\Users\Fakhri\OneDrive\Documents\SM 6\Prak PC\klasifikasi_jenis_kain_glcm_knn\dataset\Cotton\cotton_168.png,Cotton,4.1855658406014635,2.1409618723888464,1.483570505895666,0.42765607761947055,0.4830615426636686,0.08609708209734143,0.11791110434417562,0.01530226524999135,0.8025844590512446,0.10095884585516529,0.014137187849444158,0.003686710254060299,43.32746887207031,44.2122802734375,55.05845642089844,12.586845040290909,12.933061515044129,14.742282233730059,117.99153137207031,57.49629211425781,55.05937194824219,5.961165701405238,12.663182357656543,14.740060325993829,0.00011698404947916071,0.0,5.086263020833075e-06,8.646647135416227e-05,0.04066975911458126,0.29050191243488105,0.0018870035807290707,6.612141927082997e-05,0.22586568196613432,0.10746765136718203,0.0,0.0,0.2368418375650921,0.09649149576822426,0.0,0.0
C:\Users\Fakhri\OneDrive\Documents\SM 6\Prak PC\klasifikasi_jenis_kain_glcm_knn\dataset\Nylon\nylon_142.png,Nylon,5.904785482850245,2.926148643639493,1.8061503282218683,0.506024639444582,0.4223330815780751,0.08438772410288563,0.10637569137208559,0.013970645803453223,0.7506129056288143,0.12350272829876775,0.011510966659054747,0.0030979554511875148,49.59565734863281,53.2158203125,52.52210998535156,13.400198228463276,13.7671432090898,14.334655917372746,80.88957214355469,21.178070068359375,53.70416259765625,20.59501542964266,9.621627353299154,13.905937444062207,0.006210327148437183,0.010386149088541137,0.044347127278643574,0.12833658854166013,0.13650004069009722,0.00693257649739548,0.0005137125651041405,0.00010681152343749457,0.3330790201822747,0.00025431315104165373,0.0,0.0,0.24859619140623734,0.08473714192707901,0.0,0.0
C:\Users\Fakhri\OneDrive\Documents\SM 6\Prak PC\klasifikasi_jenis_kain_glcm_knn\dataset\Cotton\cotton_146.png,Cotton,3.9879565714343532,2.4429909195276487,1.436515406260929,0.5201403151980778,0.4976916611130387,0.11267416870130856,0.14728186684858444,0.022496478801522453,0.7620799461070105,0.14616591049076752,0.022198039860871505,0.0068150889403722995,230.0143585205078,238.32830810546875,240.62225341796875,12.137849264803299,11.821616311883224,9.80132576333337,93.58207702636719,11.929443359375,241.2845916748047,10.619842000863523,3.8084750504214235,10.408649398932768,0.0,0.0,0.011393229166666087,0.06977844238280895,0.2521616617838413,0.0,0.0,0.0,0.3333333333333164,0.0,0.0,0.0,0.0,0.0,1.5258789062499222e-05,0.3333180745442539
C:\Users\Fakhri\OneDrive\Documents\SM 6\Prak PC\klasifikasi_jenis_kain_glcm_knn\dataset\Silk\silk_062.png,Silk,80.99518359452344,41.516422765528475,6.740133584878038,2.0238573877149446,0.162010724370681,0.05643346193616838,0.03913463575503889,0.005680585108866904,0.4899410592912356,0.2608051011031151,0.0015637887628586488,0.0004798879002600131,104.99020385742188,79.40312194824219,123.40980529785156,40.32572792580084,32.86986404071241,43.259548806164304,137.67745971679688,95.14724731445312,123.90217590332031,9.696867433835688,18.979310290598175,43.01740992088975,1.017252604166615e-05,0.0,0.0,0.0,0.00011698404947916071,0.11503092447916081,0.21556599934894735,0.0026092529296873673,0.01963297526041567,0.3014526367187346,0.012247721354166043,0.0,0.013890584309895126,0.17601013183592853,0.11617533365884825,0.027257283528644444
C:\Users\Fakhri\OneDrive\Documents\SM 6\Prak PC\klasifikasi_jenis_kain_glcm_knn\dataset\Denim\denim_107.png,Denim,12.04537807802687,6.161216465450005,2.1574016363352038,0.6146431569524115,0.4459031845337482,0.07439902218521956,0.14164844332834436,0.017379231055255632,0.694127167731958,0.15630425621611294,0.020366319169415146,0.00503116001340391,26.936599731445312,30.5579833984375,35.26116943359375,16.617922808150798,17.835495052706417,20.260496013920324,104.15260314941406,61.170745849609375,35.3468017578125,15.419540183829353,20.718886009043796,20.185653324151026,0.0034739176432289896,0.0006001790364583028,0.0024261474609373764,0.016128540039061678,0.2476196289062374,0.061614990234371864,0.0012156168619791047,0.00025431315104165373,0.17185974121092876,0.16136678059895013,0.00010681152343749457,0.0,0.30577596028644277,0.025950113932290346,0.001576741536458253,3.0517578124998445e-05
C:\Users\Fakhri\OneDrive\Documents\SM 6\Prak PC\klasifikasi_jenis_kain_glcm_knn\dataset\Denim\denim_005.png,Denim,11.015004383766483,5.795987807401409,2.3838092673070457,0.6883280164451215,0.36577158186008546,0.0783080563995649,0.08926964867264253,0.011428264603621605,0.7422516840208749,0.1353554937019116,0.008099675405987421,0.0020873065442449114,32.98042297363281,42.464263916015625,54.18528747558594,16.259418226707712,18.848788545186906,22.510293277495823,106.18824768066406,102.71470642089844,54.18763732910156,3.48303599456502,19.2528188513,22.506595449807687,5.086263020833075e-06,0.0,5.086263020833075e-06,0.0005900065104166366,0.3284200032551916,0.004308064778645614,0.0,5.086263020833075e-06,0.010045369466145322,0.29296874999998507,0.030319213867185956,0.0,0.23242187499998818,0.09878031412759913,0.002110799153645726,2.03450520833323e-05
C:\Users\Fakhri\OneDrive\Documents\SM 6\Prak PC\klasifikasi_jenis_kain_glcm_knn\dataset\Denim\denim_185.png,Denim,30.277573437718498,20.336036973541283,3.9900056041497627,1.4150487326580505,0.2497927481507056,0.07450231515213353,0.05034552621786617,0.008210167176007682,0.7925602218093383,0.13915625741732296,0.0026020788552118435,0.0008701073966513255,73.90132141113281,86.68516540527344,103.12942504882812,31.67347562727577,34.6716032465312,38.01375455717093,106.80137634277344,75.92619323730469,103.12945556640625,2.2313049680766146,16.769948437719094,38.01371150321885,0.0,0.0,0.0,1.017252604166615e-05,0.33128865559894144,0.00203450520833323,0.0,0.0,0.07758076985676689,0.2548878987630079,0.0008646647135416226,0.0,0.04762776692708091,0.20396931966144793,0.07444763183593371,0.007288614908853796
C:\Users\Fakhri\OneDrive\Documents\SM 6\Prak PC\klasifikasi_jenis_kain_glcm_knn\dataset\Cotton\cotton_047.png,Cotton,6.0486067865471504,3.6785250812696764,1.7696931644434788,0.6062550191755707,0.4418955247465977,0.10153689153904044,0.09762547861532772,0.01571041124669089,0.8971222390115566,0.06261682501280759,0.009777551096411962,0.0031819338804141106,221.4197998046875,227.35675048828125,213.16525268554688,21.169317213092054,21.429403812086207,25.79286442734638,45.77056884765625,16.597320556640625,227.35719299316406,8.661896244553633,8.395224030468464,21.42809797938311,0.0,0.17126464843749128,0.15482584635415877,0.007237752278645464,5.086263020833075e-06,0.0,0.0,0.0,0.3333333333333164,0.0,0.0,0.0,0.0,1.5258789062499222e-05,0.0255737304687487,0.30774434407550516
C:\Users\Fakhri\OneDrive\Documents\SM 6\Prak PC\klasifikasi_jenis_kain_glcm_knn\dataset\Nylon\nylon_183.png,Nylon,12.90484471397725,7.30410135535633,2.706758219395356,0.8367467871808741,0.3201797599272867,0.0785034324471036,0.06305265728530095,0.009454259850545177,0.8488075655035646,0.08587370576680503,0.004065020620059245,0.0012322219874895451,168.07070922851562,196.35296630859375,216.0563201904297,25.53838924355743,27.2023052538162,23.30658722530173,102.12107849121094,57.513397216796875,216.06333923339844,2.9023680448076825,10.232432304021316,23.316165774159355,0.0,0.0,0.0,0.001093546549479111,0.33223978678383725,0.0,0.0,0.0,0.23063151041665492,0.10270182291666144,0.0,0.0,0.0,0.0,0.0575764973958304,0.27575683593748596
C:\Users\Fakhri\OneDrive\Documents\SM 6\Prak PC\klasifikasi_jenis_kain_glcm_knn\dataset\Cotton\cotton_093.png,Cotton,21.498954419344287,14.950941514870161,3.4177188487209613,1.3106716547453003,0.2766784190175346,0.09465516928712966,0.06712438594806079,0.011340519089376767,0.6187439301605463,0.26480162133960256,0.00463429056212074,0.0016546930695745957,56.43070983886719,64.89134216308594,54.90519714355469,19.92613517310057,21.971114615199212,20.680834842372363,55.7352294921875,43.81367492675781,64.8929443359375,7.522591404660628,13.477054896189124,21.969388610313306,0.00011698404947916071,0.016474405924478328,0.294799804687485,0.02188618977864472,5.086263020833074e-05,0.0,0.0,5.086263020833075e-06,0.2998758951822764,0.03345235188801913,5.086263020833075e-06,0.0,0.16740926106769982,0.16426086425780415,0.0016632080078124152,0.0
C:\Users\Fakhri\OneDrive\Documents\SM 6\Prak PC\klasifikasi_jenis_kain_glcm_knn\dataset\Nylon\nylon_101.png,Nylon,12.18955322386796,7.400577701161827,2.4667490994314907,0.8213093720444866,0.3636165663128869,0.08918699158071776,0.07098699490206452,0.011299985463896685,0.8709707399055652,0.07836205354197888,0.005166843116710012,0.0016655469456339758,75.21296691894531,65.19606018066406,56.32304382324219,24.633297097189335,28.70148064458466,31.33967938792314,28.0780029296875,77.83305358886719,76.37103271484375,34.24740328982176,42.16601312612078,26.395054709027317,0.2649841308593615,0.014495849609374261,0.004287719726562281,0.0058898925781247,0.034749348958331566,0.0040435791015622944,0.0017751057942707428,0.0031077067057290082,0.11222330729166095,0.18813578287759458,0.03297424316406082,0.0,0.10752868652343202,0.2101440429687393,0.015660603841145034,0.0
C:\Users\Fakhri\OneDrive\Documents\SM 6\Prak PC\klasifikasi_jenis_kain_glcm_knn\dataset\Denim\denim_076.png,Denim,17.798954042147567,10.227675816932152,3.00069294250793,0.9344490532887639,0.3194070312442485,0.07559875495393599,0.07422362695604347,0.010413500904825927,0.7712508013414588,0.1312968842396091,0.0056175877996047134,0.0015915339172293264,42.97129821777344,50.207763671875,57.80406188964844,23.378797909870954,25.157009126333566,28.045113040596146,104.078857421875,69.130859375,57.84033203125,6.676512020285385,21.080045370816766,28.01193670449493,0.00010172526041666148,9.663899739582841e-05,0.00028483072916665216,0.007497151692707951,0.3139292399088382,0.01138305664062442,3.560384114583152e-05,5.086263020833075e-06,0.1249643961588478,0.20789082845051024,0.000478108723958309,0.0,0.21661376953123898,0.10814921061197366,0.008534749348957898,3.560384114583152e-05
C:\Users\Fakhri\OneDrive\Documents\SM 6\Prak PC\klasifikasi_jenis_kain_glcm_knn\dataset\Wool\wool_037.png,Wool,5.275223658505549,2.283871364799079,1.5861351670024704,0.3977370925848254,0.48269585670140164,0.0740637072971318,0.13177190056755045,0.015151750770724276,0.704099413493524,0.12808878878004343,0.01759340933060254,0.004079096135459799,30.95501708984375,36.50358581542969,38.79718017578125,11.2361795197435,12.064218448802436,13.384771250327418,97.06230163574219,54.00482177734375,39.05494689941406,10.682179424215853,15.672166348004533,13.222883662304922,0.0005391438802083058,0.00022379557291665527,0.0020853678385415603,0.046035766601560155,0.2725677490234236,0.011606852213541076,0.00023396809895832142,4.06901041666646e-05,0.24188232421873768,0.09141031901041201,4.06901041666646e-05,0.0,0.31970214843748374,0.01363118489583264,0.0,0.0
C:\Users\Fakhri\OneDrive\Documents\SM 6\Prak PC\klasifikasi_jenis_kain_glcm_knn\dataset\Cotton\cotton_147.png,Cotton,5.602022144856067,3.6074084446346624,1.6223160924626672,0.5830163213335495,0.4890046606384016,0.09985168155535686,0.13114394374942007,0.01980868199597056,0.8542243854778143,0.09396712464138975,0.017591117864568538,0.005340850024191977,226.5467987060547,231.9803924560547,236.30783081054688,17.654150900341843,18.064201218609494,14.836796182243921,98.8092041015625,11.224624633789062,236.84336853027344,14.18716459203415,4.256243082257206,15.354688761049179,0.0,0.0,0.021057128906248928,0.04120381673176873,0.254943847656237,0.016128540039061678,0.0,0.0,0.3333333333333164,0.0,0.0,0.0,0.0,0.0,0.0013224283854165993,0.33201090494789975
C:\Users\Fakhri\OneDrive\Documents\SM 6\Prak PC\klasifikasi_jenis_kain_glcm_knn\dataset\Silk\silk_159.png,Silk,79.50396710311871,36.740657967466035,6.2848517967402735,1.7005788848601215,0.2080270750360784,0.047038793916002825,0.04201395895424023,0.005302111770138498,0.7025109528279522,0.1373561171282623,0.0017932851362316236,0.0004577374327112251,132.70135498046875,129.91709899902344,119.70401000976562,44.46583856110645,46.63400494118898,48.90503168196426,26.980728149414062,31.246353149414062,133.1055145263672,13.839648413873116,18.460479435006114,45.008680628221335,0.13096110026041,0.1812947591145741,0.013519287109374311,0.0038655598958331366,0.0021565755208332233,0.0005849202473958036,0.0004628499348958098,0.0004882812499999751,0.3207244873046712,0.012608846028645192,0.0,0.0,0.001647949218749916,0.1653137207031166,0.1231486002604104,0.043223063151039465
C:\Users\Fakhri\OneDrive\Documents\SM 6\Prak PC\klasifikasi_jenis_kain_glcm_knn\dataset\Denim\denim_106.png,Denim,9.406693715948096,5.072057742673978,2.00578159219317,0.6191103834134156,0.4438406724876076,0.08716539466539788,0.1386462229436,0.01879791234126373,0.7006424586567307,0.16134440321515645,0.019576136644916264,0.005395523009304539,26.566741943359375,31.429840087890625,36.096954345703125,14.402292403278508,16.086122189572716,18.63138422855812,102.00169372558594,66.88902282714844,36.20094299316406,12.440270388193088,20.23528889971637,18.539253770984505,0.0017547607421874107,0.000411987304687479,0.0018717447916665713,0.021199544270832253,0.281697591145819,0.025939941406248678,0.0003509521484374821,0.00010681152343749457,0.1323954264322849,0.20082092285155229,0.00011698404947916071,0.0,0.30776977539060935,0.024642944335936244,0.0009053548177082872,1.5258789062499222e-05
C:\Users\Fakhri\OneDrive\Documents\SM 6\Prak PC\klasifikasi_jenis_kain_glcm_knn\dataset\Denim\denim_111.png,Denim,6.806561369798032,3.458188813008396,1.7006930352660923,0.4911123952047196,0.48445332965940846,0.08096664962560776,0.1546966030928192,0.01904099034379966,0.6928889162053603,0.1557164028386234,0.02429359832172991,0.005963033848853005,23.060745239257812,26.589706420898438,30.576187133789062,12.167804581802143,13.348809450441257,15.994364507811051,101.86634826660156,62.064849853515625,30.721282958984375,17.104131235019448,21.248270978916786,15.856431066480727,0.00406901041666646,0.001083374023437445,0.004282633463541448,0.026412963867186154,0.242451985677071,0.05364481608072644,0.0011189778645832764,0.0002695719401041529,0.16342671712238752,0.16967264811197053,0.00023396809895832142,0.0,0.31987508138019205,0.013234456380207659,0.00022379557291665527,0.0
C:\Users\Fakhri\OneDrive\Documents\SM 6\Prak PC\klasifikasi_jenis_kain_glcm_knn\dataset\Wool\wool_058.png,Wool,20.417058049003433,11.634303100682047,3.200436386834148,1.0016245707640898,0.3025642674788625,0.07568248557075967,0.05811534686514703,0.008901109351610504,0.8365670502340524,0.0930869381928943,0.0034566232889456823,0.0010657877607724766,102.717529296875,109.44575500488281,116.4444580078125,29.832385685568312,31.952296262315503,34.30873358553699,104.76332092285156,29.643203735351562,116.45941162109375,5.87812348250398,7.233341449837345,34.29662363651269,8.13802083333292e-05,1.5258789062499222e-05,0.0001576741536458253,0.003021240234374846,0.31204732259112994,0.017908732096353255,0.00010172526041666148,0.0,0.3333180745442539,1.5258789062499222e-05,0.0,0.0,0.008219401041666248,0.21449279785155156,0.10061136881509904,0.01000976562499949
C:\Users\Fakhri\OneDrive\Documents\SM 6\Prak PC\klasifikasi_jenis_kain_glcm_knn\dataset\Wool\wool_088.png,Wool,25.139843713849615,9.500885901957567,3.5253826119831397,0.8071454747366793,0.2808765343896344,0.059829344901504475,0.06241202855943129,0.007282220522294645,0.6791861277774761,0.12105035043683884,0.003948292044638597,0.0009336508207671467,75.35517883300781,78.07621765136719,82.48600769042969,24.538653808552258,25.009970635274712,26.407293332151212,107.05679321289062,23.08447265625,82.55717468261719,15.082255655680799,9.278029053122244,26.365512031967985,0.0025075276692707055,0.0010579427083332795,0.0019480387369790674,0.009190877278645366,0.2141723632812391,0.09969075520832826,0.0040435791015622944,0.0007222493489582965,0.3329416910807122,0.00039164225260414674,0.0,0.0,0.0784759521484335,0.23595682779946714,0.01849365234374906,0.0004069010416666459
C:\Users\Fakhri\OneDrive\Documents\SM 6\Prak PC\klasifikasi_jenis_kain_glcm_knn\dataset\Nylon\nylon_113.png,Nylon,9.71165630380773,5.807969130848248,2.2957156443520765,0.7513864867136245,0.36480916415803527,0.08980738618442044,0.0769958269409718,0.01189906505694178,0.834968790904989,0.09892861398613702,0.006069945115553412,0.001900616594262405,63.60472106933594,64.574462890625,60.51499938964844,21.527056077427275,22.04908707684858,22.112550586178223,53.606719970703125,25.485275268554688,66.04612731933594,33.786694642572336,22.090864943333496,23.11205875917529,0.05982462565103862,0.10330708821614057,0.05402628580728892,0.045720418294268504,0.056777954101559606,0.009938557942707827,0.002029418945312397,0.001708984374999913,0.3029530843098804,0.030293782552081792,8.646647135416227e-05,0.0,0.1632232666015542,0.1655476888020749,0.0045623779296872675,0.0
C:\Users\Fakhri\OneDrive\Documents\SM 6\Prak PC\klasifikasi_jenis_kain_glcm_knn\dataset\Cotton\cotton_187.png,Cotton,6.559084889237018,3.557902073809321,1.877749501996842,0.5636095055304731,0.41797666910754044,0.08624918788184871,0.10860622898820178,0.014022077996271276,0.7149388020845163,0.15452332853687806,0.011991931646371239,0.0031099711421284514,36.95640563964844,43.094970703125,47.966552734375,12.370041256946424,13.8203207267189,15.282071111028491,102.92793273925781,59.08831787109375,47.985595703125,6.314405249784936,12.5583761500407,15.258008712467927,0.0001627604166666584,3.0517578124998445e-05,9.155273437499534e-05,0.004414876302083108,0.31677246093748385,0.01172892252604107,0.00011189778645832764,2.03450520833323e-05,0.21076965332030176,0.1225636800130146,0.0,0.0,0.28093973795571486,0.052388509114580664,5.086263020833075e-06,0.0
C:\Users\Fakhri\OneDrive\Documents\SM 6\Prak PC\klasifikasi_jenis_kain_glcm_knn\dataset\Cotton\cotton_141.png,Cotton,3.898187577815943,2.4069333608711396,1.4079117102126852,0.49069651993485114,0.5043945041281768,0.10316145115369472,0.13408396875117412,0.01960350916142189,0.8686701016472712,0.08150721791117002,0.018362808247507797,0.005361080870061835,223.5515594482422,231.9046630859375,235.5419921875,15.384762416791675,15.819645209191387,14.237452520838906,97.87457275390625,13.2977294921875,235.79283142089844,7.343726092918522,3.1969421609925592,14.493571084658981,0.0,0.0,0.0024058024088540442,0.030899047851560925,0.29990132649738055,0.00012715657552082686,0.0,0.0,0.3333333333333164,0.0,0.0,0.0,0.0,0.0,0.0025838216145832016,0.3307495117187332
C:\Users\Fakhri\OneDrive\Documents\SM 6\Prak PC\klasifikasi_jenis_kain_glcm_knn\dataset\Silk\silk_142.png,Silk,38.809735995336325,16.064280267504188,4.166808820962293,1.0112732297736329,0.28570686724666433,0.056945265896972616,0.06452362712438785,0.007974680245579544,0.7605892894519073,0.0991683846233327,0.004226893982306274,0.0010550174059399465,62.09861755371094,87.84185791015625,72.71980285644531,32.77154988295782,37.568167822083424,36.932586237700455,71.89285278320312,82.07879638671875,87.84222412109375,3.814363842728422,21.203020325288477,37.568632384476054,0.0,0.0,0.03352355957031079,0.29971822102863055,9.155273437499534e-05,0.0,0.0,0.0,0.06803894042968403,0.2638142903645699,0.0014801025390624245,0.0,0.11447652180989,0.16233825683592923,0.05373636881510143,0.0027821858723956917
C:\Users\Fakhri\OneDrive\Documents\SM 6\Prak PC\klasifikasi_jenis_kain_glcm_knn\dataset\Silk\silk_131.png,Silk,45.490704272139915,27.720401537764175,4.437412326010624,1.5546418875976211,0.2943432703787535,0.07659932011697901,0.04745665446584498,0.008006559719327514,0.8952918780171696,0.0638599455485954,0.0023162390516297624,0.0007718174894337041,145.6662139892578,149.0511016845703,166.05319213867188,57.28531586009503,60.17213364017723,57.57431940391485,113.49519348144531,35.445770263671875,166.16004943847656,10.724305063021342,14.122536377887286,57.73252415859123,6.612141927082997e-05,2.03450520833323e-05,0.003911336263020634,0.009155273437499533,0.09571838378905763,0.22438049316405106,7.629394531249611e-05,5.086263020833075e-06,0.33006795247394155,0.003265380859374834,0.0,0.0,0.0026753743489581973,0.10766092936197369,0.09580485026041179,0.1271921793619727
C:\Users\Fakhri\OneDrive\Documents\SM 6\Prak PC\klasifikasi_jenis_kain_glcm_knn\dataset\Denim\denim_039.png,Denim,29.136913836603302,19.006298911556392,3.83871823688623,1.3508680997516267,0.2617065308567715,0.07510757463296822,0.058543376221119346,0.008840389308622496,0.7378697564939137,0.17108462508962802,0.0035054793824955293,0.0010575762888797489,57.799530029296875,69.05567932128906,83.07560729980469,27.570469741743125,30.42863290106867,32.932054881787025,106.712890625,82.00794982910156,83.07569885253906,2.6920206063602783,18.605322709200355,32.932065328308724,0.0,0.0,0.0,2.543131510416537e-05,0.3259175618489417,0.007390340169270457,0.0,0.0,0.05068461100260158,0.28093465169269405,0.001714070638020746,0.0,0.10492451985676549,0.19375610351561515,0.03282674153645666,0.0018259684244790737
C:\Users\Fakhri\OneDrive\Documents\SM 6\Prak PC\klasifikasi_jenis_kain_glcm_knn\dataset\Cotton\cotton_117.png,Cotton,4.192758757670184,2.635727012538778,1.3229486235733723,0.46177383613461553,0.5597214742541037,0.08819629535821781,0.19613222601872574,0.022284295767344253,0.9149569276860433,0.05395602837378229,0.038964439920907,0.008847147176603672,227.5294952392578,236.43589782714844,238.71014404296875,21.628476602591377,20.075117838838416,15.584950575857079,88.18424987792969,13.734573364257812,240.11619567871094,15.765547660082254,8.110336361891179,16.60462755248706,0.0,0.0,0.05192057291666402,0.0929768880208286,0.18836466471353208,7.120768229166304e-05,0.0,0.0,0.3333333333333164,0.0,0.0,0.0,0.0,0.0,0.003758748372395642,0.32957458496092074
C:\Users\Fakhri\OneDrive\Documents\SM 6\Prak PC\klasifikasi_jenis_kain_glcm_knn\dataset\Denim\denim_065.png,Denim,7.8935113114559465,4.084492288680183,1.7599770085897377,0.5186328461145373,0.4909152978912427,0.07987798159360722,0.15914495782490262,0.019522729669280932,0.7013169952424635,0.1543253408318271,0.025708254574829854,0.006274421448658078,21.835784912109375,27.410919189453125,31.513198852539062,13.2455510092782,14.690869765012005,16.971257126856244,100.54931640625,80.9024658203125,31.61578369140625,8.943395510831909,20.550286581644038,16.87533972881661,0.0003306070963541498,8.13802083333292e-05,0.000752766927083295,0.023127237955727988,0.3009338378906097,0.008031209309895425,6.612141927082997e-05,1.017252604166615e-05,0.06043497721353859,0.2692718505859238,0.0036214192708331487,5.086263020833075e-06,0.3159484863281089,0.01711018880208246,0.000274658203124986,0.0
C:\Users\Fakhri\OneDrive\Documents\SM 6\Prak PC\klasifikasi_jenis_kain_glcm_knn\dataset\Wool\wool_128.png,Wool,4.074119180730749,1.5172148175581799,1.3703305808696624,0.30685154923382496,0.5269272964776688,0.06708368882688363,0.16575964090211767,0.01716288991709368,0.7212420710880516,0.10422933757465425,0.02777082334230528,0.005859843028406553,20.732330322265625,23.483184814453125,25.118087768554688,10.161121531869327,10.858395210453985,12.4532102306694,94.84062194824219,48.71217346191406,25.468994140625,23.655220618896948,20.73109612827191,12.234163594276813,0.009679158528645341,0.002929687499999851,0.012486775716145197,0.055170694986976354,0.199915568033844,0.04988098144530996,0.0027008056640623625,0.0005696614583333043,0.25627136230467445,0.07632954915364194,0.0007324218749999627,0.0,0.3308817545572748,0.0024515787760415416,0.0,0.0
C:\Users\Fakhri\OneDrive\Documents\SM 6\Prak PC\klasifikasi_jenis_kain_glcm_knn\dataset\Denim\denim_109.png,Denim,6.064404171628219,3.0354623053991334,1.5897406366869287,0.45890742171631044,0.5034692644605682,0.08181938726656608,0.16141282398121096,0.019705262438309067,0.7017477358671825,0.14953939511525097,0.02644239711335203,0.006438549045008251,20.565521240234375,26.528533935546875,29.588653564453125,11.533121362558754,12.871979081797896,15.247768012512518,97.16139221191406,80.689453125,29.824493408203125,9.628842034018561,19.870348404017015,15.039567424128743,0.0001627604166666584,6.612141927082997e-05,0.0017598470052082437,0.04739888509114342,0.2807464599609232,0.003163655598958172,2.543131510416537e-05,1.017252604166615e-05,0.05867004394530951,0.2710723876952987,0.0035909016927081505,0.0,0.32194010416665025,0.011306762695311924,8.646647135416227e-05,0.0
C:\Users\Fakhri\OneDrive\Documents\SM 6\Prak PC\klasifikasi_jenis_kain_glcm_knn\dataset\Denim\denim_060.png,Denim,10.66709845743413,5.470769546731304,2.2225215118003456,0.6217369017071236,0.40799920680145546,0.0737226598187176,0.116106961482953,0.013986438638893048,0.7441144649216443,0.13138866399152405,0.013676446970603447,0.003308841516886779,29.434280395507812,34.31980895996094,40.25431823730469,17.331561096309624,18.30814583174139,20.648257290719464,105.12251281738281,72.74018859863281,40.29228210449219,8.793217199068902,21.457111675830195,20.606897660879618,0.0005289713541666397,8.13802083333292e-05,0.0003560384114583152,0.008824666341145385,0.2846730550130063,0.038640340169268865,0.00020345052083332296,2.543131510416537e-05,0.10948689778645276,0.22215270996092618,0.0016937255859374137,0.0,0.28965759277342273,0.04285176595051865,0.000823974609374958,0.0
C:\Users\Fakhri\OneDrive\Documents\SM 6\Prak PC\klasifikasi_jenis_kain_glcm_knn\dataset\Nylon\nylon_099.png,Nylon,8.015256612852136,5.570873914123614,2.055051209401685,0.8120322286707511,0.3978325659104189,0.11796464255348271,0.10394002613347848,0.01733149485236729,0.7184554894979437,0.19545997099751122,0.011103909746445822,0.0038135139177549026,43.649383544921875,49.531890869140625,57.400787353515625,14.413247105509928,15.141004608998184,16.05341526634131,107.11996459960938,63.421783447265625,57.40092468261719,3.110417240323726,13.38475240765922,16.053174685392822,0.0,0.0,0.0,4.06901041666646e-05,0.32053629557290036,0.012741088867186851,1.5258789062499222e-05,0.0,0.1649627685546791,0.16837056477863727,0.0,0.0,0.22365315755207194,0.10965983072916108,2.03450520833323e-05,0.0
C:\Users\Fakhri\OneDrive\Documents\SM 6\Prak PC\klasifikasi_jenis_kain_glcm_knn\dataset\Cotton\cotton_041.png,Cotton,8.941017816507125,5.499398837511554,2.2339491457303584,0.761285511457828,0.3671122440072203,0.09719404522411948,0.0840389347870084,0.013453765434806246,0.7870678842685787,0.13095370129614095,0.0072435463645098355,0.002402491866369131,169.75946044921875,187.8710174560547,161.77316284179688,17.742685507428845,18.201735424500246,20.98206247683718,51.38433837890625,36.129486083984375,187.8710174560547,3.990634033216052,8.910231755464368,18.201735424500246,0.0,0.005605061848958048,0.32735188802081666,0.0003763834635416475,0.0,0.0,0.0,0.0,0.33279418945310807,0.0005391438802083058,0.0,0.0,0.0,8.646647135416227e-05,0.17907206217447005,0.15417480468749215
C:\Users\Fakhri\OneDrive\Documents\SM 6\Prak PC\klasifikasi_jenis_kain_glcm_knn\dataset\Cotton\cotton_094.png,Cotton,18.98408691808582,10.862220206476184,3.2372376588518716,1.0296401143183513,0.2824003674808251,0.07697411441268054,0.06905212315666721,0.009699826861251148,0.6516176921554362,0.1990904451165209,0.004862282353581787,0.0013786894234074864,59.00018310546875,67.77787780761719,57.88385009765625,19.55459698255288,21.566757380630143,20.614883389414793,57.03334045410156,42.01899719238281,67.77850341796875,7.853101675062892,12.851008814822947,21.56609838762077,1.5258789062499222e-05,0.012069702148436886,0.2871704101562354,0.033808390299477444,0.00026448567708331987,5.086263020833075e-06,0.0,0.0,0.30761718749998435,0.025716145833332024,0.0,0.0,0.15501403808592962,0.17560831705728272,0.0027109781901040286,0.0
C:\Users\Fakhri\OneDrive\Documents\SM 6\Prak PC\klasifikasi_jenis_kain_glcm_knn\dataset\Wool\wool_045.png,Wool,12.381794155917191,5.735907070427671,2.453099135673942,0.6766120523510648,0.38198932831595167,0.07757430999739667,0.10826821125216936,0.014316328112752307,0.5407485364026003,0.2126233182012862,0.011926962818376352,0.0031712795147174335,34.15666198730469,38.97938537597656,42.19499206542969,14.010412731510808,14.812965173107418,15.955892418617259,100.45338439941406,51.25209045410156,42.346435546875,11.463990990784234,17.348262809211413,15.884583244557211,0.0008087158203124588,0.00036112467447914825,0.001998901367187398,0.026458740234373654,0.2767333984374859,0.026234944661456996,0.000615437825520802,0.00012207031249999378,0.2506968180338414,0.0826110839843708,2.543131510416537e-05,0.0,0.29745992024738066,0.03583780924478984,3.560384114583152e-05,0.0
C:\Users\Fakhri\OneDrive\Documents\SM 6\Prak PC\klasifikasi_jenis_kain_glcm_knn\dataset\Wool\wool_093.png,Wool,36.47573598424905,18.892580488096076,4.337992647907451,1.2842396180222801,0.24027310455745207,0.06399107259134287,0.04678402448658015,0.006792965881331986,0.7501382718840895,0.12940891216350814,0.0022348893326258716,0.0006506589029145066,139.97259521484375,146.35902404785156,138.0185089111328,32.7926806728874,34.42504602748805,36.62687944892636,55.83427429199219,18.219894409179688,146.42343139648438,15.915689087658246,7.405143663312987,34.49297134646216,0.0001983642578124899,0.0889943440755163,0.16322835286457502,0.06737772623697573,0.013392130533853484,0.00011698404947916071,1.017252604166615e-05,1.5258789062499222e-05,0.3333333333333164,0.0,0.0,0.0,7.120768229166304e-05,0.11110941569009851,0.18297322591144902,0.03917948404947717
C:\Users\Fakhri\OneDrive\Documents\SM 6\Prak PC\klasifikasi_jenis_kain_glcm_knn\dataset\Silk\silk_021.png,Silk,30.16839306488056,11.71620322912889,4.015545040670349,0.9544887903942619,0.2531438603643234,0.06444551229143915,0.06717728998814915,0.00738238063682909,0.3818680829273025,0.2396666200065177,0.0045672878340189136,0.0011086973085328896,105.51370239257812,52.395538330078125,56.44383239746094,23.284299328144172,18.59053562328957,19.04153289740655,153.33209228515625,131.8553466796875,105.51370239257812,60.36860984245652,20.949982682368308,23.284299328144172,0.04498291015624771,0.0,0.0,0.0,0.0,0.0,0.0,0.28835042317706866,0.001088460286458278,0.13813781738280548,0.19410196940103178,5.086263020833075e-06,0.0034383138020831583,0.2712402343749862,0.05836486816405953,0.00028991699218748525
C:\Users\Fakhri\OneDrive\Documents\SM 6\Prak PC\klasifikasi_jenis_kain_glcm_knn\dataset\Silk\silk_036.png,Silk,24.84366243585281,10.31131450863917,3.7949065506837663,0.9236611810837094,0.24193865172399898,0.06504969950561135,0.05427188513302316,0.0067897699600248,0.7222994225075734,0.11545413887778172,0.0029915384920021146,0.0008057554456302112,204.41433715820312,208.33956909179688,216.03273010253906,26.469521060598574,27.42009577043013,24.68864737058682,107.94865417480469,14.263046264648438,216.16464233398438,10.534007067127954,5.022180334288628,24.87180802739142,0.00018310546874999068,0.00010681152343749457,0.002339680989583214,0.01619466145833251,0.1956125895182192,0.11870829264322312,0.00017293294270832453,1.5258789062499222e-05,0.3333333333333164,0.0,0.0,0.0,0.0,3.0517578124998445e-05,0.06520080566405918,0.26810201009113216
C:\Users\Fakhri\OneDrive\Documents\SM 6\Prak PC\klasifikasi_jenis_kain_glcm_knn\dataset\Cotton\cotton_177.png,Cotton,3.737810016952352,2.1408164558364136,1.3590264094383453,0.44205168020118374,0.5170603911449693,0.09591622183366856,0.16646763119075833,0.022088321004967194,0.6087864937887536,0.22401990802315486,0.028199366159080808,0.007688592420092648,21.570663452148438,26.60858154296875,28.75750732421875,7.622158591782321,9.010765701375718,10.292911902710431,97.25070190429688,64.32316589355469,28.925491333007812,10.822636939883258,16.474123306928103,10.142751828024748,0.0010121663411457819,0.00013224283854165994,0.0014495849609374263,0.03720601399739394,0.2824045817057148,0.010904947916666111,0.00021362304687498913,1.017252604166615e-05,0.14456685384113846,0.18868509928384455,8.13802083333292e-05,0.0,0.33268737792967057,0.0006459554036458004,0.0,0.0
C:\Users\Fakhri\OneDrive\Documents\SM 6\Prak PC\klasifikasi_jenis_kain_glcm_knn\dataset\Silk\silk_096.png,Silk,23.07171624725412,9.635009391829502,2.851930325839145,0.69921810287341,0.4299834167420627,0.05985774781793974,0.1621043327783992,0.01581210755068344,0.7352693833639988,0.11102216554847903,0.02652783745072437,0.005206321662260816,28.144973754882812,34.102691650390625,46.04026794433594,23.577884774872143,26.53982973446776,34.035709866185925,109.24311828613281,104.68682861328125,46.04658508300781,5.649638687797546,28.877683961083484,34.03359823698102,0.00012715657552082686,4.06901041666646e-05,0.00013224283854165994,0.0011952718098957725,0.2622782389322783,0.0693410237630173,0.0001983642578124899,2.03450520833323e-05,0.030761718749998435,0.2228139241536345,0.07974751790364178,1.017252604166615e-05,0.2641855875650907,0.0550842285156222,0.012817382812499348,0.0012461344401041032
C:\Users\Fakhri\OneDrive\Documents\SM 6\Prak PC\klasifikasi_jenis_kain_glcm_knn\dataset\Denim\denim_031.png,Denim,3.0425700497629777,1.428312324510117,1.1692529579876363,0.3175707215262281,0.5683468772351138,0.07599019791268513,0.20647285231478116,0.022003026078567394,0.6073855231807265,0.18385090113066926,0.043115171899615536,0.00927882353881071,18.152267456054688,21.561660766601562,22.894912719726562,7.385409516620216,7.853722134614284,8.90217600068614,95.75032043457031,56.68339538574219,23.175811767578125,15.901026496264539,20.129339386111734,8.714543725938112,0.003194173177083171,0.0006764729817707989,0.003906249999999801,0.06062825520833025,0.23652648925780045,0.02753194173176943,0.0007781982421874604,9.155273437499534e-05,0.2047932942708229,0.12816365559895182,0.0003763834635416475,0.0,0.3330485026041497,0.00028483072916665216,0.0,0.0
C:\Users\Fakhri\OneDrive\Documents\SM 6\Prak PC\klasifikasi_jenis_kain_glcm_knn\dataset\Nylon\nylon_132.png,Nylon,9.030979676962088,5.351842402799771,2.189929198783573,0.7162955452713307,0.3787892021624422,0.09243237876829863,0.09053050422974186,0.013317600948951338,0.7634049299764771,0.1401258847714665,0.00837313069112682,0.0025309052631573388,59.982086181640625,51.95243835449219,51.23890686035156,21.042579342917996,17.45428020388765,14.526190123802413,92.59605407714844,54.52104187011719,61.926513671875,63.43549697367374,32.381446693335924,20.043447257950287,0.10598246256509877,0.012598673502603526,0.001917521158854069,0.00497945149739558,0.0722300211588505,0.03208923339843587,0.014653523763020088,0.08888244628905798,0.20486450195311456,0.12268066406249375,0.005788167317708039,0.0,0.19016011555988616,0.1423594156900969,0.0008138020833332918,0.0
C:\Users\Fakhri\OneDrive\Documents\SM 6\Prak PC\klasifikasi_jenis_kain_glcm_knn\dataset\Cotton\cotton_050.png,Cotton,9.533818523472258,7.083889869071168,2.225748945471389,0.9157195264032549,0.38587904820123403,0.11831983109449544,0.09779116833223934,0.01927067339747358,0.7942281750525314,0.15334613960295065,0.009934471456976466,0.004134505040548653,224.12924194335938,230.6727752685547,209.6829071044922,18.48227701365422,18.707988279459098,25.43156479862505,41.378570556640625,23.921875,230.6731414794922,5.842527425391968,11.244270730802338,18.706482443446607,0.0,0.252171834309883,0.08085632324218338,0.00030517578124998444,0.0,0.0,0.0,0.0,0.3332316080728997,0.00010172526041666148,0.0,0.0,0.0,0.0,0.012440999348957699,0.3208923339843587
C:\Users\Fakhri\OneDrive\Documents\SM 6\Prak PC\klasifikasi_jenis_kain_glcm_knn\dataset\Wool\wool_066.png,Wool,16.321680980208765,8.355021379952138,2.788314559897634,0.8077681633194901,0.3352017273668333,0.07762734228804534,0.079842313751479,0.011087544182895656,0.6835226862592197,0.16202551674639187,0.006497728701197278,0.0018581160727986115,58.490692138671875,64.00691223144531,69.08628845214844,19.371076153421694,20.48671380026226,21.835671621392926,103.35346984863281,40.08067321777344,69.14382934570312,8.789144852869056,12.675998818846374,21.81247001214635,0.00039164225260414674,0.00028991699218748525,0.0009155273437499534,0.009791056315103668,0.29782613118488066,0.023620605468748796,0.0004069010416666459,9.155273437499534e-05,0.3210449218749836,0.012288411458332708,0.0,0.0,0.1443888346354093,0.1837259928385323,0.004974365234374747,0.00024414062499998756
C:\Users\Fakhri\OneDrive\Documents\SM 6\Prak PC\klasifikasi_jenis_kain_glcm_knn\dataset\Wool\wool_165.png,Wool,25.10477903680749,14.524270704875255,3.5706225418810718,1.1547560224615376,0.2761131067360951,0.07918845759047335,0.057013737826092516,0.009254156314405158,0.7442179752533419,0.14794084378587546,0.003336205709993857,0.0011183011386372813,87.8868408203125,89.51957702636719,91.85617065429688,26.88511142778522,28.250345922096336,29.6464329095607,96.7186279296875,12.519500732421875,92.19084167480469,37.614493895932064,7.233283485741927,29.39909514591732,0.031066894531248418,0.009399414062499521,0.009256998697916196,0.016642252604165818,0.157226562499992,0.08382161458332907,0.018936157226561535,0.006983439127603811,0.3333231608072747,1.017252604166615e-05,0.0,0.0,0.05419921874999724,0.23719278971352958,0.04169209798176871,0.00024922688802082063
C:\Users\Fakhri\OneDrive\Documents\SM 6\Prak PC\klasifikasi_jenis_kain_glcm_knn\dataset\Silk\silk_171.png,Silk,33.03813453238446,15.258317039978996,4.046890102904343,1.0714225225999867,0.26873391130582347,0.05888979867109099,0.05297047853053078,0.0065484038692402305,0.7782756900575031,0.10239415674614505,0.0028487531889881033,0.0007106204706955213,104.70347595214844,76.82084655761719,102.75941467285156,36.079460325801804,32.56026600370432,41.21028614916847,153.09698486328125,76.4410400390625,106.60272216796875,6.9792976120092085,19.319998235726498,38.3344107273114,0.0,0.0,0.0,0.0,0.0,0.00012715657552082686,0.2388407389322795,0.09436543782551603,0.07828776041666267,0.2522888183593622,0.0027567545572915264,0.0,0.05784098307291372,0.17545572916665772,0.09472656249999517,0.005310058593749729
C:\Users\Fakhri\OneDrive\Documents\SM 6\Prak PC\klasifikasi_jenis_kain_glcm_knn\dataset\Nylon\nylon_034.png,Nylon,26.11748596708169,14.579217099773862,3.7495787732526487,1.1904488765792076,0.2724916934952349,0.07320086453428781,0.06119606304235769,0.009735966538076018,0.7304939360651201,0.15042494736475162,0.0038397471763147516,0.0012288874307498224,63.263336181640625,68.70738220214844,73.73908996582031,26.517657847862367,27.92729542547081,30.869642205026874,102.18797302246094,37.28358459472656,73.88526916503906,12.08297990254475,13.12059227763494,30.752959898581473,0.0010732014973957786,0.0005696614583333043,0.002176920572916556,0.023025512695311327,0.27252705891925694,0.032663981119790006,0.001083374023437445,0.00021362304687498913,0.3214823404947753,0.011850992838541062,0.0,0.0,0.14381917317707602,0.17013549804686634,0.019358317057290683,2.03450520833323e-05
C:\Users\Fakhri\OneDrive\Documents\SM 6\Prak PC\klasifikasi_jenis_kain_glcm_knn\dataset\Nylon\nylon_171.png,Nylon,3.0463685002303724,1.5696704353333264,1.2957999443646548,0.3820242096475887,0.510602317842833,0.09075021445121709,0.11900697459629277,0.0157757742338712,0.8820754792298762,0.0608510163288318,0.014411535055240746,0.003838090985789365,85.12860107421875,40.731109619140625,46.93620300292969,17.407443114294,12.998647539470571,14.822497257145397,174.62246704101562,135.70648193359375,85.12860107421875,14.282481377000105,17.569961596822964,17.407443114294,0.002187093098958222,0.0,0.0,0.0,0.0,0.0,0.0,0.3311462402343581,1.017252604166615e-05,0.124409993489577,0.20891316731769768,0.0,0.03623453776041482,0.29700724283852653,9.155273437499534e-05,0.0
C:\Users\Fakhri\OneDrive\Documents\SM 6\Prak PC\klasifikasi_jenis_kain_glcm_knn\dataset\Wool\wool_123.png,Wool,2.544416106124275,0.9361875527696617,1.0411720297198548,0.2349781848672716,0.6028619974862838,0.06334762915470528,0.22362353118213893,0.02031304251031689,0.6914745399020591,0.11384833210117791,0.05042010339439501,0.009210636711727184,16.83056640625,18.724456787109375,20.029037475585938,7.468967179209307,8.248313260355411,9.344510758310605,92.68246459960938,43.974639892578125,20.328659057617188,31.72165937055904,20.672519333519823,9.208641184078836,0.023666381835936296,0.0036824544270831457,0.01255798339843686,0.04746500651041425,0.16834513346353308,0.07072957356770473,0.005869547526041368,0.001017252604166615,0.27582295735675677,0.05724589029947625,0.00026448567708331987,0.0,0.3331451416015455,0.00018819173177082375,0.0,0.0
C:\Users\Fakhri\OneDrive\Documents\SM 6\Prak PC\klasifikasi_jenis_kain_glcm_knn\dataset\Denim\denim_154.png,Denim,37.668120501476714,26.848631059792755,4.449080249838643,1.6671445472221575,0.22986381173418893,0.07184728148202434,0.03962595953967328,0.0066279837491010655,0.8644693013572554,0.09651996080138264,0.0016141468380181717,0.000541902024990677,108.44158935546875,120.18251037597656,134.31350708007812,45.43164938326744,47.740161460321374,48.59070728194306,106.26296997070312,53.09230041503906,134.31356811523438,2.8170752053285955,15.710671710935113,48.59068647637464,0.0,0.0,0.0,2.03450520833323e-05,0.3300781249999832,0.003234863281249835,0.0,0.0,0.24316406249998762,0.09016927083332874,0.0,0.0,0.014495849609374261,0.14809672037759664,0.11883036295572312,0.051910400390622356
C:\Users\Fakhri\OneDrive\Documents\SM 6\Prak PC\klasifikasi_jenis_kain_glcm_knn\dataset\Silk\silk_004.png,Silk,50.553655204395966,18.198997297401927,4.3702988798402345,0.9511250587461438,0.3246134537513536,0.052695500103801834,0.10085270193030742,0.011299173048001985,0.4484840679149296,0.19850636178746112,0.010298938798212124,0.0023470998328429496,34.38624572753906,41.57798767089844,63.69023132324219,25.032925694036994,27.376427295017283,31.40213174231054,112.89508056640625,126.95263671875,63.69024658203125,2.5705397825714527,27.296585714710307,31.40215060056176,2.03450520833323e-05,0.0,0.0,5.086263020833075e-06,0.1457366943359301,0.1875712076822821,0.0,0.0,0.010192871093749481,0.1302693684895767,0.19282023111978186,5.086263020833074e-05,0.20680236816405198,0.10883076985676529,0.016393025716145,0.0013071695963541002
C:\Users\Fakhri\OneDrive\Documents\SM 6\Prak PC\klasifikasi_jenis_kain_glcm_knn\dataset\Cotton\cotton_084.png,Cotton,13.396133415597191,9.600959556138303,2.575989806569481,1.0188822279939482,0.3670792331609123,0.10375025385735503,0.09370183273532608,0.016070082771218522,0.8646005616880813,0.09733120309559191,0.00903828101823284,0.0031166960706730043,219.990478515625,221.391845703125,199.97166442871094,26.27221613213623,28.062038195873463,34.83686441846064,34.53089904785156,26.76080322265625,221.9999542236328,6.927522021767125,15.037203797131765,27.204409757904997,0.00011189778645832764,0.30555725097654696,0.027603149414061095,6.103515624999689e-05,0.0,0.0,0.0,0.0,0.32660929361977503,0.006724039713541324,0.0,0.0,0.0,5.086263020833075e-06,0.055277506510413854,0.27805074055988166
C:\Users\Fakhri\OneDrive\Documents\SM 6\Prak PC\klasifikasi_jenis_kain_glcm_knn\dataset\Silk\silk_183.png,Silk,22.311582572840322,10.42239707782038,3.275770334201576,0.8800334381281558,0.33038657543468747,0.0650265715909859,0.060554263698867385,0.008475241249547075,0.9527567018493194,0.02209411410381227,0.0037386485663499923,0.0010557098406134833,187.56800842285156,183.85963439941406,177.7605438232422,58.65219674659488,62.5222845741349,65.15844491182445,33.01478576660156,20.430435180664062,188.35943603515625,32.13675618215985,20.080579120284604,59.356885744816005,0.19576009114582338,0.05813598632812204,0.04065450032551876,0.013081868489582668,0.013132731119790998,0.003901163736978968,0.0029042561848956856,0.005762736002603873,0.3215332031249836,0.011800130208332732,0.0,0.0,0.011255900065103594,0.05599466959635131,0.07161458333332969,0.19446818033853178
C:\Users\Fakhri\OneDrive\Documents\SM 6\Prak PC\klasifikasi_jenis_kain_glcm_knn\dataset\Nylon\nylon_090.png,Nylon,4.449005347686761,2.529615464510366,1.5838102816183046,0.5065189732736177,0.452972328976004,0.09755775883712886,0.12895417678561225,0.016986250510190915,0.6939997319669637,0.17392812357008802,0.016917712416849907,0.0044778276170454046,40.09156799316406,46.021820068359375,53.50389099121094,10.192688165340837,10.822811645407146,11.700978065617248,106.56153869628906,65.00689697265625,53.50425720214844,3.4569933226156286,12.000829593318203,11.700134180215692,0.0,0.0,0.0,0.00010172526041666148,0.32223510742185857,0.010996500651041108,0.0,0.0,0.14885457356770077,0.18447875976561562,0.0,0.0,0.26603190104165314,0.06730143229166324,0.0,0.0
C:\Users\Fakhri\OneDrive\Documents\SM 6\Prak PC\klasifikasi_jenis_kain_glcm_knn\dataset\Cotton\cotton_006.png,Cotton,58.87936287788521,33.9038003379856,5.423780903384781,1.7369249880134634,0.20445735009004828,0.059718126892703116,0.033721588963556315,0.005331756344522507,0.8481020233644361,0.08732782413721359,0.001165573187944399,0.00037266113217457493,124.18147277832031,129.86766052246094,134.78195190429688,54.5015785960667,55.87126474480759,57.36948025391838,101.41398620605469,22.827163696289062,134.9113006591797,16.300143834626063,12.996639863961628,57.32094837227112,0.004618326822916432,0.0015309651692707554,0.002817789713541523,0.013870239257811794,0.28107706705727736,0.025828043619790353,0.0025939941406248677,0.0009969075520832825,0.3313395182291498,0.001993815104166565,0.0,0.0,0.04587809244791433,0.10297648111978643,0.11579386393228577,0.06868489583332983
C:\Users\Fakhri\OneDrive\Documents\SM 6\Prak PC\klasifikasi_jenis_kain_glcm_knn\dataset\Cotton\cotton_038.png,Cotton,10.941155995240578,7.962807951459192,2.468630411350022,0.9697933153297668,0.3438880122216479,0.10716386813509594,0.07461431387380221,0.013463256870941178,0.7981521403556465,0.1471380057532286,0.005748555120431216,0.0021315106136735778,161.69747924804688,179.79147338867188,154.15988159179688,19.968708822158433,20.938105706057502,23.191317347816213,51.88029479980469,37.25286865234375,179.79147338867188,4.4868070915697125,9.779832993072848,20.938105706057502,0.0,0.005696614583333043,0.32678222656248335,0.0008544921874999565,0.0,0.0,0.0,0.0,0.33170572916664975,0.0016276041666665837,0.0,0.0,0.0,0.001917521158854069,0.22360229492186362,0.10781351725259868
C:\Users\Fakhri\OneDrive\Documents\SM 6\Prak PC\klasifikasi_jenis_kain_glcm_knn\dataset\Denim\denim_011.png,Denim,20.7958166740327,11.32958423001163,3.237560681344847,0.9644715238453486,0.2979859120305632,0.07182762490359058,0.07430491535604142,0.009489569953111811,0.6812493912866336,0.1733072510512077,0.00561127238396348,0.001444658768482563,43.39703369140625,52.23736572265625,65.40925598144531,21.01392055099832,23.279288120855853,25.492256438507933,108.09771728515625,90.16224670410156,65.40945434570312,3.0869465777655702,20.580506514527077,25.492249961029387,0.0,0.0,0.0,3.560384114583152e-05,0.3085174560546718,0.024770100911457073,1.017252604166615e-05,0.0,0.033599853515623286,0.2897593180338394,0.00997416178385366,0.0,0.18166605631509491,0.1432189941406177,0.008127848307291253,0.0003204345703124837
C:\Users\Fakhri\OneDrive\Documents\SM 6\Prak PC\klasifikasi_jenis_kain_glcm_knn\dataset\Cotton\cotton_053.png,Cotton,20.93080669541462,14.725622506931362,3.3889887594914705,1.3266680317962134,0.2769933845973792,0.09599757788250662,0.058746283495094524,0.010488800730395393,0.7441068412678832,0.18005465421753736,0.003561140765247958,0.0012815053798323863,128.60755920410156,128.6739044189453,117.095703125,24.00672621733805,26.105678297699004,27.055100836861143,31.617218017578125,26.745986938476562,129.84300231933594,8.155892229032299,11.560986522405392,25.112106932598437,0.02994283040364431,0.2786356608072775,0.02390543619791545,0.000823974609374958,2.03450520833323e-05,0.0,0.0,5.086263020833075e-06,0.33159383138019144,0.0017395019531249115,0.0,0.0,0.00015258789062499222,0.16020711263020018,0.1704355875650955,0.0025380452473957042
C:\Users\Fakhri\OneDrive\Documents\SM 6\Prak PC\klasifikasi_jenis_kain_glcm_knn\dataset\Denim\denim_038.png,Denim,28.345647471230365,18.996317815592946,3.8437930638192674,1.3747432888739362,0.2590665256190794,0.07446626797934677,0.05661636524504435,0.008629312361855001,0.7547801306942555,0.16419843638231443,0.0032798778453987294,0.0009965496784776317,59.84834289550781,72.12115478515625,88.49818420410156,27.677430448837782,31.040838605939733,34.33094917724568,107.15296936035156,86.57258605957031,88.49821472167969,2.482720687176836,17.331172728889634,34.33091006620874,0.0,0.0,0.0,1.017252604166615e-05,0.32731119791665,0.006011962890624694,0.0,0.0,0.032272338867185855,0.2991078694661306,0.0019531249999999005,0.0,0.0869344075520789,0.19921874999998987,0.045420328776039354,0.0017598470052082437
C:\Users\Fakhri\OneDrive\Documents\SM 6\Prak PC\klasifikasi_jenis_kain_glcm_knn\dataset\Denim\denim_199.png,Denim,57.22617588299644,35.2039389647348,5.560345813084962,1.8811048464037443,0.18747500687253318,0.060612097598475065,0.04173172385749202,0.006182325226561642,0.6420189715473077,0.220037434285377,0.0017797579213249491,0.0005456001819114492,96.75376892089844,108.88450622558594,125.90647888183594,33.876428230640585,36.38617103798925,37.71557660659801,107.56674194335938,61.56571960449219,125.90652465820312,2.3938654723512274,14.851503395325174,37.71554051054044,0.0,0.0,0.0,1.017252604166615e-05,0.32660929361977503,0.006713867187499658,0.0,0.0,0.18184407552082407,0.15148417154947144,5.086263020833075e-06,0.0,0.005986531575520529,0.18191019694009491,0.12557983398436862,0.019856770833332323
C:\Users\Fakhri\OneDrive\Documents\SM 6\Prak PC\klasifikasi_jenis_kain_glcm_knn\dataset\Silk\silk_099.png,Silk,23.3405281862649,12.899256695049225,3.5053181225815613,1.0722158444226912,0.27572907830587806,0.07262218498384553,0.05308866841067994,0.0078682556875287,0.8581904258556324,0.07833132008001799,0.002880316161183454,0.0008740812938736847,81.25996398925781,96.72122192382812,102.27738952636719,28.651187826430537,42.280965389265,36.84828968726861,106.47056579589844,71.06008911132812,110.2679443359375,33.207154907432404,29.624146363146398,40.3206180691389,0.003428141276041492,0.00025431315104165373,0.0005900065104166366,0.13316853841145154,0.07233174641926715,0.05632527669270546,0.024134318033852936,0.04310099283853947,0.09812418619791168,0.23236083984373818,0.0028483072916665217,0.0,0.039413452148435495,0.1871083577473863,0.09561157226562013,0.01119995117187443
C:\Users\Fakhri\OneDrive\Documents\SM 6\Prak PC\klasifikasi_jenis_kain_glcm_knn\dataset\Wool\wool_182.png,Wool,14.663700397481952,8.465856979654372,2.6009011786673493,0.9025082311318176,0.39498250072730273,0.0956439738456201,0.14012972525010012,0.022953059376958827,0.5114321497012672,0.28188863688928784,0.02016318283343074,0.006579777296548007,25.9390869140625,30.267486572265625,35.4930419921875,14.239687127823608,15.566916926398903,18.282513990068892,104.53373718261719,69.96803283691406,35.552581787109375,10.69390670480116,19.630592678168956,18.227459426572228,0.0009511311848957849,0.00018819173177082375,0.0008595784505207896,0.01282246907552018,0.27360534667967357,0.04418945312499775,0.0005950927734374698,0.00012207031249999378,0.11306762695311924,0.21984863281248881,0.0004170735677083121,0.0,0.3013712565104013,0.03194681803385254,1.5258789062499222e-05,0.0
C:\Users\Fakhri\OneDrive\Documents\SM 6\Prak PC\klasifikasi_jenis_kain_glcm_knn\dataset\Silk\silk_022.png,Silk,41.8614250122459,14.749590713716369,4.169674503349921,0.901665962069973,0.31296674235755134,0.053972775356984845,0.09539919480519282,0.011095570892131463,0.4269948977848988,0.20150316217536368,0.009224118062901443,0.002199482159038392,88.73585510253906,42.951324462890625,47.53657531738281,26.082685127011597,23.432918407981457,24.497287624698803,163.12835693359375,138.50860595703125,88.73585510253906,46.94474275567118,28.27968075167578,26.082685127011597,0.025655110677082028,0.0,0.0,0.0,0.0,0.0,1.5258789062499222e-05,0.30766296386717185,0.003957112630208132,0.10617065429686959,0.22319539388019696,1.017252604166615e-05,0.02731831868489444,0.2746073404947777,0.030232747395831795,0.0011749267578124402
C:\Users\Fakhri\OneDrive\Documents\SM 6\Prak PC\klasifikasi_jenis_kain_glcm_knn\dataset\Silk\silk_009.png,Silk,68.88285805278007,28.693007527184022,6.086799795060326,1.6006297761390564,0.1807075928224736,0.06165565976371893,0.04846288654347624,0.006085801686846785,0.2667718873464008,0.3045519755941635,0.0023856883542974776,0.0006768962517627474,58.33424377441406,85.56353759765625,90.533935546875,25.408724135189146,28.05711083384824,30.154351595681874,94.25898742675781,95.66996765136719,90.63674926757812,2.9977897294181264,22.293459414773107,30.089190956720195,5.086263020833075e-06,0.0,5.086263020833075e-06,0.018524169921874056,0.3147939046223798,5.086263020833075e-06,0.0,0.0,0.024775187174477905,0.2845713297525897,0.023895263671873782,9.155273437499534e-05,0.06464640299478837,0.23039245605467576,0.036982218424477284,0.0013122558593749332
C:\Users\Fakhri\OneDrive\Documents\SM 6\Prak PC\klasifikasi_jenis_kain_glcm_knn\dataset\Wool\wool_164.png,Wool,40.163594497462164,28.112335358776818,4.499408478903562,1.76296545977391,0.2392971290107001,0.0886921668570059,0.04805905888115971,0.009128354996023828,0.729721096303781,0.18910165241634724,0.002393000005476209,0.0009631951522911345,105.59648132324219,98.76554870605469,93.28610229492188,33.17424340118229,34.79820248923903,36.410262818243645,23.8101806640625,35.380889892578125,105.69017028808594,36.784457633028005,21.26360943535041,33.313826923157066,0.2910359700520685,0.01629638671874917,0.0012003580729166056,0.000615437825520802,0.002039591471354063,0.003829956054687305,0.00516255696614557,0.01315307617187433,0.2984313964843598,0.034896850585935724,5.086263020833075e-06,0.0,0.02751668294270693,0.22154235839842623,0.08204650878905832,0.0022277832031248864
C:\Users\Fakhri\OneDrive\Documents\SM 6\Prak PC\klasifikasi_jenis_kain_glcm_knn\dataset\Nylon\nylon_080.png,Nylon,3.746115349075166,1.2312643673117722,1.4427806458917087,0.26694198562147536,0.48013278256118835,0.056597441920673695,0.08901892765550236,0.0076455776152621275,0.9567649166395888,0.014264899131364342,0.007982824338006561,0.0013952300932544436,80.48973083496094,86.41273498535156,101.65315246582031,25.956527485481743,25.967922943978756,29.967355084150135,111.48478698730469,54.77836608886719,101.65318298339844,3.674684830472844,10.817210864847985,29.967302482534944,0.0,0.0,0.0,1.017252604166615e-05,0.19924926757811484,0.13407389322915983,0.0,0.0,0.26592508951821564,0.06740824381510073,0.0,0.0,0.03232828776041502,0.22014363606769713,0.08085123697916255,1.017252604166615e-05
C:\Users\Fakhri\OneDrive\Documents\SM 6\Prak PC\klasifikasi_jenis_kain_glcm_knn\dataset\Wool\wool_010.png,Wool,15.92480423246836,7.96803721511323,2.7417775414414067,0.7837483130132001,0.35276593449668986,0.07552763551872756,0.06718924966692189,0.009621915511470546,0.8697845421710579,0.06503589280167026,0.004606976528913839,0.001331102579123194,69.60325622558594,58.84333801269531,57.39990234375,41.71859807756459,28.39343108150695,27.264396954619354,65.74873352050781,57.782806396484375,73.45658874511719,52.30731582313603,40.05183037020095,40.69311418979567,0.13217163085936828,0.004796346028645589,0.005905151367187199,0.015925089518228356,0.1286824544270768,0.026667277018227808,0.006566365559895499,0.012619018554686858,0.22224426269530118,0.08465576171874568,0.026433308919269486,0.0,0.16681925455728316,0.12521362304686862,0.039255777994789666,0.002044677734374896
C:\Users\Fakhri\OneDrive\Documents\SM 6\Prak PC\klasifikasi_jenis_kain_glcm_knn\dataset\Denim\denim_021.png,Denim,2.4735765141901633,1.201163077578851,1.0501669782092562,0.29871203900806514,0.5957096943614758,0.0783562500487372,0.2212192513287101,0.023176526373568904,0.5927381185616737,0.19819606768353795,0.04947510853317973,0.010414723804585043,16.20074462890625,20.196182250976562,20.99346923828125,6.377009060893304,6.9972754323703255,7.914751948962425,92.53228759765625,63.519561767578125,21.413558959960938,14.054047850275538,20.599079252896185,7.689250776702296,0.0021514892578123903,0.0005086263020833075,0.005564371744791383,0.08550516764322481,0.2269694010416551,0.01230875651041604,0.0002950032552083183,3.0517578124998445e-05,0.15959167480467937,0.1725565592447829,0.0011850992838541062,0.0,0.333251953124983,8.13802083333292e-05,0.0,0.0
C:\Users\Fakhri\OneDrive\Documents\SM 6\Prak PC\klasifikasi_jenis_kain_glcm_knn\dataset\Cotton\cotton_023.png,Cotton,3.7300510192441956,2.5980858825624216,1.3090637979561361,0.5193385529513721,0.5409516817560113,0.11232768463374278,0.13546445835277146,0.022333886016039264,0.9261391513122602,0.051503920634249065,0.01884942194138717,0.00621909765348154,222.37086486816406,231.05319213867188,234.88165283203125,20.794863495564055,20.43301858454867,17.296650088944862,94.79434204101562,14.596893310546875,235.61752319335938,12.897383492253784,5.526145143171912,17.961213108681637,0.0,0.0,0.021301269531248914,0.05712381998697626,0.2547505696614454,0.0001576741536458253,0.0,0.0,0.3333333333333164,0.0,0.0,0.0,0.0,0.0,0.009394327799478689,0.3239390055338377
C:\Users\Fakhri\OneDrive\Documents\SM 6\Prak PC\klasifikasi_jenis_kain_glcm_knn\dataset\Wool\wool_104.png,Wool,48.05444081122042,23.589995410642466,4.770090774794879,1.3701459504139024,0.23151110893564955,0.06356436699150081,0.05814671358799109,0.007585385677733864,0.5954494898310615,0.19844473501742932,0.0034385783769638385,0.0009125957372179552,75.6202392578125,76.364013671875,72.66250610351562,30.48523305015796,31.205396901890232,29.878790402817405,55.36692810058594,18.82037353515625,77.2791748046875,42.43969891299698,12.592408328700332,31.01520982723874,0.05002848307291412,0.14626057942707588,0.042526245117185335,0.015197753906249226,0.029129028320311015,0.025914510091144514,0.014561971028645091,0.009714762369791172,0.33248901367185807,0.0008443196614582903,0.0,0.0,0.11755879720051485,0.18824768066405292,0.02650451660156115,0.001022338867187448
C:\Users\Fakhri\OneDrive\Documents\SM 6\Prak PC\klasifikasi_jenis_kain_glcm_knn\dataset\Denim\denim_119.png,Denim,10.121240181235802,5.129958917487277,2.0237638734474825,0.570363238214129,0.44641690635627135,0.07734007076565536,0.13868699036656254,0.01675083518381672,0.7285344565146444,0.13771626524549288,0.019514671776290397,0.004711246156559338,26.186111450195312,29.81982421875,34.807403564453125,16.416778150342193,17.36675982993331,19.18251357415417,106.1605224609375,66.22386169433594,34.8433837890625,10.593326024908482,20.294940849895923,19.151640042909502,0.001037597656249947,0.00014241536458332608,0.0005086263020833075,0.008366902669270407,0.2570648193359244,0.06548563639322583,0.0006764729817707989,5.086263020833074e-05,0.13647460937499306,0.19632975260415667,0.0005289713541666397,0.0,0.3116149902343591,0.020044962565103144,0.0016733805338540815,0.0
C:\Users\Fakhri\OneDrive\Documents\SM 6\Prak PC\klasifikasi_jenis_kain_glcm_knn\dataset\Silk\silk_122.png,Silk,39.43809694669763,20.513015322614134,4.12692505243209,1.2565736881972913,0.2954648850092953,0.0698484792953918,0.05194783265573729,0.0078092589922945065,0.8721003129593964,0.06680749141520549,0.002759561843637218,0.0008335857860756619,168.2621307373047,160.96615600585938,170.91236877441406,46.18484904169301,52.07148420567223,49.64908870141144,128.04595947265625,23.456146240234375,172.89950561523438,30.50858663039348,14.21917172079851,48.168248332929366,0.002258300781249885,0.000818888346354125,0.005315144856770562,0.016433715820311664,0.09987386067707825,0.031641642252602555,0.11530049641926496,0.06169128417968436,0.33280944824217057,0.0005238850911458067,0.0,0.0,0.008875528971353715,0.03953552246093549,0.1625467936197834,0.12237548828124377
C:\Users\Fakhri\OneDrive\Documents\SM 6\Prak PC\klasifikasi_jenis_kain_glcm_knn\dataset\Silk\silk_177.png,Silk,24.325462851973274,12.047690311429255,3.202072455263806,0.8908176571335386,0.34785715774596554,0.0682209042233086,0.06510171059297178,0.00805615186827737,0.9012405029095713,0.04894713145226229,0.004303134305055803,0.0010791434641928034,92.9991455078125,90.201416015625,102.17898559570312,43.44020161340417,43.714101711285196,50.44793230234302,128.54151916503906,29.004730224609375,102.28694152832031,19.937102416603825,9.109846127824081,50.31637745040512,0.0053253173828122285,0.0003306070963541498,0.00012207031249999378,0.00011189778645832764,0.003148396809895673,0.22837829589842587,0.08290100097655828,0.013015747070311837,0.333312988281233,2.03450520833323e-05,0.0,0.0,0.09655253092447424,0.1322682698567641,0.08728027343749556,0.017232259114582454
C:\Users\Fakhri\OneDrive\Documents\SM 6\Prak PC\klasifikasi_jenis_kain_glcm_knn\dataset\Wool\wool_075.png,Wool,12.230937973582348,6.13292606650883,2.5103522632061894,0.7089248100768873,0.3505721022601407,0.07712007702620573,0.07324781678201793,0.010166630315243069,0.8208226492704446,0.08978421170971099,0.005468603035298888,0.001531651058930952,70.85745239257812,81.99501037597656,102.90141296386719,21.32795770317341,23.65619174429904,27.718912400971718,109.5888671875,80.42132568359375,102.90144348144531,1.960970327398904,15.013508299051491,27.718905903720653,0.0,0.0,0.0,1.017252604166615e-05,0.3131459554036299,0.020177205403644805,0.0,0.0,0.03910827636718551,0.2935892740885267,0.0006357828776041343,0.0,0.02116394042968642,0.2496490478515498,0.06196594238280934,0.0005544026692708051
C:\Users\Fakhri\OneDrive\Documents\SM 6\Prak PC\klasifikasi_jenis_kain_glcm_knn\dataset\Wool\wool_030.png,Wool,8.437660775506457,5.05390477981409,2.0446837052675297,0.6782684464692581,0.41022696433963635,0.09158555578501203,0.06793203892143261,0.010818003318715385,0.9394009523031656,0.036311946143011864,0.004731791107826773,0.0014984428649240512,89.27117919921875,70.07920837402344,66.75151062011719,48.657744394129026,29.068074752369817,27.685918372848086,55.894866943359375,66.61965942382812,92.457275390625,54.999445913613144,44.556575109391645,47.428338272465766,0.17103576660155378,0.0023040771484373825,0.0027058919270831956,0.012985229492186839,0.10391743977864054,0.01657613118489499,0.00646972656249967,0.01733907063801995,0.1866149902343655,0.10566202799478629,0.041056315104164576,0.0,0.10737609863280703,0.1530914306640547,0.058308919270830366,0.01455688476562426
C:\Users\Fakhri\OneDrive\Documents\SM 6\Prak PC\klasifikasi_jenis_kain_glcm_knn\dataset\Cotton\cotton_080.png,Cotton,15.421243455924293,10.13674425919919,2.818297843179416,1.0262184285701028,0.33195528897231014,0.09569962975655631,0.07375796579929243,0.012721754804159111,0.8426944589387988,0.10387629299984467,0.005602080564146739,0.0019768925745676396,215.51144409179688,216.77178955078125,193.03762817382812,26.107854129639964,28.04386650506051,34.18013240979766,33.28236389160156,30.1029052734375,217.4568328857422,5.344109568760256,14.877227876321436,27.12937333117702,0.00023396809895832142,0.31949361165362955,0.013590494791665974,1.5258789062499222e-05,0.0,0.0,0.0,0.0,0.3237101236979002,0.009623209635416177,0.0,0.0,0.0,9.155273437499534e-05,0.06385294596353841,0.269388834635403
C:\Users\Fakhri\OneDrive\Documents\SM 6\Prak PC\klasifikasi_jenis_kain_glcm_knn\dataset\Denim\denim_170.png,Denim,53.7869498257724,38.1831817108791,5.410248691780445,2.1306809318857436,0.1966379917351175,0.07000863713584426,0.03524473371363689,0.006134589092989973,0.8135338727842397,0.13225603382257195,0.0012798244378850042,0.00044166034606882493,108.71432495117188,122.09196472167969,137.71014404296875,46.386394504077224,48.75492712366739,48.64870597099424,106.03741455078125,59.023040771484375,137.7101593017578,2.84201166907722,19.607363103493622,48.64869649553738,0.0,0.0,0.0,5.086263020833075e-06,0.3311665852864415,0.002161661783854057,0.0,0.0,0.19785054524738577,0.13547770182290977,5.086263020833075e-06,0.0,0.015004475911457569,0.13663736979165972,0.12317403157551456,0.05851745605468452
C:\Users\Fakhri\OneDrive\Documents\SM 6\Prak PC\klasifikasi_jenis_kain_glcm_knn\dataset\Wool\wool_095.png,Wool,39.58293487286858,20.673633662159283,4.5323896161473085,1.3603391392847783,0.23270535019054703,0.06298337500359909,0.04186122306069235,0.006268855304088482,0.7835867731783893,0.11305360315600849,0.0017916605429606398,0.0005368434205347614,150.7781982421875,157.7221221923828,150.65811157226562,36.94373102749889,38.505747689012246,40.492410518154635,60.869384765625,15.817153930664062,157.8094940185547,16.284541082990213,6.275365951685407,38.57297021965534,0.000274658203124986,0.051406860351559884,0.1644846598307208,0.09754943847655753,0.019485473632811508,0.00011698404947916071,1.017252604166615e-05,5.086263020833075e-06,0.3333333333333164,0.0,0.0,0.0,1.5258789062499222e-05,0.08191426595051667,0.18029276529947,0.0711110432942672
C:\Users\Fakhri\OneDrive\Documents\SM 6\Prak PC\klasifikasi_jenis_kain_glcm_knn\dataset\Nylon\nylon_049.png,Nylon,5.677976953008399,2.252679729470407,1.7728808449992675,0.3874361935688158,0.4248946062492809,0.06736075769087,0.08646522558329084,0.008718529901531371,0.929727436624105,0.02802287470118011,0.007552247998813272,0.001546147894688975,207.51942443847656,210.0341339111328,162.1527099609375,24.076094245069555,25.72912185091178,28.425354677726524,31.672439575195312,59.698516845703125,210.27183532714844,1.6430193668309148,12.406142562794674,25.365360704038817,0.0,0.3333333333333164,0.0,0.0,0.0,0.0,0.0,0.0,0.20986938476561431,0.12346394856770204,0.0,0.0,0.0,0.0,0.0826416015624958,0.25069173177082055
C:\Users\Fakhri\OneDrive\Documents\SM 6\Prak PC\klasifikasi_jenis_kain_glcm_knn\dataset\Wool\wool_115.png,Wool,27.4051596107065,15.439891344845725,3.7727670877183335,1.19255623603814,0.26245433922748934,0.07192406269707886,0.04043562663541269,0.006414094757846327,0.8949598472568274,0.059317958968389775,0.0016761805129611271,0.0005326387051948851,154.81385803222656,150.63291931152344,143.9841766357422,44.64697002699075,46.065569070048944,47.082342632683954,24.167190551757812,20.963134765625,155.06396484375,22.486015583191023,12.778057825980593,44.87259556855733,0.22717793782550927,0.08229064941405831,0.0091654459635412,0.0036824544270831457,0.004440307617187274,0.002248128255208219,0.0015258789062499224,0.002802530924479024,0.3331756591796705,0.0001576741536458253,0.0,0.0,0.00034586588541664907,0.10553487141926546,0.1432495117187427,0.08420308430989154
C:\Users\Fakhri\OneDrive\Documents\SM 6\Prak PC\klasifikasi_jenis_kain_glcm_knn\dataset\Wool\wool_004.png,Wool,28.406935503214275,11.603583123216579,3.838785888190013,0.9161255526644684,0.2587676092816939,0.05820653504894367,0.04511291698809811,0.005644854313047055,0.8160125810157975,0.07516903915308588,0.0020670396593905566,0.0005277328345287462,141.09942626953125,155.2730712890625,181.69956970214844,34.59816853924809,35.85116521544962,33.880296317711554,109.33489990234375,58.809539794921875,181.70065307617188,2.5845611451893813,16.669117459027586,33.88240841012171,1.017252604166615e-05,5.086263020833075e-06,0.0,0.0001780192057291576,0.31014506022133836,0.022994995117186327,0.0,0.0,0.20349629720051046,0.1298370361328059,0.0,0.0,5.086263020833075e-06,0.020512898763019788,0.1753133138020744,0.13750203450520132
C:\Users\Fakhri\OneDrive\Documents\SM 6\Prak PC\klasifikasi_jenis_kain_glcm_knn\dataset\Denim\denim_096.png,Denim,7.124954047460352,3.8918094260268266,1.667718059430347,0.5088457001794121,0.4988264813901769,0.08174704557391552,0.15821830934100162,0.018903742292688982,0.7568230771415868,0.13252037154232713,0.02539038488339328,0.0060697451088720655,24.4306640625,26.790695190429688,31.734710693359375,14.123269810669147,15.320285591429199,18.588554486873498,104.61282348632812,57.677947998046875,31.8592529296875,24.844259091888894,22.78752136410144,18.464379633830063,0.011174519856770265,0.003224690755208169,0.004852294921874753,0.014551798502603425,0.17167663574217876,0.12079874674478551,0.005477905273437221,0.001576741536458253,0.19172159830728192,0.14134724934895113,0.00026448567708331987,0.0,0.31274414062498407,0.019765218098957326,0.0008138020833332918,1.017252604166615e-05
C:\Users\Fakhri\OneDrive\Documents\SM 6\Prak PC\klasifikasi_jenis_kain_glcm_knn\dataset\Wool\wool_119.png,Wool,7.989763696560451,4.638586352314334,1.9728088675887328,0.6395056980904243,0.4197051181307743,0.09244720328558896,0.06569659376142643,0.010590680765954702,0.9428618692241977,0.03315005834426094,0.004428204950940258,0.001441592274355146,112.58204650878906,87.06277465820312,69.64212036132812,40.121262579798284,32.02429605941832,26.362217787122702,14.869918823242188,96.23283386230469,112.701171875,15.347359504339599,32.51934712507652,40.025608210139076,0.30993143717446336,0.014302571614582605,0.004475911458333106,0.0016988118489582467,0.0005187988281249735,0.0003255208333333168,0.00026448567708331987,0.0018157958984374076,0.049209594726559995,0.23993937174477944,0.044184366861976916,0.0,0.045623779296872675,0.15588378906249206,0.1274108886718685,0.004414876302083108
C:\Users\Fakhri\OneDrive\Documents\SM 6\Prak PC\klasifikasi_jenis_kain_glcm_knn\dataset\Cotton\cotton_175.png,Cotton,3.410967743258187,1.908717427824027,1.2684282376009328,0.4085782109436635,0.5416229779529217,0.0929322042057197,0.17664887437222998,0.023138272467028414,0.6811463383317831,0.17846702913642032,0.03174020446973435,0.008290946416529001,20.222000122070312,24.013946533203125,26.190505981445312,8.271608774720937,9.407933083747679,10.996269656682212,98.1507568359375,58.81575012207031,26.36767578125,15.062448599933441,18.165271373893063,10.838468018256677,0.003097534179687342,0.00046793619791664283,0.0027618408203123595,0.03950500488281049,0.2597605387369659,0.026809692382811137,0.0008138020833332918,0.00011698404947916071,0.1886952718098862,0.144460042317701,0.0001780192057291576,0.0,0.33255004882810807,0.0007832845052082935,0.0,0.0
C:\Users\Fakhri\OneDrive\Documents\SM 6\Prak PC\klasifikasi_jenis_kain_glcm_knn\dataset\Nylon\nylon_177.png,Nylon,10.237633730345053,5.570734273815066,2.376048224098286,0.7053463862836347,0.3529265190118828,0.08027557003161048,0.07620346129496124,0.010390414972194091,0.8368469299707512,0.0888262002144252,0.0059149282366270485,0.0016253805353758535,171.02056884765625,154.02407836914062,110.34996032714844,22.06511148382441,23.27688652097547,19.457258542029106,21.608489990234375,91.33139038085938,171.02056884765625,1.6098614829495643,11.225183446329735,22.06511148382441,0.24050394694009192,0.09282938639322444,0.0,0.0,0.0,0.0,0.0,0.0,0.0031840006510415043,0.32997639973956655,0.00017293294270832453,0.0,0.0,0.011444091796874417,0.2641092936197782,0.05777994791666372
C:\Users\Fakhri\OneDrive\Documents\SM 6\Prak PC\klasifikasi_jenis_kain_glcm_knn\dataset\Nylon\nylon_075.png,Nylon,4.3455773551388965,1.5625699163955808,1.5196822368688085,0.3055845663853647,0.4766801468350565,0.05898729223582639,0.09122970489138509,0.008153614576394224,0.9481367743792816,0.01868924678632831,0.0083893404852296,0.0015303675945362283,79.28520202636719,85.50848388671875,100.08154296875,25.44104857608377,25.63485224178589,28.981474183716653,111.05337524414062,54.83335876464844,100.08154296875,3.576238102276232,11.304396694612068,28.981474183716653,0.0,0.0,0.0,0.0,0.2180938720703014,0.11523946126301496,0.0,0.0,0.26327006022134075,0.0700632731119756,0.0,0.0,0.029820760091144316,0.23858133951821703,0.06485493977864253,7.629394531249611e-05
C:\Users\Fakhri\OneDrive\Documents\SM 6\Prak PC\klasifikasi_jenis_kain_glcm_knn\dataset\Denim\denim_176.png,Denim,14.04541968993579,7.199987947133299,2.707386465646465,0.7771904400962127,0.33659557713682164,0.07536410346464863,0.08301312684579996,0.010770408498254657,0.703555467737193,0.15189590840075556,0.007007180927936152,0.0018265964613560018,36.3624267578125,43.542022705078125,53.60435485839844,17.417460045119853,19.81782658237519,23.232006802959944,107.15155029296875,83.52359008789062,53.61109924316406,5.4692058996497455,20.824150066155383,23.225268620935097,0.00011698404947916071,1.5258789062499222e-05,4.577636718749767e-05,0.0014902750651040908,0.29962666829425555,0.03187052408854004,0.00014750162760415915,2.03450520833323e-05,0.05267842610676815,0.2768961588541526,0.003758748372395642,0.0,0.2327524820963423,0.09853617350259915,0.002029418945312397,1.5258789062499222e-05
C:\Users\Fakhri\OneDrive\Documents\SM 6\Prak PC\klasifikasi_jenis_kain_glcm_knn\dataset\Nylon\nylon_030.png,Nylon,45.784431340242655,26.470640690410573,4.374488885231982,1.4153186033504241,0.30651680541007276,0.0746017992658031,0.07541697587638664,0.012623932242386561,0.7094668710615677,0.1677430849665394,0.005847083915599852,0.0019597212487640825,61.52691650390625,66.75679016113281,70.97428894042969,34.10460112266145,35.62598436103702,38.17131929410674,100.59660339355469,37.005126953125,71.20327758789062,14.368103179459663,15.615645772871668,38.046611494879116,0.0016886393229165807,0.001159667968749941,0.00464884440104143,0.03065490722656094,0.26107788085936173,0.03197733561197754,0.0017903645833332422,0.0003356933593749829,0.31251017252602575,0.020823160807290606,0.0,0.0,0.1761728922525952,0.12758890787759766,0.025054931640623723,0.00451660156249977
C:\Users\Fakhri\OneDrive\Documents\SM 6\Prak PC\klasifikasi_jenis_kain_glcm_knn\dataset\Silk\silk_031.png,Silk,101.25069450723784,44.254383657696124,7.767617902156052,2.1080835331143035,0.13555742747505997,0.0515055039169406,0.03264021890586675,0.004336952830661009,0.429140682668038,0.24901211689419966,0.0010841930500782796,0.00032409638243719146,166.5123748779297,165.5951690673828,158.73464965820312,36.22677983327322,37.91945754456732,40.37805420416332,33.5325927734375,15.311309814453125,167.35716247558594,22.30723783506735,10.734641282096227,36.836834497066334,0.091776529947912,0.18472798665363643,0.032648722330727506,0.010981241861978608,0.007751464843749605,0.0020904541015623937,0.0016021728515624185,0.0017547607421874107,0.3333180745442539,1.5258789062499222e-05,0.0,0.0,0.0,0.05507914225260136,0.18577067057290722,0.0924835205078078
C:\Users\Fakhri\OneDrive\Documents\SM 6\Prak PC\klasifikasi_jenis_kain_glcm_knn\dataset\Wool\wool_139.png,Wool,2.3125564204053695,0.8575238833713442,1.0009531341737743,0.22991934298415329,0.6070298249344849,0.06596417914126894,0.17249483396981993,0.017150448273419064,0.8188550110039885,0.06732707360254378,0.030048605622254972,0.00601910296077057,29.725616455078125,31.072174072265625,55.83226013183594,9.489578180370815,9.861869961407647,13.394403681461418,118.55191040039062,122.19256591796875,55.83226013183594,2.1884742557644548,14.885612135235633,13.394403681461418,0.0,0.0,0.0,0.0,0.0009613037109374511,0.3323567708333164,1.5258789062499222e-05,0.0,0.0004831949869791421,0.20184834798176055,0.13100179036457665,0.0,0.22928365071613416,0.1040496826171822,0.0,0.0
C:\Users\Fakhri\OneDrive\Documents\SM 6\Prak PC\klasifikasi_jenis_kain_glcm_knn\dataset\Cotton\cotton_120.png,Cotton,3.951436077002066,2.6354952178516475,1.0754644510568072,0.4010556901333567,0.6724932640342338,0.06568520695114545,0.42797206385024195,0.013599181625433816,0.9434472507444941,0.03799633978419372,0.18334502517711715,0.01158887249345339,231.18475341796875,238.19393920898438,239.7462158203125,26.523272103874987,23.253836049140475,17.95230695580523,79.6190185546875,11.604110717773438,241.50848388671875,19.643052526584448,10.494509507637465,19.029187434317443,0.0,0.0,0.15437316894530465,0.039952596028643796,0.13896687825520126,4.06901041666646e-05,0.0,0.0,0.3333333333333164,0.0,0.0,0.0,0.0,0.0,0.010203043619791147,0.3231302897135252
C:\Users\Fakhri\OneDrive\Documents\SM 6\Prak PC\klasifikasi_jenis_kain_glcm_knn\dataset\Wool\wool_136.png,Wool,7.256416824446216,2.739609464550958,1.9421219343495386,0.43513340441163756,0.4147745952888438,0.07042810716212797,0.10585688588397184,0.011741778586304891,0.6731941895900554,0.12320109336140031,0.011343549653422042,0.0026391928151658244,47.96177673339844,49.50103759765625,80.27061462402344,13.005290935862293,13.337623882740644,14.563030000597431,118.60494995117188,105.71211242675781,80.27061462402344,1.9302020214699085,17.99572594027958,14.563030000597431,0.0,0.0,0.0,0.0,0.0002797444661458191,0.3330535888671705,0.0,0.0,0.0027567545572915264,0.28759256998696453,0.042984008789060314,0.0,0.04006958007812296,0.29294840494790175,0.0003153483072916506,0.0
C:\Users\Fakhri\OneDrive\Documents\SM 6\Prak PC\klasifikasi_jenis_kain_glcm_knn\dataset\Denim\denim_020.png,Denim,12.575914984553366,7.142938469707496,2.3392031064652525,0.7506380519996877,0.403507962389233,0.08786801343100038,0.10885371185032211,0.01625039572198363,0.761035003023706,0.13564454177268,0.012113205944714017,0.0036876027607900806,30.583267211914062,35.43751525878906,41.5250244140625,18.78788149663945,20.77272723970704,23.87707093847498,105.04783630371094,68.58193969726562,41.57408142089844,11.068525345040916,20.27340588259976,23.828764186709357,0.0013427734374999317,0.00020853678385415606,0.0009765624999999502,0.010131835937499485,0.2734883626301944,0.04646809895833097,0.0006205240885416351,9.663899739582841e-05,0.12695821126301438,0.2054392496744687,0.0009358723958332857,0.0,0.2828369140624856,0.047551472981768414,0.002736409505208194,0.00020853678385415606
C:\Users\Fakhri\OneDrive\Documents\SM 6\Prak PC\klasifikasi_jenis_kain_glcm_knn\dataset\Denim\denim_073.png,Denim,16.097675136848284,9.980794304973983,2.8105749460682343,0.9372810501882104,0.34195327903523687,0.08231376389570699,0.08651146353917098,0.012645031294636599,0.7403203917757458,0.16082025893725385,0.0076441301401316475,0.0022604551835890265,37.50257873535156,46.270751953125,52.69744873046875,20.295426103989374,22.627273960333195,25.44730542901362,101.27926635742188,76.77175903320312,52.7515869140625,6.092897159780328,19.236607228713975,25.40275846955529,3.0517578124998445e-05,1.5258789062499222e-05,0.00014241536458332608,0.011393229166666087,0.3200988769531087,0.0016530354817707491,0.0,0.0,0.07502237955728784,0.25748697916665353,0.000823974609374958,0.0,0.23852539062498784,0.09133402506509952,0.0034739176432289896,0.0
C:\Users\Fakhri\OneDrive\Documents\SM 6\Prak PC\klasifikasi_jenis_kain_glcm_knn\dataset\Silk\silk_010.png,Silk,69.96475699900598,24.279935636306288,5.205994285093987,1.127376092073944,0.2908253149053275,0.051614263482663174,0.09124384678964483,0.010465857414842435,0.3975777610655679,0.20873096314681136,0.008434973748399995,0.0019797879739412616,37.88493347167969,57.94538879394531,61.00282287597656,28.39187114685795,31.155929100739154,33.22899784188383,93.371337890625,108.04006958007812,61.19586181640625,3.7375344593794284,27.422739363055875,33.12434632258329,6.612141927082997e-05,0.0,0.0,0.038258870442706386,0.29499308268227664,1.5258789062499222e-05,0.0,0.0,0.025609334309894528,0.22191365559894705,0.08578999837239147,2.03450520833323e-05,0.2268269856770718,0.08595784505207896,0.01884460449218654,0.00170389811197908
C:\Users\Fakhri\OneDrive\Documents\SM 6\Prak PC\klasifikasi_jenis_kain_glcm_knn\dataset\Nylon\nylon_181.png,Nylon,9.520644040319446,5.415280696409382,2.340690511675874,0.7183019722807578,0.3471970989489335,0.08285963514729465,0.08329299945474991,0.011253118570700982,0.8073006089468349,0.110216231531443,0.007064356435735223,0.0019407944519796625,162.63616943359375,197.94212341308594,217.61595153808594,18.910010127756124,20.74696841753619,19.042907806091637,100.72187805175781,64.86639404296875,217.61595153808594,1.5717580763147545,7.277781063081797,19.042907806091637,0.0,0.0,0.0,0.0,0.3333333333333164,0.0,0.0,0.0,0.13896179199218042,0.19437154134113593,0.0,0.0,0.0,0.0,0.037546793619789756,0.2957865397135266
C:\Users\Fakhri\OneDrive\Documents\SM 6\Prak PC\klasifikasi_jenis_kain_glcm_knn\dataset\Silk\silk_184.png,Silk,12.927129670058969,6.035979670985617,2.3130795110277513,0.6199660520502712,0.41580320579558094,0.07147294375842851,0.07421135443997239,0.00727285522048335,0.9684742024762767,0.014759544156263014,0.005560219550873322,0.001095321681642423,154.89898681640625,147.72889709472656,137.42605590820312,53.96253307413321,58.195643174067015,62.0304416453948,31.118972778320312,37.58287048339844,155.33285522460938,34.70254665766364,24.796826981147255,54.49513168239111,0.2426706949869668,0.04048156738281044,0.021224975585936418,0.002197265624999888,0.0041859944661456205,0.007319132486978794,0.006703694661457992,0.008550008138020398,0.26748148600259053,0.06585184733072581,0.0,0.0,0.00022379557291665527,0.13776143391926382,0.09916178385416162,0.09618631998697427
C:\Users\Fakhri\OneDrive\Documents\SM 6\Prak PC\klasifikasi_jenis_kain_glcm_knn\dataset\Cotton\cotton_079.png,Cotton,15.96345248861205,10.0539378370404,2.936503583223722,1.026005801814417,0.3071684984702497,0.08940237659413332,0.05972962148022049,0.009765695512716863,0.8372378156409691,0.10270499954020505,0.003662996491017515,0.0012098218375870486,203.6370086669922,205.83370971679688,181.27627563476562,26.246820689386393,28.120595838016655,33.02312462733164,33.973907470703125,32.33274841308594,206.2836151123047,4.950708237313995,13.747284641410271,27.506284084797514,5.594889322916382e-05,0.32027180989581705,0.012980143229166005,2.543131510416537e-05,0.0,0.0,0.0,0.0,0.32479858398435846,0.008534749348957898,0.0,0.0,0.0,0.00021362304687498913,0.09909566243489079,0.2340240478515506
C:\Users\Fakhri\OneDrive\Documents\SM 6\Prak PC\klasifikasi_jenis_kain_glcm_knn\dataset\Silk\silk_057.png,Silk,28.90998294317123,12.71745956230581,3.6445021185897377,0.9428402517641792,0.3117178125174049,0.06551281735463381,0.08956496476724785,0.012180327350098916,0.601389900486534,0.1759103392604949,0.008170243288113914,0.0022276595917958427,90.28706359863281,47.1253662109375,45.20072937011719,26.520921753533646,23.302807628518693,23.262218392112576,47.97779846191406,135.94642639160156,90.28706359863281,77.05832778485515,27.262336641093697,26.520921753533646,0.24664815266925827,0.0,0.0,0.0,0.0,0.0,0.0,0.08668518066405809,0.0016886393229165807,0.12802632649738932,0.2035471598307188,7.120768229166304e-05,0.03384908040364411,0.2701161702473821,0.02757771809895693,0.0017903645833332422
C:\Users\Fakhri\OneDrive\Documents\SM 6\Prak PC\klasifikasi_jenis_kain_glcm_knn\dataset\Denim\denim_033.png,Denim,25.224711108010933,16.9108911478302,3.6524849631476344,1.273179850539991,0.26870085942522376,0.07433391244822983,0.05933461871485248,0.008832436623392243,0.7490651008093653,0.16805196272284356,0.0035986089147431615,0.0010861632700456003,55.16404724121094,67.00250244140625,80.44145202636719,26.44289920675281,28.77439033916554,31.194471992266738,105.83242797851562,85.43455505371094,80.4415283203125,2.5134517375805907,20.37146313880819,31.194385555633787,0.0,0.0,0.0,2.543131510416537e-05,0.3317260742187331,0.001581827799479086,0.0,0.0,0.04988098144530996,0.27770996093748584,0.005742390950520541,0.0,0.11446634928384834,0.18821207682290708,0.030563354492185942,9.155273437499534e-05
C:\Users\Fakhri\OneDrive\Documents\SM 6\Prak PC\klasifikasi_jenis_kain_glcm_knn\dataset\Denim\denim_198.png,Denim,47.23410562949895,26.761838550557254,5.092329886719165,1.5864088010259862,0.19894902531128347,0.05766675418988832,0.04392395638899107,0.0060624618447164816,0.662478910678015,0.19115304848711365,0.001966067388480633,0.0005519367064793679,95.18992614746094,109.11660766601562,128.66868591308594,31.42440953860997,34.08380454829561,35.85522962008394,107.49034118652344,68.628662109375,128.668701171875,2.142170853394921,14.249037925551278,35.85520997220538,0.0,0.0,0.0,5.086263020833075e-06,0.3305969238281082,0.002731323242187361,0.0,0.0,0.11499532063801497,0.21833292643228056,5.086263020833075e-06,0.0,0.003102620442708175,0.1723124186197829,0.1392974853515554,0.018620808919269885
C:\Users\Fakhri\OneDrive\Documents\SM 6\Prak PC\klasifikasi_jenis_kain_glcm_knn\dataset\Wool\wool_141.png,Wool,22.994912274853576,14.420638292003204,3.4771541967051554,1.2824251333262677,0.28260439141789157,0.09697219327999909,0.07145119992777728,0.011913631030262498,0.588459424685705,0.2578526791139609,0.005247208575444434,0.0017520762395085707,43.874755859375,57.16416931152344,93.19929504394531,18.403980055248624,21.43417384282944,27.12724555288051,112.00247192382812,138.68165588378906,93.19929504394531,1.480616126550688,19.124269713054233,27.12724555288051,0.0,0.0,0.0,0.0,0.2190653483072805,0.11426798502603584,0.0,0.0,0.00026448567708331987,0.09703572591145339,0.23603312174477964,0.0,0.04073588053385209,0.25096638997394555,0.04149373372395622,0.000137329101562493
C:\Users\Fakhri\OneDrive\Documents\SM 6\Prak PC\klasifikasi_jenis_kain_glcm_knn\dataset\Nylon\nylon_167.png,Nylon,7.206188177576849,4.247996341313193,1.8875708320218951,0.6141065967954336,0.43467054811236977,0.09109006445939438,0.1107439231466494,0.016365259577923046,0.7788954630836908,0.1304925450567183,0.012532038234963789,0.003718353585185265,34.96604919433594,39.14007568359375,42.36210632324219,15.435852931296752,16.2638200440706,17.65801976009121,101.71453857421875,46.350372314453125,42.42073059082031,9.763158741428331,12.982597294175745,17.592299925078315,0.0008443196614582903,0.00010172526041666148,0.0006917317708332981,0.014353434244790936,0.29992675781248473,0.017283121744790787,0.00012207031249999378,1.017252604166615e-05,0.29776000976560985,0.035573323567706525,0.0,0.0,0.29002380371092273,0.0432586669921853,5.086263020833074e-05,0.0
C:\Users\Fakhri\OneDrive\Documents\SM 6\Prak PC\klasifikasi_jenis_kain_glcm_knn\dataset\Wool\wool_101.png,Wool,38.68172700815135,20.476698829092175,4.47373144901493,1.3545824048501345,0.23853242988609716,0.06446534054180487,0.05563461433859443,0.008355562231728071,0.6227366100404463,0.19955750817835105,0.003165025732812418,0.0009551550175534655,67.47064208984375,70.98568725585938,66.7135009765625,27.998649432522342,29.25253325999305,27.081683526254604,61.63751220703125,21.385818481445312,71.3128662109375,26.605530042072598,10.5573093492565,29.149909763938762,0.012349446614582704,0.07204182942707966,0.12656656901041022,0.05994669596353861,0.04950459798176831,0.009816487630207834,0.0020141601562498977,0.001093546549479111,0.3327840169270664,0.000549316406249972,0.0,0.0,0.14606730143228422,0.1726074218749912,0.014612833658853422,4.577636718749767e-05
C:\Users\Fakhri\OneDrive\Documents\SM 6\Prak PC\klasifikasi_jenis_kain_glcm_knn\dataset\Silk\silk_015.png,Silk,117.88451380927165,50.343050717523155,8.476919166169056,2.2420565645371053,0.12160198555024153,0.04679098508496545,0.03135123726070752,0.003797243731613158,0.3566856806589198,0.27415461209441855,0.0009973191377344508,0.0002688063964167623,166.0367889404297,165.83045959472656,170.1840057373047,37.26922240521625,38.622287343729504,39.5744048034127,116.46342468261719,8.464996337890625,170.50894165039062,32.95220314010972,4.080286524564811,39.184176268038414,0.01764933268229077,0.0019276936848957352,0.0013173421223957663,0.002334594726562381,0.07815043131510019,0.15984598795572103,0.049763997395830796,0.022343953450519694,0.3333333333333164,0.0,0.0,0.0,0.0,0.05459086100260139,0.17216491699217873,0.10657755533853625
C:\Users\Fakhri\OneDrive\Documents\SM 6\Prak PC\klasifikasi_jenis_kain_glcm_knn\dataset\Wool\wool_084.png,Wool,10.97841940219314,6.018300790050557,2.366004801344244,0.7231128546377729,0.36778970424452084,0.08307181766209207,0.06504175452616183,0.009785580616282248,0.9056854570569862,0.05169228536304763,0.0043261874198392515,0.0013050296368516483,85.53941345214844,88.70750427246094,94.21006774902344,29.558697818862314,30.526645252871322,33.10393525149784,107.75636291503906,23.420181274414062,94.24911499023438,13.1659197773236,8.248933173576795,33.04832871835859,0.0022888183593748833,0.00047302246093747593,0.0011901855468749395,0.006011962890624694,0.22754923502603008,0.09319559733072443,0.002314249674479049,0.00031026204427081754,0.3331044514973789,0.00022888183593748834,0.0,0.0,0.05713399251301792,0.22560628255207185,0.04891967773437251,0.0016733805338540815
C:\Users\Fakhri\OneDrive\Documents\SM 6\Prak PC\klasifikasi_jenis_kain_glcm_knn\dataset\Silk\silk_039.png,Silk,70.6163448391227,28.33781845795574,6.221656726185576,1.5524726912557578,0.17137175049122558,0.05471456787045654,0.046932450380670725,0.0055615303052780505,0.2997452978095799,0.2803018217103998,0.0022335855180706456,0.0005820027996142273,62.696807861328125,75.05535888671875,106.74333190917969,26.795156300841068,28.504327588131538,32.90128185850344,111.57124328613281,109.51080322265625,106.74336242675781,1.8551988500123775,22.719480177384742,32.90132986531902,2.543131510416537e-05,0.0,0.0,1.017252604166615e-05,0.25087483723957055,0.08242289225259997,0.0,0.0,0.01361592610677014,0.255493164062487,0.06418355305989257,4.06901041666646e-05,0.024175008138019604,0.22202046712238452,0.08354187011718324,0.0035959879557289835
C:\Users\Fakhri\OneDrive\Documents\SM 6\Prak PC\klasifikasi_jenis_kain_glcm_knn\dataset\Nylon\nylon_104.png,Nylon,19.043881659745463,11.374524298410186,3.023853892293802,0.9978666402702687,0.32277994969982093,0.08419627448902982,0.060618642177728506,0.009739204120736322,0.8697875449926914,0.07776427017746905,0.0037694718763768543,0.0012242823560083388,90.68051147460938,78.87593078613281,72.75038146972656,31.36212028780204,35.295837077595806,39.34932653887675,36.61570739746094,67.55232238769531,92.85194396972656,48.41055648545464,36.39793036864747,34.25877021102155,0.2530771891275913,0.0026550292968748647,0.0005696614583333043,0.0004170735677083121,0.04062398274739377,0.01869201660156155,0.005477905273437221,0.011820475260416064,0.13630676269530556,0.18690490722655298,0.010121663411457819,0.0,0.0628204345703093,0.2195536295572805,0.04789225260416423,0.003067016601562344
C:\Users\Fakhri\OneDrive\Documents\SM 6\Prak PC\klasifikasi_jenis_kain_glcm_knn\dataset\Wool\wool_166.png,Wool,33.93773475587339,22.751637947712503,4.202622430137294,1.5699331718530238,0.24351155916127457,0.08585376020930097,0.04880932782334029,0.009082139475338905,0.7271127340505821,0.1828272545976677,0.0024648357400158098,0.0009749777046406209,91.80453491210938,93.3206787109375,95.83839416503906,30.357235356122846,31.72397841573111,33.43260894257585,96.18942260742188,12.758438110351562,96.28231811523438,39.24916075912619,7.356945460623809,33.10025944223871,0.03317769368489414,0.011973063151041057,0.011149088541666099,0.016881306966144975,0.1457265218098884,0.08505249023437067,0.019795735677082326,0.009577433268228679,0.3333333333333164,0.0,0.0,0.0,0.0570220947265596,0.21554565429686404,0.059783935546871954,0.0009816487630207834
C:\Users\Fakhri\OneDrive\Documents\SM 6\Prak PC\klasifikasi_jenis_kain_glcm_knn\dataset\Nylon\nylon_021.png,Nylon,5.728577649089381,3.0731604072844436,1.7956064038759862,0.531939329803362,0.4201059596727781,0.0876588121627488,0.09908099061750525,0.013252716465269257,0.8190651682442636,0.0973702234836975,0.009992677195454984,0.002690878661571279,65.93122863769531,94.94856262207031,95.72537231445312,13.97430844444568,16.635964174798225,17.965959043982018,90.64181518554688,81.30888366699219,96.26872253417969,2.160357450174231,8.354386898830661,17.590735289047508,0.0,0.0,0.0,0.1015116373697865,0.23182169596352986,0.0,0.0,0.0,0.0029856363932290147,0.33034769694008737,0.0,0.0,0.0054524739583330555,0.31742858886717135,0.010452270507811967,0.0
C:\Users\Fakhri\OneDrive\Documents\SM 6\Prak PC\klasifikasi_jenis_kain_glcm_knn\dataset\Nylon\nylon_057.png,Nylon,3.3552004850523853,1.062054178546415,1.3288641638658072,0.2512565861691136,0.5095579606578885,0.061456288108774,0.0957212750864856,0.008805850605948247,0.9489380564096875,0.01620542566140101,0.00924010550907693,0.001725374312574158,184.07069396972656,120.20231628417969,120.78781127929688,24.47221557703129,22.41031948818303,23.751478066029758,71.83665466308594,91.24031066894531,184.07069396972656,86.80342135994044,12.093846108548297,24.47221557703129,0.19969685872394816,0.0,0.0,0.0,0.0,0.0,0.0,0.1336364746093682,0.006256103515624682,0.32705688476560835,2.03450520833323e-05,0.0,0.0,0.0013122558593749332,0.17093404134113713,0.16108703613280428
C:\Users\Fakhri\OneDrive\Documents\SM 6\Prak PC\klasifikasi_jenis_kain_glcm_knn\dataset\Nylon\nylon_197.png,Nylon,64.1344548829963,37.681037295863554,5.816652428528656,1.9452972364059982,0.20251498136543067,0.0632729266893891,0.04673484567310004,0.008499709903165193,0.6321664546187423,0.21585776111961344,0.0022563908685264413,0.000822832539986643,79.521484375,85.2337646484375,91.32487487792969,36.01493774552733,37.437189977943184,39.925688588540844,104.47042846679688,35.17402648925781,91.35784912109375,7.8627783409725955,11.52355417570595,39.88852794086357,0.0003306070963541498,0.0001627604166666584,0.0005747477213541374,0.006327311197916344,0.3015797932942555,0.024093627929686272,0.0002390543619791545,2.543131510416537e-05,0.32427469889321264,0.009058634440103705,0.0,0.0,0.09599304199218262,0.17211405436197041,0.06390380859374675,0.0013224283854165993
C:\Users\Fakhri\OneDrive\Documents\SM 6\Prak PC\klasifikasi_jenis_kain_glcm_knn\dataset\Cotton\cotton_105.png,Cotton,23.69012259387958,18.810943077611768,3.648523381701479,1.577002961078478,0.25385232991545453,0.10378676260575079,0.04927994767275739,0.010122896206425229,0.8339646588555786,0.13211325384263947,0.0025309862702357637,0.0011058386916910704,161.61944580078125,178.21063232421875,195.6211395263672,32.86021293337278,34.48645338078904,33.45679483854477,105.23898315429688,45.341064453125,195.6229705810547,2.4601469645365834,10.676471237067233,33.4597885384436,0.0,0.0,0.0,0.0002695719401041529,0.3328348795572747,0.00022888183593748834,0.0,0.0,0.318018595377588,0.015314737955728387,0.0,0.0,0.0,0.00944519042968702,0.12937418619791008,0.19451395670571925
C:\Users\Fakhri\OneDrive\Documents\SM 6\Prak PC\klasifikasi_jenis_kain_glcm_knn\dataset\Denim\denim_029.png,Denim,2.0272042844761344,0.8991914095848231,0.9543381846305766,0.2508953818282109,0.6167750448762739,0.07191027264224299,0.2369248557962639,0.022918477047256355,0.6170642646997153,0.1696669635845777,0.056658643884246046,0.01105718124725656,15.859649658203125,19.967559814453125,20.585800170898438,5.894803124886096,6.529825923364252,7.378507700029714,91.83314514160156,63.93467712402344,21.035415649414062,13.251048175225886,20.187939657237806,7.152051255573129,0.0017242431640624122,0.00042215983072914516,0.004786173502603923,0.09345499674478691,0.22236124674478033,0.010304768880207808,0.00025939941406248677,2.03450520833323e-05,0.15314737955728386,0.17927551269530337,0.0009104410807291203,0.0,0.3332773844400872,5.594889322916382e-05,0.0,0.0
C:\Users\Fakhri\OneDrive\Documents\SM 6\Prak PC\klasifikasi_jenis_kain_glcm_knn\dataset\Cotton\cotton_032.png,Cotton,8.833823778914843,4.827115165473811,1.9746207910638816,0.6019788797635387,0.4461483217565892,0.08112982592712378,0.12884853641055308,0.016778350482778363,0.7316693748144728,0.1467463028108399,0.016883458380064567,0.004386187281442785,26.537368774414062,29.84710693359375,32.39448547363281,15.420512740945144,16.336321400597022,18.134888519815814,99.05195617675781,49.75152587890625,32.606964111328125,18.314114793741673,18.85625566751381,17.96988115561198,0.00484720865885392,0.001103719075520777,0.005157470703124737,0.04024759928385212,0.2328440348307173,0.047536214192705914,0.0013224283854165993,0.000274658203124986,0.2566019694010286,0.0764465332031211,0.00028483072916665216,0.0,0.3130900065104007,0.01990763346354065,0.0003356933593749829,0.0
C:\Users\Fakhri\OneDrive\Documents\SM 6\Prak PC\klasifikasi_jenis_kain_glcm_knn\dataset\Nylon\nylon_053.png,Nylon,2.31004316105834,0.6910392012532227,1.0431118935655872,0.19194952062450732,0.5897819831368173,0.055395231364913464,0.09642217849466846,0.008513365642366015,0.977371692722731,0.006788453560440435,0.009369713900218325,0.0016793632072874033,183.6181182861328,120.56515502929688,121.9576416015625,31.288670323284116,27.52580792175298,28.731455363404148,89.18197631835938,90.36634826660156,183.6181182861328,88.56741711333277,12.500447589920595,31.288670323284116,0.16690572102863732,0.0,0.0,0.0,0.0,0.0,0.0,0.16642761230467903,0.008031209309895425,0.3252970377604001,5.086263020833075e-06,0.0,0.0,0.01020812988281198,0.15599568684895038,0.16712951660155398
C:\Users\Fakhri\OneDrive\Documents\SM 6\Prak PC\klasifikasi_jenis_kain_glcm_knn\dataset\Nylon\nylon_112.png,Nylon,15.419731105577734,8.882418386504341,2.7278338380379767,0.8559911197203718,0.3442506091222141,0.08277448803114998,0.07882928740600444,0.011287283779053203,0.7710002546927579,0.13216610663208947,0.006341459328047325,0.0018482942488779505,60.676605224609375,51.45960998535156,48.909423828125,22.331023053663795,23.635583866313862,26.886875765651116,41.31636047363281,64.77250671386719,62.43992614746094,56.56061589066238,37.23497193646303,25.52966542415172,0.2410837809244669,0.002955118815104016,0.0008392333984374573,0.0007985432942707927,0.03172810872395672,0.019332885742186515,0.01158142089843691,0.02501424153645706,0.16250610351561673,0.15496826171874212,0.015858968098957527,0.0,0.1947835286458234,0.12893676757811842,0.00961303710937451,0.0
C:\Users\Fakhri\OneDrive\Documents\SM 6\Prak PC\klasifikasi_jenis_kain_glcm_knn\dataset\Silk\silk_028.png,Silk,68.77294237626204,24.19608186196648,5.36968724966222,1.1313816915725199,0.2595252360800692,0.04835996181076915,0.059021510378077645,0.006523107814023412,0.6823492012496265,0.1118943017527696,0.0035260896228628998,0.0007965501190426033,92.16717529296875,120.82826232910156,93.75773620605469,41.46182709295457,41.77598194451119,42.808149189019296,61.661468505859375,67.10934448242188,120.82838439941406,3.3279309203584804,19.541693472517288,41.776236295990195,1.017252604166615e-05,4.577636718749767e-05,0.3160909016926922,0.01712544759114496,6.103515624999689e-05,0.0,0.0,0.0,0.11955769856770225,0.21377054850259328,5.086263020833075e-06,0.0,7.629394531249611e-05,0.2146046956380099,0.09187825520832865,0.026774088541665304
C:\Users\Fakhri\OneDrive\Documents\SM 6\Prak PC\klasifikasi_jenis_kain_glcm_knn\dataset\Wool\wool_122.png,Wool,2.370389255682355,0.8495965246047003,1.0277787855964544,0.2270797708358659,0.6004165700923237,0.06341499017589616,0.21884913872433742,0.020236116065738448,0.6461423134774092,0.1269448183970816,0.04830444591381034,0.0090535098717489,15.248275756835938,19.421875,20.521621704101562,6.4096828944721365,7.473537299406821,8.697605199863464,93.01467895507812,69.18310546875,20.905776977539062,13.928895426050756,20.371435959484455,8.470639106955522,0.002115885416666559,0.0005137125651041405,0.005355834960937228,0.07958984374999595,0.23592631022134214,0.009623209635416177,0.0001983642578124899,1.017252604166615e-05,0.117828369140619,0.212987263997385,0.0025177001953123716,0.0,0.3331858317057122,0.00014750162760415915,0.0,0.0
C:\Users\Fakhri\OneDrive\Documents\SM 6\Prak PC\klasifikasi_jenis_kain_glcm_knn\dataset\Cotton\cotton_067.png,Cotton,9.26286583874254,5.815991671276025,2.1630438772788776,0.760109111841126,0.39520400367093345,0.09829829046604335,0.07305595836186529,0.012528491367975231,0.9127145779069505,0.054837347271859044,0.005494136148128024,0.0018651989350978826,202.79995727539062,206.77659606933594,208.80825805664062,26.90503563239183,30.815445924159928,31.595912314218104,97.4591064453125,19.584518432617188,213.4883270263672,36.468235440248385,11.358482929792988,27.489037307458094,0.016153971354165846,0.02140299479166558,0.009633382161457843,0.024739583333332073,0.21065775553384344,0.009409586588541187,0.007848103841145433,0.033487955729164964,0.3308054606119623,0.002527872721354038,0.0,0.0,0.0,0.003972371419270631,0.05626424153645547,0.27309672037759025
C:\Users\Fakhri\OneDrive\Documents\SM 6\Prak PC\klasifikasi_jenis_kain_glcm_knn\dataset\Denim\denim_137.png,Denim,40.45148332596928,27.8805605763484,4.632034190204732,1.70758164979645,0.221685847870752,0.07461396576890147,0.03935129472931325,0.007048868794298487,0.7975471024509333,0.1394261399076281,0.001598210948152512,0.0005958940739676707,115.32279968261719,125.40780639648438,138.50770568847656,39.270410014818104,40.29169630473458,40.1501728341597,106.91914367675781,46.0538330078125,138.50770568847656,2.5469545087496543,15.110535356666961,40.1501728341597,0.0,0.0,0.0,0.0,0.3280893961588375,0.0052439371744789,0.0,0.0,0.28753662109373535,0.045796712239581004,0.0,0.0,0.005091349283853908,0.134312947591139,0.1567331949869712,0.03719584147135227
C:\Users\Fakhri\OneDrive\Documents\SM 6\Prak PC\klasifikasi_jenis_kain_glcm_knn\dataset\Denim\denim_056.png,Denim,17.21980143965963,9.156059738683675,2.4636527726997937,0.7588918122911485,0.4230282766836266,0.08683881982693255,0.12929979694000396,0.018768855263241548,0.6974718875823163,0.16106955411478246,0.017070707416618768,0.0050289648481222915,27.37347412109375,31.154266357421875,34.16510009765625,20.64836834884406,21.252239644976477,23.468487853573553,99.24116516113281,57.21195983886719,34.417388916015625,15.007785752338313,21.073411297786993,23.278152564882863,0.001780192057291576,0.0006001790364583028,0.0052032470703122355,0.04693094889322678,0.23929341634113366,0.03877766927083136,0.0006459554036458004,0.00010172526041666148,0.20405069986978128,0.1284993489583268,0.0007832845052082935,0.0,0.3064931233723802,0.022852579752603002,0.0036773681640623126,0.00031026204427081754
C:\Users\Fakhri\OneDrive\Documents\SM 6\Prak PC\klasifikasi_jenis_kain_glcm_knn\dataset\Denim\denim_128.png,Denim,57.73065555891782,37.25493833585243,5.476352776412322,1.9240036779699716,0.19795238867138268,0.06403304529296612,0.033790366135653206,0.005664770548242445,0.7962815724527217,0.13128360414781431,0.0011738784689457333,0.00040678736000441694,110.37347412109375,115.89588928222656,124.34986877441406,46.92400772228234,47.72319079491032,48.40126777107467,107.93705749511719,32.15217590332031,124.35298156738281,5.020586529039337,13.939754751723417,48.39873345939434,4.06901041666646e-05,5.086263020833075e-06,5.086263020833074e-05,0.0006001790364583028,0.2844441731770688,0.04806009928385172,0.00010681152343749457,2.543131510416537e-05,0.3230336507161294,0.010299682617186976,0.0,0.0,0.03462219238281074,0.14791361490884664,0.11537679036457746,0.03542073567708153
C:\Users\Fakhri\OneDrive\Documents\SM 6\Prak PC\klasifikasi_jenis_kain_glcm_knn\dataset\Nylon\nylon_110.png,Nylon,12.947529315083164,7.461509495582026,2.48511775817103,0.7803041320079053,0.36818645337225114,0.08413966719358391,0.09295498733327408,0.012600023749142574,0.735953180468314,0.1524757410273359,0.008799390268608105,0.0024280570127611176,57.975372314453125,48.844329833984375,43.93333435058594,19.492002070009462,20.23286517538061,22.223897899429993,29.412765502929688,70.6641845703125,59.0166015625,42.628410543970645,39.82443875115932,21.362784458898172,0.2650349934895698,0.010650634765624457,0.0025939941406248677,0.0028330485026040225,0.028874715169269365,0.007471720377603786,0.005132039388020572,0.010742187499999454,0.13746134440103466,0.17339070638019952,0.022481282552082187,0.0,0.22019449869790544,0.10918172200520278,0.003957112630208132,0.0
C:\Users\Fakhri\OneDrive\Documents\SM 6\Prak PC\klasifikasi_jenis_kain_glcm_knn\dataset\Wool\wool_096.png,Wool,39.60208651807606,21.657994437374967,4.571767072287769,1.4092808150725542,0.22814475449432559,0.06415973056176999,0.038779998343230954,0.005939932060317241,0.8153844015944753,0.10100739165132762,0.0015391710643821806,0.00047680421897107044,162.34922790527344,164.1206512451172,156.5305633544922,40.35258163287838,41.59001912372966,43.726180873297274,43.32853698730469,14.7198486328125,164.50729370117188,20.367323577802562,8.775496840709746,41.42658929137985,0.010848999023436948,0.2186330159505097,0.05882771809895534,0.025451660156248702,0.017359415690103283,0.0016682942708332485,0.00037129720052081445,0.00017293294270832453,0.3333282470702955,5.086263020833075e-06,0.0,0.0,7.120768229166304e-05,0.07309468587239211,0.16582743326822072,0.09434000651041187
C:\Users\Fakhri\OneDrive\Documents\SM 6\Prak PC\klasifikasi_jenis_kain_glcm_knn\dataset\Silk\silk_134.png,Silk,66.50313769403168,25.34661322537057,5.965029195249753,1.3899777508123463,0.18461005023798963,0.050089828803467955,0.04383531757429506,0.005229393092732128,0.4563351257402217,0.2068208005880944,0.0019488816189576162,0.0004948823805882777,98.05537414550781,100.47958374023438,102.45909118652344,30.954853789544984,31.342063773682373,32.701107966133485,86.94046020507812,19.780899047851562,104.44168090820312,39.790622836358615,11.888669744059873,32.60384857872614,0.03295898437499832,0.03175354003906088,0.025624593098957028,0.03262837727864417,0.12929789225259758,0.058629353841142845,0.01315307617187433,0.009287516276041194,0.3327585856119622,0.0005747477213541374,0.0,0.0,0.02839152018229022,0.22998555501300913,0.07072448730468389,0.004231770833333118
C:\Users\Fakhri\OneDrive\Documents\SM 6\Prak PC\klasifikasi_jenis_kain_glcm_knn\dataset\Silk\silk_076.png,Silk,120.67420306908191,56.22845908721186,7.924805841834939,2.2596283897446394,0.1538878705263327,0.05316225698948724,0.03897828795164483,0.005360719109355692,0.3259221265175393,0.3131693159851287,0.0015480442410107517,0.00044970089529464276,72.167236328125,93.66331481933594,119.74246215820312,36.27357654680447,38.42084481832269,40.772092346936,106.09066772460938,107.77072143554688,119.742919921875,3.2081022029501387,31.22265817068414,40.772514389093324,0.000137329101562493,0.0,1.5258789062499222e-05,0.00012715657552082686,0.3329111735025872,0.00014241536458332608,0.0,0.0,0.03284708658853999,0.21173095703123923,0.08874511718749548,1.017252604166615e-05,0.010492960611978632,0.1912434895833236,0.11228942871093178,0.01930745442708235
C:\Users\Fakhri\OneDrive\Documents\SM 6\Prak PC\klasifikasi_jenis_kain_glcm_knn\dataset\Cotton\cotton_134.png,Cotton,14.65788050655253,10.645948462817879,2.7853892460941854,1.0693501795642082,0.3243545130746601,0.09814465097766306,0.0577617543840285,0.01087354373509705,0.9059186476793162,0.06821688312370021,0.003454654222879904,0.001363944203552069,128.28515625,115.76518249511719,121.13983154296875,33.6830981604212,36.10672440673699,35.980476719326944,138.4621124267578,28.477294921875,128.5410614013672,57.496549808000594,13.000743090500965,34.05122858230668,0.050175984700518275,0.0012359619140624371,0.000274658203124986,0.00022379557291665527,0.001515706380208256,0.00779215494791627,0.05271402994791398,0.2194010416666555,0.3329569498697747,0.0003763834635416475,0.0,0.0,0.0012207031249999378,0.1801554361979075,0.1336364746093682,0.018320719401040735
C:\Users\Fakhri\OneDrive\Documents\SM 6\Prak PC\klasifikasi_jenis_kain_glcm_knn\dataset\Silk\silk_011.png,Silk,73.97990853525245,31.939050431486233,6.435513368099255,1.7487533774571842,0.16499031363131564,0.062080151374805805,0.044307122372531794,0.006102063154026502,0.32159798827817077,0.2921631877984903,0.002000356267670236,0.000622417581904414,62.34852600097656,88.63955688476562,94.60841369628906,27.348655340608207,30.225377075942266,32.480939169180836,95.17047119140625,91.79640197753906,94.65179443359375,2.9483351735440095,21.682576662628698,32.44952556547748,3.560384114583152e-05,0.0,5.086263020833075e-06,0.00875345865885372,0.32452392578123346,1.5258789062499222e-05,0.0,0.0,0.03207397460937337,0.2863871256510271,0.014826456705728411,4.577636718749767e-05,0.06130981445312188,0.21995035807290547,0.05015055338541411,0.0019226074218749022
C:\Users\Fakhri\OneDrive\Documents\SM 6\Prak PC\klasifikasi_jenis_kain_glcm_knn\dataset\Silk\silk_002.png,Silk,46.638358466095696,17.335802372713193,4.279551575343562,0.9837801272559458,0.32788246532596277,0.05597037529799488,0.11253438660587824,0.013738596546594782,0.35977363041095045,0.23742915952073984,0.012852737203831373,0.0031712188672117446,31.953201293945312,41.61962890625,65.25070190429688,22.331240170289064,24.299640652664344,28.464803000942254,111.32743835449219,138.9738006591797,65.25071716308594,1.848199165209444,27.27909767867854,28.46481975238456,1.017252604166615e-05,0.0,0.0,5.086263020833075e-06,0.2504984537760289,0.08281962076822495,0.0,0.0,0.006011962890624694,0.08548990885416231,0.24173482259113352,9.663899739582841e-05,0.2044881184895729,0.11236063639322344,0.015940348307290856,0.000544230143229139
C:\Users\Fakhri\OneDrive\Documents\SM 6\Prak PC\klasifikasi_jenis_kain_glcm_knn\dataset\Nylon\nylon_127.png,Nylon,5.45501713395704,3.27051966517062,1.6744022133636796,0.5544207869716905,0.4542799661480672,0.09593193287879216,0.10217161322373669,0.015348336007009177,0.8672442549739827,0.07954050579258584,0.010674609966924903,0.0032107457183627253,54.20008850097656,48.19206237792969,45.97196960449219,21.70215728846785,17.812819312024356,14.865584018062826,84.08085632324219,50.5078125,55.71711730957031,62.79836625592189,32.72215706502677,20.966204611395373,0.10183715820311981,0.024805704752602905,0.007619222005207945,0.02908325195312352,0.07018025716145476,0.010721842447916121,0.0060984293619788564,0.08298746744791244,0.21586100260415567,0.11411031087239003,0.003362019856770662,0.0,0.23323567708332146,0.09953308105468243,0.0005645751953124713,0.0
C:\Users\Fakhri\OneDrive\Documents\SM 6\Prak PC\klasifikasi_jenis_kain_glcm_knn\dataset\Silk\silk_155.png,Silk,30.20153221728663,13.802783193871102,4.07462596373839,1.0911834809489274,0.24810594753597917,0.06530278116097812,0.043513403742022144,0.00582826071543455,0.8544703750615925,0.06654830860101671,0.0019273849281833044,0.0005494944448042354,191.08111572265625,189.12158203125,150.69871520996094,37.91662582222244,41.30745237680982,46.514621877414676,29.304962158203125,59.463836669921875,192.06854248046875,3.371424217729388,24.572273710993283,38.92814121730375,0.0001627604166666584,0.3329264322916497,0.00024414062499998756,0.0,0.0,0.0,0.0,0.0,0.1969197591145733,0.13641357421874306,0.0,0.0,0.0,0.022338867187498862,0.12484232584634782,0.1861521402994697
C:\Users\Fakhri\OneDrive\Documents\SM 6\Prak PC\klasifikasi_jenis_kain_glcm_knn\dataset\Wool\wool_171.png,Wool,25.73000406219884,13.757069019831528,3.6500537714864314,1.1076838456358917,0.2695679784394986,0.07399531182496008,0.05661045028850622,0.0084973661293291,0.7174317051510896,0.15095857498401716,0.0032769483130033025,0.0010084211386296677,87.04385375976562,87.50045776367188,95.36112976074219,25.937662357198047,27.0800667812979,29.10239987834809,119.8460693359375,24.233657836914062,95.37017822265625,10.195694996612174,7.035429527696425,29.090471742600457,0.0005289713541666397,5.086263020833074e-05,5.594889322916382e-05,0.00023396809895832142,0.05670166015624711,0.2528330485025913,0.02190144856770722,0.001027425130208281,0.333251953124983,8.13802083333292e-05,0.0,0.0,0.04552714029947685,0.23789469401040456,0.049779256184893296,0.00013224283854165994
C:\Users\Fakhri\OneDrive\Documents\SM 6\Prak PC\klasifikasi_jenis_kain_glcm_knn\dataset\Nylon\nylon_111.png,Nylon,12.87481488308771,6.936415389746858,2.3900902179035133,0.7203469912951072,0.3832203328390505,0.08291472291640406,0.09598309177188846,0.012869636352033963,0.7394966144706796,0.14028712556312892,0.00937838144592436,0.0025412738698965868,55.884307861328125,47.55592346191406,45.091217041015625,19.54451768975009,20.218502854405692,22.63735631398571,44.21539306640625,62.52098083496094,57.46641540527344,57.03241029310858,37.27191483199903,21.996354956040367,0.2313842773437382,0.0026550292968748647,0.0008697509765624558,0.0015920003255207522,0.035812377929685675,0.02484639485676957,0.012929280598957675,0.02324422200520715,0.16873677571613724,0.15329488118488802,0.011301676432291092,0.0,0.2304585774739466,0.09798685709634918,0.004877726236978918,1.017252604166615e-05
C:\Users\Fakhri\OneDrive\Documents\SM 6\Prak PC\klasifikasi_jenis_kain_glcm_knn\dataset\Silk\silk_027.png,Silk,89.8005128086847,41.00499433865418,7.107389170472597,1.987195442234061,0.1566388600138294,0.05633667475338715,0.03327012379251317,0.005065929251987762,0.55279527979366,0.20385191892671414,0.0011325647763552962,0.00038996821750017095,136.2416534423828,165.01132202148438,138.59335327148438,40.166939834129884,39.90497471273431,41.65039989647823,62.415771484375,48.065277099609375,165.0113983154297,3.9341640494637624,14.808880067079688,39.90503109173635,5.086263020833075e-06,5.594889322916382e-05,0.30193074544269294,0.031290690104165075,5.086263020833074e-05,0.0,0.0,0.0,0.28129069010415236,0.052042643229164014,0.0,0.0,0.0,0.06911214192707982,0.1703796386718663,0.09384155273437023
C:\Users\Fakhri\OneDrive\Documents\SM 6\Prak PC\klasifikasi_jenis_kain_glcm_knn\dataset\Cotton\cotton_111.png,Cotton,2.1395889978350566,1.2994174286583495,0.8866459386678436,0.307258038149131,0.6641041730563306,0.07763647956432633,0.29715228092323015,0.02273678319495767,0.9276573245956907,0.044152202877695,0.0888164393679328,0.013516153744221783,235.5419921875,242.69654846191406,244.2682647705078,17.22602413659712,15.459638779800118,10.229989695208335,83.11036682128906,11.158798217773438,246.06378173828125,18.709436394626795,7.621189240236217,11.309438650657547,0.0,0.0,0.10510253906249464,0.07948303222655845,0.14864095052082577,0.00010681152343749457,0.0,0.0,0.3333333333333164,0.0,0.0,0.0,0.0,0.0,8.13802083333292e-05,0.333251953124983
C:\Users\Fakhri\OneDrive\Documents\SM 6\Prak PC\klasifikasi_jenis_kain_glcm_knn\dataset\Silk\silk_088.png,Silk,123.08894887713846,59.129918826326,8.290693819100232,2.3899074386859325,0.14083388976193092,0.051254870597740726,0.03310670809055094,0.004688473755791867,0.42539207455720157,0.2755854128365755,0.0011180359067516998,0.0003346932695197214,75.69398498535156,99.46391296386719,113.74375915527344,36.73311883686577,43.65106081274517,44.00772476837752,101.18515014648438,91.64595031738281,113.748046875,5.8042187680377095,27.2101496174744,44.00984354883706,6.103515624999689e-05,0.0,0.0,0.0009155273437499534,0.32692464192706666,0.005432128906249723,0.0,0.0,0.04380798339843527,0.25159200032550805,0.0379231770833314,1.017252604166615e-05,0.04550170898437268,0.1652221679687416,0.10534667968749463,0.017262776692707454
C:\Users\Fakhri\OneDrive\Documents\SM 6\Prak PC\klasifikasi_jenis_kain_glcm_knn\dataset\Silk\silk_118.png,Silk,23.904197364252084,15.216500747354118,3.4357329815217086,1.1805694847150656,0.29542095817191666,0.08196652048419177,0.04529022666952886,0.007793108330052226,0.948100917487081,0.032954526765132816,0.0021119371692212324,0.0007525669443827414,173.1062469482422,174.26866149902344,181.8597412109375,60.12744633092303,61.23657087771722,59.87490223415703,111.59477233886719,21.782928466796875,182.49354553222656,24.06783986287123,15.297022601036856,59.794049264816486,0.0010477701822916134,0.000549316406249972,0.006189982096353851,0.0268351236979153,0.18925476074217787,0.039271036783852166,0.056254069010413806,0.01393127441406179,0.32728576660154585,0.006047566731770525,0.0,0.0,0.018417358398436563,0.04340108235676862,0.08951314290364128,0.1820017496744699
C:\Users\Fakhri\OneDrive\Documents\SM 6\Prak PC\klasifikasi_jenis_kain_glcm_knn\dataset\Denim\denim_004.png,Denim,27.902403782038544,22.028658660806414,3.7068314190308684,1.4966940555841841,0.284150814458229,0.0874823913539736,0.05131247456003472,0.009233051027160776,0.8960537382643459,0.08214182700955056,0.0027182192767443657,0.0010009016266587564,69.91091918945312,80.03955078125,93.07530212402344,43.34395523010323,46.984943897696496,51.627759865656635,106.42381286621094,68.69770812988281,93.08149719238281,4.895732278636415,19.987407647677053,51.61908526933905,0.0001780192057291576,2.03450520833323e-05,7.120768229166304e-05,0.00150553385416659,0.31972757975258786,0.0117797851562494,3.0517578124998445e-05,2.03450520833323e-05,0.13486226399738896,0.19822184244790658,0.00024922688802082063,0.0,0.11401875813801503,0.13853454589843045,0.06267293294270514,0.018107096354165745
C:\Users\Fakhri\OneDrive\Documents\SM 6\Prak PC\klasifikasi_jenis_kain_glcm_knn\dataset\Cotton\cotton_074.png,Cotton,7.246060741228786,5.404188505552257,1.9367052493215269,0.7963313967840502,0.41763190841832903,0.12238697924539067,0.09503883849149292,0.01942502943990018,0.8224631265482073,0.1320706943285522,0.009409712590553064,0.004104425766344288,221.63072204589844,219.2391815185547,232.23251342773438,16.607790240084043,19.25429727905648,16.459808857418,122.62211608886719,15.08062744140625,232.29974365234375,12.578882392357064,5.23043806673869,16.5355635892925,5.086263020833074e-05,5.086263020833074e-05,0.004567464192708101,0.005101521809895574,0.023371378580727978,0.27558898925779846,0.024592081705727915,1.017252604166615e-05,0.3333333333333164,0.0,0.0,0.0,0.0,0.0,0.006693522135416326,0.32663981119790003
C:\Users\Fakhri\OneDrive\Documents\SM 6\Prak PC\klasifikasi_jenis_kain_glcm_knn\dataset\Wool\wool_009.png,Wool,13.601955750007795,6.286045987968553,2.4871005788336347,0.6700929272310265,0.37956008615224707,0.0740545932393146,0.07439959362460129,0.010100715712025515,0.8602847900872805,0.06446623265145641,0.005637323989400973,0.0015366731828380222,61.47386169433594,52.5526123046875,50.86427307128906,36.71416635811209,25.56971414118276,24.971642764070328,63.96858215332031,57.8934326171875,64.94366455078125,50.55754999676267,40.62648767810154,35.91473548894153,0.13100179036457665,0.006067911783853857,0.00752766927083295,0.024968465169269562,0.12531026204426446,0.022099812825519708,0.0052083333333330685,0.011149088541666099,0.222737630208322,0.08174133300780834,0.02885437011718603,0.0,0.18734232584634464,0.12339782714843121,0.02213541666666554,0.0004577636718749767
C:\Users\Fakhri\OneDrive\Documents\SM 6\Prak PC\klasifikasi_jenis_kain_glcm_knn\dataset\Cotton\cotton_194.png,Cotton,11.094167876625653,6.740999054937092,2.321841359432757,0.7109890053774929,0.36909552496768255,0.081614852558725,0.08934523180663323,0.012012695133326612,0.8790128454608555,0.073315940471465,0.008126875290947274,0.002215819618128061,45.146240234375,52.33453369140625,58.02227783203125,25.856649460310614,27.254128150980176,28.9707650709135,102.61897277832031,59.58674621582031,58.04338073730469,5.83205397219997,14.311280762961013,28.952365998249444,0.00010681152343749457,2.03450520833323e-05,0.0001780192057291576,0.004755655924478924,0.3219757080077961,0.006261189778645515,3.0517578124998445e-05,5.086263020833075e-06,0.19775899251301077,0.1355743408203056,0.0,0.0,0.2282460530598842,0.09375508626301605,0.007954915364582928,0.0033772786458331613
C:\Users\Fakhri\OneDrive\Documents\SM 6\Prak PC\klasifikasi_jenis_kain_glcm_knn\dataset\Nylon\nylon_194.png,Nylon,25.890506351786218,15.234789793518006,3.6755970462526126,1.2424038004442826,0.2720950453805261,0.0837016121366551,0.07756591953994968,0.011212764888206,0.470722937083315,0.31099749915636504,0.006142197970516131,0.0017790256025862904,47.68559265136719,57.615875244140625,78.27702331542969,18.173058355623628,20.029816353179296,22.777737869111224,110.31561279296875,102.98245239257812,78.27702331542969,2.093844247056139,18.12537455003509,22.777737869111224,0.0,0.0,0.0,0.0,0.29083760579425605,0.04245503743489367,4.06901041666646e-05,0.0,0.004023234049478961,0.2943929036458183,0.03491719563801905,0.0,0.09298197428384943,0.22756449381509258,0.012781778971353516,5.086263020833075e-06
C:\Users\Fakhri\OneDrive\Documents\SM 6\Prak PC\klasifikasi_jenis_kain_glcm_knn\dataset\Denim\denim_196.png,Denim,55.87770129433883,30.01520950771505,5.64189273040726,1.678306855397923,0.17701480987583085,0.05164628273114865,0.035705769098742283,0.004793232121398347,0.7130279197360042,0.1541041804928194,0.001297877021102304,0.00035225004805659996,123.45730590820312,133.25045776367188,150.9537811279297,38.65006892739771,39.752282608272026,40.59685680138492,109.29563903808594,48.506927490234375,150.95384216308594,2.387843669141928,15.040466074363428,40.596830936399954,0.0,0.0,0.0,1.017252604166615e-05,0.3062133789062344,0.027094523111977787,5.086263020833075e-06,1.017252604166615e-05,0.2738291422525902,0.05950419108072614,0.0,0.0,0.0013834635416665963,0.10289001464843225,0.16825866699217892,0.06080118815103857
C:\Users\Fakhri\OneDrive\Documents\SM 6\Prak PC\klasifikasi_jenis_kain_glcm_knn\dataset\Wool\wool_091.png,Wool,11.874727087008798,4.890997659710668,2.2662973501235357,0.565094052952879,0.4205018845545398,0.07043148518403111,0.1332656769906471,0.016059719723502244,0.614498117457,0.15876517296591616,0.01801765526137292,0.004362490978773887,25.55841064453125,28.662979125976562,30.847213745117188,15.01092863807782,15.732838424586678,17.305826337752674,97.68771362304688,48.33030700683594,31.111984252929688,20.262019886337743,19.9399216836173,17.16682934375377,0.006378173828124676,0.0017445882161457446,0.007029215494791309,0.04580688476562267,0.22219848632811368,0.04751586914062258,0.002202351888020721,0.0004577636718749767,0.25785827636717434,0.07519531249999617,0.0002797444661458191,0.0,0.31496175130206727,0.018254597981769902,0.00011189778645832764,5.086263020833075e-06
C:\Users\Fakhri\OneDrive\Documents\SM 6\Prak PC\klasifikasi_jenis_kain_glcm_knn\dataset\Nylon\nylon_164.png,Nylon,6.450433303005416,3.933593187510689,1.8143079320471793,0.6082902790090814,0.4393183918116413,0.09452886349252798,0.10172848337405804,0.015562517971365214,0.8231404576074853,0.10796041914800482,0.010590876295195069,0.0032621241172922284,37.50395202636719,41.49983215332031,44.75520324707031,16.46057735743057,17.103568149039695,18.84124191601106,100.9398193359375,43.24676513671875,44.85737609863281,12.0163924135858,13.703453104485432,18.72225726481548,0.0015309651692707554,0.0003000895182291514,0.0021514892578123903,0.02198791503906138,0.28785196940102703,0.01927693684895735,0.00019327799479165682,4.06901041666646e-05,0.30480448404946364,0.028528849283852714,0.0,0.0,0.2747599283854027,0.05855305989583035,2.03450520833323e-05,0.0
C:\Users\Fakhri\OneDrive\Documents\SM 6\Prak PC\klasifikasi_jenis_kain_glcm_knn\dataset\Silk\silk_082.png,Silk,74.62209622941744,35.5885967081292,6.390112114040872,1.8287799026222031,0.17817314682766983,0.059571524861663915,0.04646291173137313,0.006958784762664442,0.4281973268278452,0.2719452304979672,0.002207226851930462,0.0006909709550443787,55.84619140625,74.65223693847656,74.99497985839844,28.6793303938964,34.235994498152685,33.77105312785386,90.57969665527344,78.90602111816406,78.68377685546875,11.031253972892392,20.145323991839287,35.04353515198378,1.017252604166615e-05,0.0,7.120768229166304e-05,0.17948913574217837,0.14877319335936742,0.004989624023437246,0.0,0.0,0.06811523437499653,0.26308186848956994,0.002136230468749891,0.0,0.1349589029947848,0.1623942057291584,0.03547159830728986,0.0005086263020833075
C:\Users\Fakhri\OneDrive\Documents\SM 6\Prak PC\klasifikasi_jenis_kain_glcm_knn\dataset\Cotton\cotton_196.png,Cotton,11.366450243261548,6.95201653300472,2.354850634856886,0.7385352948827899,0.3706849684487232,0.08222307574196566,0.08177972324580145,0.011646711454636603,0.8742783767926855,0.07671750412465504,0.006823569021867441,0.0019628181113196743,45.20947265625,50.106292724609375,55.74212646484375,26.03795973728553,26.82757658511451,29.196857904438087,104.82997131347656,50.9007568359375,55.77781677246094,9.957159493654848,15.16006844339594,29.156866962739755,0.001083374023437445,0.00026448567708331987,0.0007425944010416289,0.007202148437499633,0.28965759277342273,0.03376261393228995,0.0004628499348958098,0.0001576741536458253,0.26796976725259053,0.06535847981770501,5.086263020833075e-06,0.0,0.21756490071613477,0.10680135091145289,0.006718953450520491,0.002248128255208219
C:\Users\Fakhri\OneDrive\Documents\SM 6\Prak PC\klasifikasi_jenis_kain_glcm_knn\dataset\Silk\silk_097.png,Silk,14.667701566017863,7.585140513498782,2.6752293070903304,0.760311650847389,0.34732859538376265,0.07379977040628329,0.06223532735250465,0.008484250140883715,0.9065203126602076,0.04831998978440742,0.003945218471126498,0.001084353186396554,69.74958801269531,86.325439453125,89.58843994140625,27.71231282735063,41.063282027991825,33.90497130949568,101.32304382324219,72.60704040527344,96.4420166015625,29.13098026531617,32.830255406237555,37.99324330202867,0.0043029785156247806,0.0007476806640624619,0.0009816487630207834,0.1357269287109306,0.08822123209634967,0.061452229817705206,0.0215911865234364,0.020309448242186466,0.08853658040364132,0.235473632812488,0.009323120117187025,0.0,0.06360880533853842,0.19925944010415653,0.06732177734374657,0.00314331054687484
C:\Users\Fakhri\OneDrive\Documents\SM 6\Prak PC\klasifikasi_jenis_kain_glcm_knn\dataset\Silk\silk_154.png,Silk,45.612458178316025,18.53826453057464,4.660912078961965,1.105484097635904,0.24725993266566706,0.05329655394222035,0.0504658345263192,0.006361968801388945,0.7373856130479388,0.10695567451895721,0.0025872751014676767,0.0006623133591808499,171.86927795410156,166.15087890625,119.86758422851562,33.87816446971764,38.1749884623502,42.695998839433756,27.157699584960938,82.43782043457031,172.22726440429688,2.803945254515004,26.768196154263908,34.51310660672969,0.002136230468749891,0.3311869303385248,1.017252604166615e-05,0.0,0.0,0.0,0.0,0.0,0.08863321940103715,0.24394226074217507,0.000757853190104128,0.0,0.0,0.01191202799479106,0.22696431477863427,0.09445699055989103
C:\Users\Fakhri\OneDrive\Documents\SM 6\Prak PC\klasifikasi_jenis_kain_glcm_knn\dataset\Wool\wool_016.png,Wool,5.443613197790548,2.8688086630494127,1.6205123248402165,0.4809381202299654,0.47839154671730116,0.08336220060491839,0.11047272364650285,0.014441805053603202,0.8737779719674362,0.06659280880068295,0.012412788403082865,0.003239333133996463,37.872222900390625,42.44831848144531,50.24476623535156,17.521356246631644,18.52095163141521,21.875977484021487,108.10826110839844,64.18096923828125,50.26649475097656,8.755633377198738,17.069667869350948,21.845511887000974,0.0005696614583333043,9.663899739582841e-05,0.0004018147786458129,0.004277547200520615,0.2501932779947789,0.07672627766926693,0.0009765624999999502,9.155273437499534e-05,0.1624552408854084,0.17081705729165797,6.103515624999689e-05,0.0,0.24655151367186245,0.08647664388020393,0.00030517578124998444,0.0
C:\Users\Fakhri\OneDrive\Documents\SM 6\Prak PC\klasifikasi_jenis_kain_glcm_knn\dataset\Cotton\cotton_055.png,Cotton,27.615271923849093,18.78953412587382,3.920050940498129,1.4838201341530692,0.2449150134650728,0.08610749713284978,0.0465742202308374,0.008362985573325793,0.7988874788481651,0.13692748085984927,0.0022390975178101986,0.0008086421901521566,164.76882934570312,164.62109375,153.68191528320312,31.337452283115777,33.69347819715948,35.105637440729424,32.413238525390625,20.637680053710938,166.08389282226562,10.57026968003338,10.90953296145219,32.487003663962156,0.04241943359374784,0.24709574381509158,0.04038492838541461,0.0032501220703123343,0.000137329101562493,1.5258789062499222e-05,1.017252604166615e-05,2.03450520833323e-05,0.3329976399739414,0.0003356933593749829,0.0,0.0,0.0,0.04237874348958118,0.21096293131509342,0.07999165852864176
C:\Users\Fakhri\OneDrive\Documents\SM 6\Prak PC\klasifikasi_jenis_kain_glcm_knn\dataset\Cotton\cotton_051.png,Cotton,7.372599679286318,4.717538273617625,1.953346570922423,0.6890068854241783,0.41817836347099574,0.10008162304366267,0.08908761148974158,0.014611225079123056,0.8926665615642145,0.06874097619500598,0.008150090419259928,0.002717416297697104,218.17431640625,223.79713439941406,209.14947509765625,22.715563056033226,23.15405095023927,27.58291160596829,44.900421142578125,17.477798461914062,223.79812622070312,9.109202591013293,8.923171028992938,23.151554251532424,0.0,0.1874338785807196,0.13683064778645138,0.009063720703124539,5.086263020833075e-06,0.0,0.0,0.0,0.3333282470702955,5.086263020833075e-06,0.0,0.0,0.0,0.0,0.036534627278643976,0.2967987060546724
C:\Users\Fakhri\OneDrive\Documents\SM 6\Prak PC\klasifikasi_jenis_kain_glcm_knn\dataset\Cotton\cotton_016.png,Cotton,3.842837982601932,2.5170386140109833,1.3751955245680634,0.5021728107740808,0.5168297601849906,0.1046481680283161,0.15031478278275778,0.022477154119171342,0.7706481132289915,0.15032740421676322,0.023099756380324632,0.006996701146307931,22.941787719726562,25.922531127929688,28.096435546875,10.9162187775626,11.553504003135055,13.635222369014977,97.2135009765625,49.51182556152344,28.365951538085938,20.58207191170777,19.160790889709023,13.391235983870022,0.006571451822916332,0.0016784667968749146,0.0084889729817704,0.04863484700520586,0.21842447916665556,0.04758707682291424,0.00157165527343742,0.0003763834635416475,0.2617238362630075,0.07066853841145473,0.0009409586588541187,0.0,0.32885742187498324,0.004475911458333106,0.0,0.0
C:\Users\Fakhri\OneDrive\Documents\SM 6\Prak PC\klasifikasi_jenis_kain_glcm_knn\dataset\Denim\denim_134.png,Denim,54.85990971930743,37.21072256793558,5.344276010843277,1.9936320268849101,0.20265906472873496,0.0659312410804084,0.03463595207165867,0.005874191474068334,0.8220417820741909,0.12059848968794484,0.0012341553013842535,0.00041507110403492974,105.86354064941406,114.79776000976562,122.75559997558594,48.170551355423385,50.1542359151926,50.59295686773243,103.80026245117188,39.44972229003906,122.75994873046875,4.469271432588385,15.723725378504573,50.59008874032793,5.086263020833075e-06,0.0,1.5258789062499222e-05,0.0010528564453124464,0.32636515299477503,0.005884806315103867,1.017252604166615e-05,0.0,0.301106770833318,0.03222656249999836,0.0,0.0,0.04234313964843534,0.144063313802076,0.10775756835936952,0.03916931152343551
C:\Users\Fakhri\OneDrive\Documents\SM 6\Prak PC\klasifikasi_jenis_kain_glcm_knn\dataset\Wool\wool_174.png,Wool,16.187866797132305,11.504111953058105,2.877339980652502,1.1322206907880643,0.3244461480486604,0.10447450887353317,0.06538000077805076,0.01300320410115374,0.800751978909633,0.14150305696473278,0.004443627818634179,0.0018640323397485033,187.1890411376953,195.223388671875,199.3346710205078,24.59741927136598,25.739486648741288,26.762226671858507,98.56039428710938,15.569061279296875,199.46095275878906,7.637469951276211,4.653505359564847,26.61566889141322,0.00018819173177082375,0.00025431315104165373,0.0014495849609374263,0.022343953450519694,0.3077646891275885,0.0013173421223957663,1.5258789062499222e-05,0.0,0.3333333333333164,0.0,0.0,0.0,0.0,0.0019327799479165683,0.11818949381509815,0.21321105957030165
C:\Users\Fakhri\OneDrive\Documents\SM 6\Prak PC\klasifikasi_jenis_kain_glcm_knn\dataset\Cotton\cotton_044.png,Cotton,12.352364613738635,8.786121090957487,2.5863796273488084,1.0091496532910345,0.3383501117301911,0.1088381419200797,0.0689092430398983,0.013451643388414576,0.8598001483450318,0.09997708580144084,0.00492943048618085,0.002043252339553817,203.9171600341797,215.09556579589844,199.54373168945312,26.687590126592305,26.05923652879645,29.73082074279875,53.92060852050781,19.689498901367188,215.0956573486328,7.797755545573003,8.630281562264805,26.059082780299605,0.0,0.022542317708332184,0.28847249348956866,0.022293090820311365,2.543131510416537e-05,0.0,0.0,0.0,0.3333282470702955,5.086263020833075e-06,0.0,0.0,0.0,8.13802083333292e-05,0.0649871826171842,0.26826477050779884
C:\Users\Fakhri\OneDrive\Documents\SM 6\Prak PC\klasifikasi_jenis_kain_glcm_knn\dataset\Cotton\cotton_150.png,Cotton,12.425600417645816,6.36965299227115,2.608704810028887,0.7413821485212077,0.33038928614503715,0.08050364302468654,0.09134288699639032,0.012020964616369733,0.5506385436946621,0.2301747395523857,0.008488026595143345,0.002390433866629409,124.85978698730469,61.30857849121094,67.99214172363281,18.434497480727238,13.337340550942505,15.367189959018589,168.6480255126953,130.8427734375,124.85978698730469,36.84162618546895,12.079908666139128,18.434497480727238,0.015207926432290892,0.0,0.0,0.0,0.0,0.0,0.0,0.3181254069010255,0.0,0.12585957845051443,0.20747375488280193,0.0,0.0,0.18971252441405284,0.14337666829426354,0.00024414062499998756
C:\Users\Fakhri\OneDrive\Documents\SM 6\Prak PC\klasifikasi_jenis_kain_glcm_knn\dataset\Denim\denim_009.png,Denim,17.32576777152349,9.418606447827747,2.998700495488892,0.8950191469130088,0.3116678185658692,0.0744724817573376,0.07887784099645166,0.009989157767122621,0.6655916232231356,0.18147423515520159,0.006321497073157975,0.0016167239734815328,39.43415832519531,48.718597412109375,62.6746826171875,18.442861166560725,20.795419413628213,23.315171724979503,108.08761596679688,98.66184997558594,62.674713134765625,2.8073545301559704,20.381210881048496,23.315112595048888,0.0,0.0,0.0,1.017252604166615e-05,0.3137410481770674,0.019582112630207336,0.0,0.0,0.01732381184895745,0.2916768391926935,0.02433268229166543,0.0,0.19264729817707352,0.1357116699218681,0.004964192708333081,1.017252604166615e-05
C:\Users\Fakhri\OneDrive\Documents\SM 6\Prak PC\klasifikasi_jenis_kain_glcm_knn\dataset\Denim\denim_141.png,Denim,50.23409139622299,37.36967768328969,5.157458972106062,2.070817623443449,0.20167362303878741,0.0787952463065119,0.035570147374942566,0.006860289636307368,0.8087310481152215,0.1421629869821817,0.0013122989581691603,0.0005321376308379274,125.32585144042969,135.43649291992188,148.1034393310547,44.96796182819228,46.22177329693433,45.856224568473635,106.61482238769531,42.706787109375,148.1034698486328,2.8660642637955314,15.24167974966658,45.85619255535262,0.0,0.0,0.0,5.086263020833075e-06,0.32701619466144166,0.006312052408853845,0.0,0.0,0.2969665527343599,0.03636678059895648,0.0,0.0,0.004572550455728934,0.11726888020832736,0.1400655110677012,0.07142639160155886
C:\Users\Fakhri\OneDrive\Documents\SM 6\Prak PC\klasifikasi_jenis_kain_glcm_knn\dataset\Denim\denim_173.png,Denim,12.199417197123013,6.751053767866648,2.4273068189769305,0.7526888574987662,0.3786617242023849,0.08275363844810485,0.1056986330181554,0.014309379816234157,0.6798477024945799,0.17733567407709752,0.011376959372631936,0.0030781433967803926,29.709243774414062,37.68141174316406,47.170806884765625,15.728958189723631,17.742144152686322,20.733083420059515,105.68428039550781,97.27906799316406,47.1771240234375,4.445347590315308,21.84205217014235,20.725704058510203,3.0517578124998445e-05,0.0,3.560384114583152e-05,0.0014190673828124278,0.32412211100258764,0.007720947265624607,5.086263020833075e-06,0.0,0.025985717773436178,0.2835744222005064,0.02377319335937379,0.0,0.2688903808593613,0.06345621744791344,0.0009867350260416164,0.0
C:\Users\Fakhri\OneDrive\Documents\SM 6\Prak PC\klasifikasi_jenis_kain_glcm_knn\dataset\Wool\wool_036.png,Wool,4.208132387388358,1.5027334958038447,1.310053862037713,0.28411262995067366,0.552862698882513,0.06214723825444756,0.177126387471184,0.016722279592586053,0.7223844196271855,0.09944391361766274,0.031653391773364625,0.006054110989996305,26.331649780273438,28.627212524414062,30.002792358398438,10.661515687194159,10.968814985154578,12.484556187687724,93.26202392578125,36.89192199707031,30.5286865234375,29.2042829860587,17.410878625495272,12.189442997497157,0.014551798502603425,0.007293701171874629,0.020375569661457295,0.05604553222655965,0.16128540039061678,0.06399027506510091,0.007339477539062126,0.0024515787760415416,0.30769348144529685,0.025619506835936195,2.03450520833323e-05,0.0,0.3281504313150875,0.005167643229166403,1.5258789062499222e-05,0.0
C:\Users\Fakhri\OneDrive\Documents\SM 6\Prak PC\klasifikasi_jenis_kain_glcm_knn\dataset\Denim\denim_146.png,Denim,50.14056175291778,34.18688675759515,5.0772592171057935,1.8798324239189366,0.21419588492146804,0.07217176058969776,0.04391473383796324,0.00742948977186577,0.7353357630297411,0.18020150964059,0.0019837011663294117,0.0006956551115779148,80.63070678710938,89.53724670410156,104.28427124023438,36.68725135955813,39.490640247096415,41.77098534241309,108.93699645996094,61.34700012207031,104.28443908691406,3.465455524800778,18.685410345712437,41.77087479340051,5.086263020833075e-06,0.0,0.0,4.577636718749767e-05,0.28772481282550616,0.04554748535156018,5.086263020833075e-06,5.086263020833075e-06,0.17957051595051168,0.15374755859374217,1.5258789062499222e-05,0.0,0.054946899414059704,0.18911743164061537,0.0764770507812461,0.012791951497395182
C:\Users\Fakhri\OneDrive\Documents\SM 6\Prak PC\klasifikasi_jenis_kain_glcm_knn\dataset\Nylon\nylon_018.png,Nylon,18.25187743505497,7.696138473727427,3.2488228674871027,0.7765342816019352,0.276473765184125,0.05973925180279524,0.07162043665384644,0.007387194028482054,0.5971165046904273,0.16965830551027306,0.005184057582102069,0.001082307046769295,59.42137145996094,67.55137634277344,73.41200256347656,17.9418679806343,19.229321365260244,20.815731686639445,102.14657592773438,49.75616455078125,73.42158508300781,4.582505755944904,10.975133017963179,20.80932337285886,5.086263020833075e-06,0.0,5.086263020833075e-06,0.0022888183593748833,0.32916768391925405,0.0018666585286457383,0.0,0.0,0.29526774088540164,0.03806559244791473,0.0,0.0,0.12264506022134793,0.20799763997394774,0.0026906331380206964,0.0
C:\Users\Fakhri\OneDrive\Documents\SM 6\Prak PC\klasifikasi_jenis_kain_glcm_knn\dataset\Nylon\nylon_061.png,Nylon,2.457675550597935,0.7459270270065288,1.0536065410657238,0.18365201948788237,0.5889350078925876,0.05034597229723028,0.09726768619410266,0.007961128153457628,0.9718902227242295,0.00858960659087075,0.009524382339030203,0.001581527613772443,178.11131286621094,113.49362182617188,115.28129577636719,28.900660611591828,25.556295249825936,26.986172932555604,96.52793884277344,94.90544128417969,178.11131286621094,88.41376572910384,12.886447606523133,28.900660611591828,0.15301005045572139,0.0,0.0,0.0,0.0,0.0,0.0,0.180323282877595,0.007069905598957973,0.3262329101562334,3.0517578124998445e-05,0.0,0.0,0.012440999348957699,0.19293721516926102,0.12795511881509766
C:\Users\Fakhri\OneDrive\Documents\SM 6\Prak PC\klasifikasi_jenis_kain_glcm_knn\dataset\Nylon\nylon_043.png,Nylon,20.349767542378345,12.022671156951246,3.372953117928777,1.096473304709968,0.27248557610286045,0.07821382852309769,0.06313059648890852,0.00928655684889787,0.6621498325991834,0.19941647925412853,0.0040717123511532,0.001230026404271848,73.83811950683594,110.12544250488281,139.0778350830078,17.926528865393482,23.20232063302235,26.65375007832374,103.32365417480469,120.72056579589844,139.0778350830078,1.123995667813853,11.736410989608597,26.65375007832374,0.0,0.0,0.0,0.0,0.3333333333333164,0.0,0.0,0.0,5.594889322916382e-05,0.24261474609373765,0.09066263834634955,0.0,3.560384114583152e-05,0.1133219401041609,0.21402486165363493,0.005950927734374697
C:\Users\Fakhri\OneDrive\Documents\SM 6\Prak PC\klasifikasi_jenis_kain_glcm_knn\dataset\Silk\silk_055.png,Silk,41.15138820439176,16.23006949396076,4.784218998603411,1.1681754036747027,0.21029077165164942,0.0629837012692385,0.05662050141948032,0.0069884605916946466,0.39929176178573544,0.2363028475171764,0.003254719762435043,0.0008859665521144743,116.18820190429688,61.321990966796875,67.03919982910156,27.076543947520214,22.108211150687666,22.96756424169952,168.75987243652344,123.78001403808594,116.18820190429688,36.45208147228949,20.62595192759602,27.076543947520214,0.014897664388020074,0.0,0.0,0.0,0.0,0.0,0.0,0.3184356689452963,0.0025380452473957042,0.18810017903644877,0.1426951090494719,0.0,0.0005645751953124713,0.22436523437498856,0.10596211751301544,0.0024414062499998755
C:\Users\Fakhri\OneDrive\Documents\SM 6\Prak PC\klasifikasi_jenis_kain_glcm_knn\dataset\Wool\wool_076.png,Wool,13.167042031408537,6.90339310190813,2.609760864765495,0.7622562425550511,0.34025562665972525,0.0783099069830832,0.06368523507418591,0.009265580643536086,0.8645993650487411,0.07103038757429032,0.004141660151116192,0.0012195133799145004,72.68937683105469,83.89996337890625,104.58497619628906,25.380873621520696,28.150638314212262,34.105836906269985,109.29496765136719,78.60792541503906,104.58500671386719,2.36235125145116,15.512422883794505,34.105817592216596,0.0,0.0,0.0,1.017252604166615e-05,0.3106079101562342,0.02271525065104051,0.0,0.0,0.05158487955728904,0.281422932942694,0.0003255208333333168,0.0,0.03665161132812313,0.21296691894530165,0.08116149902343336,0.0025533040364582034
C:\Users\Fakhri\OneDrive\Documents\SM 6\Prak PC\klasifikasi_jenis_kain_glcm_knn\dataset\Nylon\nylon_162.png,Nylon,6.607036303408161,3.9099390336549167,1.8375609497595826,0.6044089251271041,0.4376238222017586,0.09281423472111767,0.10868733850801339,0.016266876005803774,0.7754467063762519,0.13282458088859375,0.012077548806943686,0.003617776846070676,35.8646240234375,41.79273986816406,44.67474365234375,14.403404206627716,15.51342280130237,16.972459289211283,98.09492492675781,52.09812927246094,44.7874755859375,8.147162599532864,12.957009422697903,16.857319459503504,0.00025431315104165373,7.629394531249611e-05,0.0006357828776041343,0.025822957356769517,0.3043212890624845,0.002197265624999888,2.543131510416537e-05,0.0,0.26511637369790314,0.06821695963541319,0.0,0.0,0.2814483642577982,0.05188496907551819,0.0,0.0
C:\Users\Fakhri\OneDrive\Documents\SM 6\Prak PC\klasifikasi_jenis_kain_glcm_knn\dataset\Nylon\nylon_174.png,Nylon,11.274728208072483,6.785526490595938,2.5051033499930573,0.8145994630956047,0.3424132607311808,0.08638643750373325,0.08647501703138966,0.01231086428472064,0.6821685329451848,0.19142956677184508,0.007629485950015943,0.0022257938499883087,91.4180908203125,45.582672119140625,51.53749084472656,18.483259849010633,16.038268140885727,18.220981838341334,172.2574920654297,131.3471221923828,91.4180908203125,25.348177204829433,22.07344568373975,18.483259849010633,0.007049560546874641,0.0,0.0,0.0,0.0,0.0,0.0,0.3262837727864417,2.03450520833323e-05,0.1554565429687421,0.17785644531249095,0.0,0.019363403320311515,0.3029988606770679,0.010971069335936941,0.0
C:\Users\Fakhri\OneDrive\Documents\SM 6\Prak PC\klasifikasi_jenis_kain_glcm_knn\dataset\Silk\silk_119.png,Silk,28.459138235018443,16.057538108462666,3.4214023326268763,1.0953943322470452,0.34957629863184186,0.07357114712421911,0.05089673891399562,0.0073757650027909604,0.9468487136705392,0.02992416876416143,0.0026448799414558314,0.0007664938185560006,154.262939453125,153.78077697753906,161.4461669921875,63.96358825429883,66.29564173296049,65.2689590769549,114.50349426269531,25.021224975585938,162.42234802246094,24.983302895763348,16.04196456219982,65.06570597637344,0.0003763834635416475,0.0001983642578124899,0.00825500488281208,0.017150878906249126,0.19634501139321917,0.02657063802083198,0.059260050455726146,0.025177001953123716,0.32482401529946264,0.008509318033853734,0.0,0.0,0.04342142740885196,0.04329427083333113,0.12454732259113949,0.12207031249999378
C:\Users\Fakhri\OneDrive\Documents\SM 6\Prak PC\klasifikasi_jenis_kain_glcm_knn\dataset\Nylon\nylon_052.png,Nylon,3.1837256901441653,1.3044157786479738,1.1895060135542952,0.2660263253663843,0.5743215368400919,0.055362432708241635,0.18609687715981205,0.008065340795023468,0.9800382949542458,0.008210065753167503,0.034697097410774064,0.003036201347184117,214.34866333007812,216.997802734375,178.69883728027344,33.90438616413102,35.10086081198489,46.458639631450524,33.44459533691406,48.41142272949219,217.1282958984375,4.072450302445256,23.54391007098415,34.91102566895088,0.0,0.3233693440755044,0.009963989257811993,0.0,0.0,0.0,0.0,0.0,0.22545369466144685,0.1078796386718695,0.0,0.0,0.0,0.00036112467447914825,0.08853658040364132,0.24443562825519588
C:\Users\Fakhri\OneDrive\Documents\SM 6\Prak PC\klasifikasi_jenis_kain_glcm_knn\dataset\Cotton\cotton_024.png,Cotton,2.540980654649517,1.552340274798344,0.9568419991768984,0.33271415276500277,0.650290407957559,0.07803009854856065,0.26237172495059885,0.016169018477707492,0.9622116496057798,0.023126069129391427,0.06910035921208513,0.008440923388366824,229.39443969726562,233.8555450439453,236.08953857421875,23.542156873033296,23.498525839493404,20.139418309758742,89.30030822753906,8.72222900390625,237.2705535888672,20.82506345073277,5.06592503374825,21.01414515235755,3.0517578124998445e-05,5.086263020833075e-06,0.09585571289062012,0.03420511881510242,0.18888854980467787,0.014297485351561771,4.577636718749767e-05,5.086263020833075e-06,0.3333333333333164,0.0,0.0,0.0,0.0,0.0,0.01480611165364508,0.3185272216796713
C:\Users\Fakhri\OneDrive\Documents\SM 6\Prak PC\klasifikasi_jenis_kain_glcm_knn\dataset\Wool\wool_052.png,Wool,11.520234616910377,5.797461562680445,2.490804708437569,0.7055273499008,0.34924992827733425,0.07874936711989523,0.08517020437662533,0.01131172984037376,0.673180850253912,0.16455071276549055,0.007381918945537732,0.0020185430389548726,42.93147277832031,46.720672607421875,50.50007629394531,16.21753971553658,16.79876471597255,18.51868793875457,102.68836975097656,39.96820068359375,50.63676452636719,15.358652036354522,15.35416034904479,18.391009223782998,0.0026957194010415295,0.0011189778645832764,0.0032755533854165,0.020823160807290606,0.24865722656248734,0.05410257975260141,0.002237955729166553,0.00042215983072914516,0.3091990152994634,0.024129231770832104,5.086263020833075e-06,0.0,0.2506357828775914,0.08251444498697497,0.0001780192057291576,5.086263020833075e-06
C:\Users\Fakhri\OneDrive\Documents\SM 6\Prak PC\klasifikasi_jenis_kain_glcm_knn\dataset\Denim\denim_161.png,Denim,29.242877127972182,17.65552544507733,3.932027300270828,1.2676207802642567,0.2496159543854346,0.0678273988852772,0.04555308943372039,0.006689467192675762,0.832348634153464,0.10116518591488108,0.002119832928278414,0.0006239930485265363,86.97059631347656,97.41946411132812,110.14094543457031,35.88007647690958,37.799671953084435,38.99194860971811,106.42100524902344,57.89601135253906,110.14105224609375,2.773154266386478,17.088838058513346,38.99181810538739,0.0,0.0,0.0,3.0517578124998445e-05,0.3286997477213374,0.004603068033853932,0.0,0.0,0.21913655598957218,0.11415608723957751,4.06901041666646e-05,0.0,0.0373840332031231,0.18723551432290714,0.10079447428384904,0.007919311523437098
C:\Users\Fakhri\OneDrive\Documents\SM 6\Prak PC\klasifikasi_jenis_kain_glcm_knn\dataset\Silk\silk_090.png,Silk,30.158796421503087,14.021359611852207,3.294514961613866,0.8995152719308206,0.39452779521481557,0.0655790504293059,0.1257761502035549,0.01373510120930493,0.7091523570051584,0.1353047491684733,0.01600829296525705,0.0035184093137330037,67.88278198242188,36.92608642578125,40.92640686035156,36.99383483889998,25.38540930881618,27.977416620658044,149.51905822753906,121.91256713867188,67.91032409667969,61.33926180187674,33.23317964434516,36.98720184336209,0.0483652750651017,7.629394531249611e-05,1.017252604166615e-05,2.03450520833323e-05,0.0002695719401041529,0.0010732014973957786,0.002929687499999851,0.28058878580727736,0.021697998046873897,0.14101155598957615,0.1706237792968663,0.0,0.20057169596353144,0.10236612955728645,0.027450561523436102,0.00294494628906235
C:\Users\Fakhri\OneDrive\Documents\SM 6\Prak PC\klasifikasi_jenis_kain_glcm_knn\dataset\Denim\denim_138.png,Denim,49.43625679507654,35.6822893571166,5.1362748450661515,2.0058545353616433,0.2020885070649847,0.08032641212731728,0.03599450603869072,0.00695655735051579,0.8011208613611954,0.14344545895846617,0.001343998155140358,0.0005500265127880125,124.03581237792969,134.5087127685547,148.0608367919922,43.86684051865555,44.96011127893635,44.50549221544536,106.82119750976562,44.90852355957031,148.06088256835938,2.7092168317358776,15.547424907206304,44.50545666767495,0.0,0.0,0.0,1.017252604166615e-05,0.3278045654296708,0.005518595377603886,0.0,0.0,0.2887471516926936,0.04458618164062273,0.0,0.0,0.003265380859374834,0.11609903971353576,0.14699300130207585,0.06697591145832993
C:\Users\Fakhri\OneDrive\Documents\SM 6\Prak PC\klasifikasi_jenis_kain_glcm_knn\dataset\Denim\denim_015.png,Denim,9.017578795554948,4.868293808927727,1.9569439505824426,0.5971732974735077,0.44869805430792004,0.08473388196895704,0.1318831726250957,0.017691165436414268,0.754581523563289,0.13225543906931092,0.01770614855615937,0.0047286103854640585,26.579605102539062,31.327789306640625,37.19309997558594,15.445742586643721,17.39450731513849,20.168182226906367,105.37075805664062,73.15022277832031,37.23106384277344,10.649815432056725,20.876507205770235,20.131934825246596,0.0012613932291666023,0.0001576741536458253,0.000752766927083295,0.008331298828124575,0.2768605550130067,0.04523213704426853,0.0006663004557291327,7.120768229166304e-05,0.09834798177082832,0.23388163248696725,0.001103719075520777,0.0,0.301625569661443,0.030237833658852627,0.0013885498046874293,8.13802083333292e-05
C:\Users\Fakhri\OneDrive\Documents\SM 6\Prak PC\klasifikasi_jenis_kain_glcm_knn\dataset\Silk\silk_124.png,Silk,30.85656987075824,16.12353049649296,3.625855149709794,1.1142973422299813,0.3298095935180169,0.07341524755773175,0.05735159539694859,0.010140721606711742,0.9120472613320153,0.04618305277805418,0.0033920397292801253,0.0011829567743763456,178.30401611328125,169.67544555664062,179.6024627685547,50.136886105634794,55.35831308177729,52.218711422876936,125.00885009765625,22.310546875,181.85952758789062,35.67810787290237,16.031668674288955,50.99913634691675,0.005289713541666397,0.0024820963541665403,0.019256591796874018,0.015838623046874195,0.0851491292317665,0.02627563476562366,0.12082926432291051,0.05821228027343454,0.33245340983071225,0.0008799235026041219,0.0,0.0,0.010101318359374485,0.03226725260416503,0.14910380045572158,0.14186096191405528
C:\Users\Fakhri\OneDrive\Documents\SM 6\Prak PC\klasifikasi_jenis_kain_glcm_knn\dataset\Silk\silk_143.png,Silk,45.10534373470003,22.08179714626097,4.550775202566521,1.2902274903238278,0.2716344414410767,0.06030812839958724,0.056579805184540984,0.007541027847516898,0.7652841914703045,0.11486742128555143,0.003258141455717637,0.0008846816158407057,64.93821716308594,90.89329528808594,79.702880859375,35.46595503712763,40.898905130684824,40.72138889966115,76.55223083496094,81.00267028808594,90.89736938476562,3.947143784943729,22.38571048153029,40.90543228049257,0.0,0.0,0.0030517578124998447,0.32941691080727487,0.0008646647135416226,0.0,0.0,0.0,0.07872009277343349,0.2515869140624872,0.003026326497395679,0.0,0.10722351074218205,0.1581522623697836,0.06324259440103845,0.00471496582031226
C:\Users\Fakhri\OneDrive\Documents\SM 6\Prak PC\klasifikasi_jenis_kain_glcm_knn\dataset\Cotton\cotton_059.png,Cotton,23.54470912984159,14.880250502667904,3.653538942445532,1.2756132928574242,0.25165419745687934,0.08064731516663472,0.04694032417538377,0.007857062848064866,0.8424396560446475,0.09957774844466755,0.0022651274702885586,0.0007632990443893116,161.6407928466797,161.4578857421875,150.51272583007812,33.035379784590475,35.03794760381559,36.30521610218371,32.37055969238281,20.982772827148438,162.86643981933594,10.520954808364936,10.893598801604654,34.023849189301835,0.03781636555989391,0.25384012858071625,0.03757222493489392,0.0037841796874998074,0.0002797444661458191,2.03450520833323e-05,5.086263020833075e-06,1.5258789062499222e-05,0.3331553141275872,0.0001780192057291576,0.0,0.0,0.0,0.05786641438801789,0.1975046793619691,0.07796223958332936
C:\Users\Fakhri\OneDrive\Documents\SM 6\Prak PC\klasifikasi_jenis_kain_glcm_knn\dataset\Cotton\cotton_174.png,Cotton,3.2216762428744072,1.8696794850504033,1.2217234703372297,0.4098369547143041,0.5549745434880003,0.09541344356413248,0.19012892857046218,0.025478513468308393,0.6349937577617775,0.21166995474382425,0.03679816412790668,0.009836586207994363,17.942581176757812,22.310211181640625,23.949935913085938,7.144975396426858,8.654468918148993,10.108776320571062,94.95204162597656,64.70095825195312,24.21893310546875,15.074936042925527,19.124026356680762,9.888138346789637,0.0032755533854165,0.0005950927734374698,0.0046895345052080945,0.05646769205728879,0.25322469075519544,0.014495849609374261,0.0004577636718749767,0.00012715657552082686,0.14039103190103452,0.1925964355468652,0.00034586588541664907,0.0,0.3329111735025872,0.00042215983072914516,0.0,0.0
C:\Users\Fakhri\OneDrive\Documents\SM 6\Prak PC\klasifikasi_jenis_kain_glcm_knn\dataset\Nylon\nylon_093.png,Nylon,4.683762685735453,3.103145934914525,1.6075432344037452,0.5937871604269509,0.4521966195266735,0.1129290276307535,0.12380478496677134,0.018853652195661375,0.7221348641827459,0.18398988356766058,0.015683084981783463,0.004769226576644212,36.033477783203125,43.62300109863281,50.262603759765625,10.608347006517464,11.769114745454022,12.947422568957556,103.7833251953125,73.50958251953125,50.26385498046875,3.443631821887578,11.441380231983352,12.944629666000756,0.0,0.0,0.0,0.0003306070963541498,0.33178202311196225,0.0012207031249999378,0.0,0.0,0.06653849283853829,0.2667948404947781,0.0,0.0,0.28224690755206894,0.0510864257812474,0.0,0.0
C:\Users\Fakhri\OneDrive\Documents\SM 6\Prak PC\klasifikasi_jenis_kain_glcm_knn\dataset\Cotton\cotton_012.png,Cotton,3.554541389302862,2.286249859314643,1.3192324571837446,0.4786907949370119,0.527554568221211,0.10448387332051394,0.1557344269799474,0.023043320766003433,0.7725450801980133,0.1463583740116463,0.024784206378697504,0.00733191529660002,22.175079345703125,25.056900024414062,27.143524169921875,10.523560123916836,11.16658174686974,13.132939151382006,97.11924743652344,49.46403503417969,27.4127197265625,21.048811753057496,19.29656709593394,12.87894164957834,0.0070037841796871435,0.0018717447916665713,0.008687337239582892,0.048151652018226715,0.21627298990884317,0.049209594726559995,0.0018056233723957413,0.0003306070963541498,0.26041158040363255,0.07207234700520466,0.0008494059244791234,0.0,0.3312174479166498,0.002115885416666559,0.0,0.0
C:\Users\Fakhri\OneDrive\Documents\SM 6\Prak PC\klasifikasi_jenis_kain_glcm_knn\dataset\Cotton\cotton_039.png,Cotton,8.665603155637207,5.28664492952299,2.1974141143889727,0.7521956724697784,0.3709250483566613,0.09939987299477004,0.07223786701182212,0.011889365886565171,0.8827222682864613,0.07163195102695781,0.005359666451602318,0.001769675773236019,195.25637817382812,207.82669067382812,189.77462768554688,24.038487515807443,24.07365228087273,26.836353495588444,52.31169128417969,23.01824951171875,207.82669067382812,5.976159200721523,8.015326289649147,24.07365228087273,0.0,0.01922098795572819,0.30817159016925516,0.005940755208333031,0.0,0.0,0.0,0.0,0.3333333333333164,0.0,0.0,0.0,0.0,0.0,0.08511352539062067,0.24821980794269569
C:\Users\Fakhri\OneDrive\Documents\SM 6\Prak PC\klasifikasi_jenis_kain_glcm_knn\dataset\Denim\denim_162.png,Denim,40.245902919726994,27.67459139097825,4.56483720985713,1.653826590144089,0.22866198598362444,0.06844343417788724,0.04081622904200637,0.00640825830243851,0.8472729658354067,0.10493502124953333,0.0017070303276802963,0.0005377296182969388,96.96835327148438,107.89411926269531,121.07876586914062,44.20604395298808,46.4526408703892,47.51257565893018,106.27815246582031,55.6446533203125,121.07890319824219,2.984141226069113,17.216953938114518,47.51251489373524,0.0,0.0,0.0,3.560384114583152e-05,0.32879638671873324,0.004496256510416438,5.086263020833075e-06,0.0,0.22374979654946778,0.10958353678384859,0.0,0.0,0.03213500976562336,0.16395060221353333,0.10407002766926553,0.03317769368489414
C:\Users\Fakhri\OneDrive\Documents\SM 6\Prak PC\klasifikasi_jenis_kain_glcm_knn\dataset\Denim\denim_152.png,Denim,53.587228773302435,37.11673058239132,5.218400569387004,1.8980799305441651,0.21236572966041897,0.06336093574351309,0.04352133963204852,0.0068497876909367535,0.7669419244332055,0.1612222189763338,0.0019410265947790264,0.0006146986629381336,75.52491760253906,84.92097473144531,97.394775390625,40.522935059440194,43.444606497703724,46.13391331030349,106.96662902832031,61.90399169921875,97.39877319335938,4.134089804544431,19.88299665150304,46.132506293561676,2.03450520833323e-05,5.086263020833074e-05,4.06901041666646e-05,0.0004323323567708113,0.3133036295572757,0.01942443847656151,4.577636718749767e-05,1.5258789062499222e-05,0.17563374837238688,0.15763854980467948,6.103515624999689e-05,0.0,0.0911763509114537,0.16164652506509594,0.06591288248697581,0.014597574869790924
C:\Users\Fakhri\OneDrive\Documents\SM 6\Prak PC\klasifikasi_jenis_kain_glcm_knn\dataset\Nylon\nylon_048.png,Nylon,5.568436240345605,2.4203543969542265,1.6698352574127853,0.38763846228979365,0.47371707324910184,0.06019110074741188,0.1388558463941752,0.008792750587986745,0.9579489779328493,0.018309365969147326,0.019358258540745313,0.00248203477374868,214.15150451660156,217.23358154296875,178.763427734375,31.039045960570697,31.94758326350981,42.28603297005274,33.79219055175781,47.78578186035156,217.30984497070312,4.572857269502812,20.982106020702986,31.836111073138444,0.0,0.3187154134114421,0.014617919921874256,0.0,0.0,0.0,0.0,0.0,0.24611918131509164,0.08721415201822473,0.0,0.0,0.0,0.0,0.08544413248697481,0.24788920084634156
C:\Users\Fakhri\OneDrive\Documents\SM 6\Prak PC\klasifikasi_jenis_kain_glcm_knn\dataset\Wool\wool_200.png,Wool,44.192094459064144,31.149115599312363,4.789448790594517,1.9206211713040535,0.22635930401239135,0.09243378272617739,0.045453516602650935,0.00914068900038545,0.7821047367532299,0.1534775302919941,0.0021495743669492323,0.0009144124685387138,82.96583557128906,81.40541076660156,94.47398376464844,39.120428239828364,39.947464134378194,45.06418451212417,124.41319274902344,37.922760009765625,94.48294067382812,8.34151325643456,10.573595355863283,45.054793661484155,0.0003967285156249798,4.577636718749767e-05,5.594889322916382e-05,9.663899739582841e-05,0.008509318033853734,0.2998148600260264,0.023549397786457135,0.0008646647135416226,0.32745869954425416,0.005874633789062201,0.0,0.0,0.0961303710937451,0.15984090169270018,0.06727091471353824,0.010091145833332819
C:\Users\Fakhri\OneDrive\Documents\SM 6\Prak PC\klasifikasi_jenis_kain_glcm_knn\dataset\Nylon\nylon_169.png,Nylon,2.3406987167535918,1.1458554039891449,1.1259483910058814,0.3179065884819985,0.5507077443586922,0.08552345864971793,0.1482832068920775,0.018153781998282624,0.8390322290508068,0.07888408433631604,0.022317469247039836,0.005501799656249659,81.46092224121094,36.49237060546875,40.943572998046875,12.845378642515852,9.8498122649937,11.450820808771626,169.64208984375,142.69003295898438,81.46092224121094,35.08581895963239,15.74680614700776,12.845378642515852,0.013707478841145135,0.0,0.0,0.0,0.0,0.0,0.0,0.31962585449217124,0.0,0.05812581380208037,0.2751973470051943,1.017252604166615e-05,0.03545633951822736,0.297876993815089,0.0,0.0
C:\Users\Fakhri\OneDrive\Documents\SM 6\Prak PC\klasifikasi_jenis_kain_glcm_knn\dataset\Wool\wool_077.png,Wool,8.334463061702639,4.40842280332924,2.0511399544114526,0.6054491716890432,0.40506593137497204,0.0835618065613412,0.06958927544859153,0.009687043152983035,0.9343206456086873,0.03469610951642401,0.004936506062507701,0.0013840095735623006,70.33036804199219,82.41685485839844,106.26155090332031,28.496551894420776,31.94577652317136,40.367916608935964,109.63520812988281,87.79124450683594,106.26155090332031,2.0924083299001337,13.651758088344094,40.367916608935964,0.0,0.0,0.0,0.0,0.3162638346354006,0.017069498697915797,0.0,0.0,0.011861165364582728,0.3204701741536295,0.0010019938151041156,0.0,0.07549031575520448,0.1347300211588473,0.12132263183593132,0.0017903645833332422
C:\Users\Fakhri\OneDrive\Documents\SM 6\Prak PC\klasifikasi_jenis_kain_glcm_knn\dataset\Nylon\nylon_044.png,Nylon,16.726464672298633,8.886213762772991,3.027485895887622,0.895998480982703,0.2998676672867087,0.0755695133766522,0.05807922779072006,0.0083447602136723,0.8282730054617381,0.09139120751251588,0.0034428317237900374,0.0010004579319161076,76.57481384277344,114.63090515136719,144.4727783203125,23.568866608334666,29.365757294637124,33.00251562448851,103.17678833007812,122.0908203125,144.4727783203125,1.2891792703249956,14.871904547963183,33.00251562448851,0.0,0.0,0.0,0.0,0.3333333333333164,0.0,0.0,0.0,5.594889322916382e-05,0.2106526692708226,0.12262471516926458,0.0,6.612141927082997e-05,0.10925292968749444,0.19809977213540658,0.025914510091144514
C:\Users\Fakhri\OneDrive\Documents\SM 6\Prak PC\klasifikasi_jenis_kain_glcm_knn\dataset\Wool\wool_112.png,Wool,26.078997986980728,16.584361521474676,3.6387893677495815,1.2844743896459856,0.2776253792025173,0.08442025585820072,0.04351151977920079,0.007747989041669914,0.8870241622347502,0.07201639534770513,0.001953283687685618,0.000714125825093552,179.91798400878906,174.11773681640625,166.1580810546875,40.810226057236875,43.65141891891601,45.90559024722558,23.863845825195312,22.552459716796875,180.1377716064453,24.733631029671397,14.95101235497414,41.076689116016766,0.25143941243488305,0.055989583333330484,0.01133219401041609,0.0027567545572915264,0.0032450358072915013,0.002136230468749891,0.002136230468749891,0.0042978922526039475,0.3325246175130039,0.0008087158203124588,0.0,0.0,0.0,0.04118855794270623,0.14919535319009658,0.14294942220051354
C:\Users\Fakhri\OneDrive\Documents\SM 6\Prak PC\klasifikasi_jenis_kain_glcm_knn\dataset\Denim\denim_069.png,Denim,22.87540830296139,13.569863520098917,3.425781575939391,1.0969720169775683,0.2889890897092647,0.07266903993784563,0.06971642255559991,0.009533724067997696,0.702693600971333,0.17624205636639412,0.00495127146855568,0.0013597461636342062,45.463165283203125,53.50660705566406,58.70855712890625,23.521967285088184,25.08700897059549,26.585649219105694,100.46672058105469,62.42808532714844,58.78239440917969,6.477466455293116,21.15426398909303,26.5529192644621,3.560384114583152e-05,1.017252604166615e-05,0.00025939941406248677,0.01455688476562426,0.3161112467447756,0.002314249674479049,3.560384114583152e-05,1.017252604166615e-05,0.17399597167967865,0.1589965820312419,0.00034077962239581597,0.0,0.21194966634113505,0.11562093098957744,0.00575764973958304,5.086263020833075e-06
C:\Users\Fakhri\OneDrive\Documents\SM 6\Prak PC\klasifikasi_jenis_kain_glcm_knn\dataset\Cotton\cotton_037.png,Cotton,9.67328805365876,6.000634649836927,2.3147166963791537,0.802024370308261,0.359210112757576,0.09877839537860371,0.076737943519508,0.012441014493527514,0.8185162359139198,0.11264482808419064,0.006043490817231362,0.0019730566662646254,160.49681091308594,177.93919372558594,152.22320556640625,19.88713013865441,20.675386299106606,22.97406897549104,50.89790344238281,37.72636413574219,177.93919372558594,4.088778200968082,9.359648798716535,20.675386299106606,0.0,0.008163452148437084,0.3247578938801918,0.000411987304687479,0.0,0.0,0.0,0.0,0.33226521809894144,0.0010681152343749456,0.0,0.0,0.0,0.0022226969401040533,0.23825073242186287,0.09285990397134944
C:\Users\Fakhri\OneDrive\Documents\SM 6\Prak PC\klasifikasi_jenis_kain_glcm_knn\dataset\Cotton\cotton_151.png,Cotton,14.319364188188025,7.464974734085147,2.8019381411975335,0.8283154564832235,0.3152383949285182,0.0785524639112063,0.08070632926368278,0.010378716924541377,0.6254103186819742,0.1952199336488996,0.006621229348217741,0.0017195112444187343,119.59263610839844,60.06690979003906,68.88319396972656,20.807456604263706,16.028612112672477,17.823201644865875,174.91734313964844,128.68206787109375,119.59263610839844,10.55846241925085,14.721359930535558,20.807456604263706,0.0011901855468749395,0.0,0.0,0.0,0.0,0.0,0.0,0.33214314778644144,5.086263020833074e-05,0.1579996744791586,0.1752827962239494,0.0,0.0,0.22059631347655126,0.11244201660155677,0.0002950032552083183
C:\Users\Fakhri\OneDrive\Documents\SM 6\Prak PC\klasifikasi_jenis_kain_glcm_knn\dataset\Cotton\cotton_169.png,Cotton,4.631394786187472,2.047215299306823,1.5276821193750212,0.38617725385242074,0.4833926093360881,0.07514052676598566,0.13618498857647537,0.015030680851304162,0.7274631570758929,0.12049415921802607,0.018772272480428495,0.004186028445021436,36.098236083984375,39.03245544433594,49.96636962890625,11.160822463879663,11.53764349934483,13.480537162210334,113.64111328125,72.2674560546875,49.96673583984375,4.46744713097164,13.740038800288024,13.479796647782598,1.017252604166615e-05,0.0,1.017252604166615e-05,7.120768229166304e-05,0.12018839518228555,0.21293640136717665,0.00011189778645832764,5.086263020833075e-06,0.08600870768228729,0.24731953938800824,5.086263020833075e-06,0.0,0.28364562988279807,0.049652099609372474,3.560384114583152e-05,0.0
C:\Users\Fakhri\OneDrive\Documents\SM 6\Prak PC\klasifikasi_jenis_kain_glcm_knn\dataset\Denim\denim_142.png,Denim,46.0518303378206,32.25513706392308,4.913149040244312,1.8589512428249388,0.21244903010367786,0.0754408328685523,0.03671534150760421,0.006814795148324423,0.8098386892286067,0.1331614085483467,0.0013944577349336302,0.000538123114213945,130.67991638183594,141.56906127929688,155.4215850830078,43.24788075914663,44.480532286737485,43.643819082665956,106.68769836425781,43.79020690917969,155.4215850830078,2.805016961469764,14.80322621971868,43.643819082665956,0.0,0.0,0.0,0.0,0.3274943033854,0.0058390299479163695,0.0,0.0,0.29508463541665164,0.03824869791666472,0.0,0.0,0.0012664794921874356,0.09830220540364083,0.15190124511717976,0.08186340332030834
C:\Users\Fakhri\OneDrive\Documents\SM 6\Prak PC\klasifikasi_jenis_kain_glcm_knn\dataset\Silk\silk_111.png,Silk,70.84748810066588,32.314114403078214,6.107463455017755,1.6579095406737503,0.18981976417541868,0.0545387910916201,0.04803446920593107,0.0072495553297112336,0.5336106006402133,0.21245909924872583,0.002359866284374084,0.0007211481970024615,64.43873596191406,71.55728149414062,85.82246398925781,32.735770598069756,35.03242232696243,39.34809879205409,110.09249877929688,67.19367980957031,85.82302856445312,3.7069206722507344,16.82316829337705,39.34786769130378,1.5258789062499222e-05,5.086263020833075e-06,5.086263020833075e-06,0.00010172526041666148,0.26666768391925727,0.06640624999999661,0.00012715657552082686,5.086263020833075e-06,0.13644917805988888,0.19683329264321914,5.086263020833074e-05,0.0,0.11703491210936905,0.1642100016275958,0.048197428385414215,0.003890991210937302
C:\Users\Fakhri\OneDrive\Documents\SM 6\Prak PC\klasifikasi_jenis_kain_glcm_knn\dataset\Silk\silk_187.png,Silk,73.1719580158777,28.3162574765525,5.503740709704579,1.297998331362494,0.26717997890567097,0.05216744008007808,0.06681205415176404,0.008589741934544821,0.657919326759162,0.13256859595314235,0.004537634246480329,0.0011767126455013645,132.8347625732422,95.20010375976562,114.39669799804688,37.32458845071429,42.806893636596186,45.845175653475515,163.7722625732422,79.42735290527344,132.94967651367188,7.869727916252671,28.26002692523504,37.596253430218326,0.00025431315104165373,0.0,0.0,0.0,0.0,1.017252604166615e-05,0.05666605631510128,0.27640279134113177,0.0993296305338491,0.23321533203123812,0.0007883707682291265,0.0,0.0,0.18932596842446953,0.11100769042968185,0.032999674479164985
C:\Users\Fakhri\OneDrive\Documents\SM 6\Prak PC\klasifikasi_jenis_kain_glcm_knn\dataset\Cotton\cotton_199.png,Cotton,57.04008005265684,34.355681500672375,5.142629292328892,1.7080552440617238,0.23072154612913806,0.06173878101471328,0.03748295137276364,0.005829684483348105,0.879720693218813,0.07239231387904163,0.0014389568647883535,0.0004459594960220719,115.27311706542969,119.43988037109375,126.65072631835938,60.4411539800603,61.58557515974024,64.11420444991386,108.82133483886719,26.079086303710938,126.67402648925781,10.031939813959944,11.399009832698306,64.11270079900157,0.0008138020833332918,0.00025939941406248677,0.0005594889322916382,0.003133138020833174,0.24281311035155015,0.08237711588541247,0.003097534179687342,0.0002797444661458191,0.33165995279946225,0.0016733805338540815,0.0,0.0,0.06880696614582983,0.11172993977864014,0.07987976074218343,0.07291666666666295
C:\Users\Fakhri\OneDrive\Documents\SM 6\Prak PC\klasifikasi_jenis_kain_glcm_knn\dataset\Wool\wool_023.png,Wool,6.695640268417175,3.416615452345227,1.7732260699118767,0.5137200469549381,0.4604304754590203,0.08124475282966578,0.11794309419219089,0.015381976745979685,0.7992551604831758,0.10243376561919429,0.014147178676241866,0.003683174081024742,37.08857727050781,39.96009826660156,48.178741455078125,14.99211259555182,16.439211056824163,19.425312785988556,112.88748168945312,59.12493896484375,48.19026184082031,10.619054438548385,16.673446852775506,19.410347915954944,0.0010732014973957786,8.13802083333292e-05,0.00014241536458332608,0.0011342366536457756,0.16366577148436667,0.16049702962238765,0.0059763590494788625,0.0007629394531249612,0.19712320963540664,0.13621012369790972,0.0,0.0,0.2644602457682157,0.06850179036457985,0.0003255208333333168,4.577636718749767e-05
C:\Users\Fakhri\OneDrive\Documents\SM 6\Prak PC\klasifikasi_jenis_kain_glcm_knn\dataset\Wool\wool_090.png,Wool,10.342306998905034,4.236110286981197,2.1872038874035913,0.5362094506246489,0.41159697994967814,0.07078444514196192,0.12307756866087098,0.014680795627754149,0.5935901286737507,0.16628544798172792,0.015363613667735294,0.00369391268072442,26.580001831054688,30.911163330078125,33.1636962890625,13.295658860359532,14.417270133906872,16.047147839073702,96.32803344726562,53.52565002441406,33.47932434082031,15.899626576067492,18.19306776986178,15.87441365973405,0.0029703776041665156,0.0012766520182291017,0.006459554036458004,0.053507486979163944,0.2477111816406124,0.020690917968748945,0.0005747477213541374,0.00014241536458332608,0.23065694173175907,0.10262044270832811,5.594889322916382e-05,0.0,0.31741333007810885,0.01585388183593669,6.612141927082997e-05,0.0
C:\Users\Fakhri\OneDrive\Documents\SM 6\Prak PC\klasifikasi_jenis_kain_glcm_knn\dataset\Cotton\cotton_104.png,Cotton,26.029117376360844,18.70962208221243,3.836726884741651,1.5080780368167468,0.24544658399858624,0.09157017071394193,0.05653779009524557,0.010331557941957168,0.692107887387035,0.2211258964110903,0.0033032627983620665,0.0012903845339205524,70.98654174804688,77.39968872070312,70.2705078125,24.769295041112787,26.52648827079199,26.408931203301663,57.45350646972656,29.119522094726562,77.40650939941406,11.675644899124217,11.732280459326507,26.52420297101523,0.0002950032552083183,0.03703308105468561,0.22774759928384256,0.06636555989582996,0.0018564860026040722,2.543131510416537e-05,5.086263020833075e-06,5.086263020833075e-06,0.32711283365883753,0.0062204996744788495,0.0,0.0,0.10885620117186946,0.21091715494790592,0.013559977213540976,0.0
C:\Users\Fakhri\OneDrive\Documents\SM 6\Prak PC\klasifikasi_jenis_kain_glcm_knn\dataset\Nylon\nylon_098.png,Nylon,4.075173479267003,2.3024753650910483,1.5192189217583094,0.48361600165547286,0.4633174398672943,0.09756085116542655,0.12888985175674075,0.017232387762874682,0.7215675360094321,0.1573347268493688,0.016909549073884676,0.0045460663979740535,41.35978698730469,47.35491943359375,54.952789306640625,10.236965606205949,10.84764047727307,11.794611182124122,106.60357666015625,64.0986328125,54.9530029296875,3.3925166670789366,11.587660308354485,11.794168284927705,5.086263020833075e-06,0.0,0.0,6.612141927082997e-05,0.32228597005206694,0.010976155598957774,0.0,0.0,0.15778605143228364,0.17554728190103272,0.0,0.0,0.2542165120442579,0.07911682128905848,0.0,0.0
C:\Users\Fakhri\OneDrive\Documents\SM 6\Prak PC\klasifikasi_jenis_kain_glcm_knn\dataset\Denim\denim_100.png,Denim,9.336032658501122,5.169133444758089,1.9178181001052,0.5814995097311516,0.4647390955310175,0.07956399735845955,0.1312036853162615,0.016188902850741253,0.8113506602893011,0.1042214358846437,0.017476487616079308,0.004319901895902419,27.122833251953125,31.936294555664062,35.362060546875,18.72049077307442,19.87919563959499,22.620031336803553,98.679931640625,64.64183044433594,35.59837341308594,12.377457343424608,20.38101638655585,22.423943647288663,0.0008494059244791234,0.0003000895182291514,0.003555297851562319,0.045689900716143504,0.2651570638020698,0.01763407389322827,0.00011698404947916071,3.0517578124998445e-05,0.15820821126301277,0.1737925211588453,0.0013326009114582654,0.0,0.3012695312499847,0.02951558430989433,0.002319335937499882,0.00022888183593748834
C:\Users\Fakhri\OneDrive\Documents\SM 6\Prak PC\klasifikasi_jenis_kain_glcm_knn\dataset\Silk\silk_065.png,Silk,22.06476615718165,8.701927722642308,2.9609514213873798,0.6963569312244177,0.3749603176364735,0.0640192084379427,0.12168791803377377,0.01396954752046889,0.6100806741214458,0.15468080469149129,0.015003097653321085,0.003499766943999986,27.620040893554688,37.951568603515625,33.78297424316406,18.509875012998208,22.806088661448758,21.665584603068538,78.38845825195312,75.40568542480469,38.19892883300781,10.193004879695936,24.569069499084343,22.890338217077165,0.00016784667968749146,0.0004323323567708113,0.03222147623697753,0.24781799316404987,0.05201212565103902,0.0006408691406249674,2.543131510416537e-05,1.5258789062499222e-05,0.10744730631509869,0.21959940592446797,0.006276448567708014,1.017252604166615e-05,0.29487101236977664,0.035746256510414846,0.0027058919270831956,1.017252604166615e-05
C:\Users\Fakhri\OneDrive\Documents\SM 6\Prak PC\klasifikasi_jenis_kain_glcm_knn\dataset\Silk\silk_186.png,Silk,91.7527939727849,39.824125790385686,7.021239797446662,1.8597001583719635,0.1737721854302922,0.04935006451417803,0.037385357510084476,0.005045766410945151,0.5442090941969272,0.19760563247900198,0.001423124714830652,0.00039806585035008046,165.8659210205078,129.1385040283203,155.8314666748047,36.038477965137034,41.674629166574285,44.290911461535,157.44912719726562,61.435760498046875,166.43356323242188,7.308029388948762,23.78454055430832,36.73505512613181,0.00010681152343749457,0.0,0.0,0.0,0.0,1.017252604166615e-05,0.1557668050130129,0.1774495442708243,0.19026692708332366,0.14306640624999273,0.0,0.0,0.0,0.06027730305989276,0.17968241373697003,0.09337361653645358
C:\Users\Fakhri\OneDrive\Documents\SM 6\Prak PC\klasifikasi_jenis_kain_glcm_knn\dataset\Silk\silk_137.png,Silk,78.69922410910216,38.29911631595533,6.551606685310116,1.883240173249812,0.16969185869956374,0.05296441778000993,0.03517013811218512,0.004552528526102534,0.536753302453357,0.22541329074117689,0.0012576641308111537,0.0003368817216375599,144.6129913330078,171.34071350097656,182.99176025390625,37.09423854526293,37.181443015540474,35.46511879780556,98.84132385253906,55.73004150390625,183.0117950439453,2.667957101979039,16.732227470695285,35.50140977288115,5.086263020833075e-06,0.0,0.0,0.0026550292968748647,0.330663045247379,1.017252604166615e-05,0.0,0.0,0.23505147298175885,0.09828186035155749,0.0,0.0,0.0,0.017557779947915773,0.17447408040363696,0.14130147298176363
C:\Users\Fakhri\OneDrive\Documents\SM 6\Prak PC\klasifikasi_jenis_kain_glcm_knn\dataset\Silk\silk_049.png,Silk,85.61158317295418,33.671361082131924,6.837599971060367,1.6674589206083037,0.16324882967158597,0.050577686619720744,0.04232538411931459,0.0048354644415392395,0.2763516364998274,0.28377201235932925,0.0018148198572129183,0.0004602336569613121,77.61241149902344,109.928466796875,123.27090454101562,29.2648110644033,31.29701606063554,33.23718436038521,98.57817077636719,98.14213562011719,123.27162170410156,1.9789446918481644,22.563464709090773,33.23658513081513,1.017252604166615e-05,0.0,0.0,0.00018310546874999068,0.3331349690755039,5.086263020833075e-06,0.0,0.0,0.025217692057290384,0.2792510986327983,0.028864542643227697,0.0,0.002120971679687392,0.1901194254557195,0.13064575195311834,0.010447184244791135
C:\Users\Fakhri\OneDrive\Documents\SM 6\Prak PC\klasifikasi_jenis_kain_glcm_knn\dataset\Nylon\nylon_143.png,Nylon,9.49258151964612,5.938279404406338,2.2870294518060024,0.8210148345770472,0.3596462559633569,0.1067579111290835,0.09246053644817213,0.014228702544862077,0.6932933135389812,0.19202342053286953,0.008751406776393926,0.002756808979491545,48.46986389160156,49.853271484375,49.58818054199219,15.384316442426291,15.758944951577282,16.254122826527716,70.97592163085938,12.885543823242188,50.45843505859375,41.14098958748793,9.060014866871617,15.93179028826452,0.055847167968747155,0.029012044270831858,0.04164123535156038,0.0648193359374967,0.0949605305989535,0.03515624999999821,0.007649739583332944,0.004247029622395617,0.333221435546858,0.00011189778645832764,0.0,0.0,0.2637685139973824,0.06953938802082979,2.543131510416537e-05,0.0
C:\Users\Fakhri\OneDrive\Documents\SM 6\Prak PC\klasifikasi_jenis_kain_glcm_knn\dataset\Cotton\cotton_029.png,Cotton,10.016480269792105,5.423748128150312,1.9634990945018123,0.6144741324279615,0.46295026222919805,0.08633156290029727,0.1454760139305995,0.019942949493733958,0.6791758222341565,0.17357039851789843,0.0215609918636456,0.005938741939165427,24.506210327148438,29.174118041992188,31.147140502929688,14.74984248313704,16.006408427992444,17.505432211844177,96.12074279785156,58.06097412109375,31.394775390625,13.41831477118652,18.005350100850944,17.346461451855895,0.002054850260416562,0.0004882812499999751,0.003229777018229002,0.05147806803385155,0.26168314615884086,0.01394653320312429,0.0003814697265624806,7.120768229166304e-05,0.1974589029947816,0.1357727050781181,0.00010172526041666148,0.0,0.3160095214843589,0.016601562499999153,0.0007171630859374635,5.086263020833075e-06
C:\Users\Fakhri\OneDrive\Documents\SM 6\Prak PC\klasifikasi_jenis_kain_glcm_knn\dataset\Cotton\cotton_164.png,Cotton,13.028079810334452,5.917272756255366,2.6726486101956923,0.6872753391003869,0.32966844295790726,0.0690231176685665,0.07607802990067458,0.009191313136187523,0.7077524525842408,0.13257122872006147,0.005872346870735387,0.0014356539812112904,45.329620361328125,50.14347839355469,57.14057922363281,17.852087973033484,19.00782127930172,20.770998647664218,107.419189453125,54.69287109375,57.153778076171875,7.198942178100805,15.556184452358652,20.75608064632549,0.00030517578124998444,8.646647135416227e-05,0.0002695719401041529,0.002456665039062375,0.2742970784505069,0.05545552571614301,0.000411987304687479,5.086263020833074e-05,0.23899841308592534,0.09432474772134937,1.017252604166615e-05,0.0,0.21156819661457257,0.12156168619791048,0.00020345052083332296,0.0
C:\Users\Fakhri\OneDrive\Documents\SM 6\Prak PC\klasifikasi_jenis_kain_glcm_knn\dataset\Silk\silk_041.png,Silk,92.98082725939742,39.10472287923981,7.1155118103694734,1.882754491578631,0.15939660617809961,0.057509301751254974,0.04126416266732131,0.0056207139184087,0.29858606134617194,0.2943838852728868,0.0017343235455877471,0.0005358464461655362,79.69267272949219,106.41923522949219,137.06568908691406,30.797695262282847,33.199710879626416,35.60573728140027,105.90400695800781,110.29527282714844,137.06573486328125,1.7278925332314214,24.285231703137487,35.60574126808112,1.5258789062499222e-05,0.0,0.0,1.5258789062499222e-05,0.333282470703108,2.03450520833323e-05,0.0,0.0,0.016850789388019975,0.2375030517578004,0.07897949218749598,0.0,0.000818888346354125,0.14246114095051357,0.16409301757811665,0.02596028645833201
C:\Users\Fakhri\OneDrive\Documents\SM 6\Prak PC\klasifikasi_jenis_kain_glcm_knn\dataset\Nylon\nylon_084.png,Nylon,3.329606297697762,1.0993170903689813,1.3589061262929454,0.25565919330331355,0.49743583722711976,0.057800065076416,0.0814186636924078,0.007369841425503782,0.9705887403433198,0.009800094771271368,0.006683313360094476,0.001233149288153662,98.52178955078125,111.21279907226562,127.50364685058594,28.64206953139323,30.309134776171675,34.18899005738452,106.68305969238281,58.96514892578125,127.50364685058594,2.4034195789462585,9.201115615331018,34.18899005738452,0.0,0.0,0.0,0.0,0.3311920166015456,0.002141316731770724,0.0,0.0,0.22782389322915506,0.1055094401041613,0.0,0.0,6.103515624999689e-05,0.18001302083332416,0.1392669677734304,0.013992309570311787
C:\Users\Fakhri\OneDrive\Documents\SM 6\Prak PC\klasifikasi_jenis_kain_glcm_knn\dataset\Denim\denim_028.png,Denim,4.2521504053124275,1.9615941881045658,1.40209143351041,0.3650185138666471,0.5215659264533363,0.07257813680792465,0.17082672302358257,0.01822906381406656,0.663833392392977,0.15507149168780263,0.0295140680665131,0.006316474312496397,20.162521362304688,23.005279541015625,24.36187744140625,9.69445628597491,9.998344416540128,11.247668021787394,94.80278015136719,50.04884338378906,24.744644165039062,21.070639804676215,21.609384409849852,11.030285581688284,0.006540934244791334,0.0017395019531249115,0.01128133138020776,0.06618245442707996,0.20065816243488563,0.044550577799476895,0.002070109049479061,0.00031026204427081754,0.24456787109373754,0.08785502115884969,0.0009104410807291203,0.0,0.33206176757810807,0.0012715657552082686,0.0,0.0
C:\Users\Fakhri\OneDrive\Documents\SM 6\Prak PC\klasifikasi_jenis_kain_glcm_knn\dataset\Wool\wool_046.png,Wool,12.008755386069588,5.38330039502017,2.5097879682855018,0.6551079311091832,0.3587024345360427,0.0725688885613844,0.10138386081685141,0.012178460699923451,0.5294708785601074,0.21068807872082426,0.010427002139150278,0.002525826064172932,38.29339599609375,43.04481506347656,47.05259704589844,13.523967000769916,14.443735008292727,15.451769058015474,102.63679504394531,49.011138916015625,47.14649963378906,10.983641256459514,16.27749883149362,15.427603922315992,0.0008494059244791234,0.0003000895182291514,0.0013173421223957663,0.016143798828124178,0.27810668945311084,0.03556823730468569,0.0009053548177082872,0.00014241536458332608,0.2677357991536322,0.06559753417968416,0.0,0.0,0.28039042154946486,0.052922566731768136,2.03450520833323e-05,0.0
C:\Users\Fakhri\OneDrive\Documents\SM 6\Prak PC\klasifikasi_jenis_kain_glcm_knn\dataset\Nylon\nylon_016.png,Nylon,17.354180045319655,8.09153984147561,3.227959016078895,0.8409730401078143,0.2640897742842203,0.06690715506501482,0.06053388378000441,0.007697667158520887,0.7781358776954913,0.10361348446982573,0.0037236051651744523,0.00096152718573965,68.19676208496094,73.15875244140625,80.27674865722656,23.877538976356853,25.13511896970177,27.62757263898239,107.32565307617188,38.93412780761719,80.28314208984375,5.936225079056063,9.55181297927306,27.619652144086217,5.594889322916382e-05,5.086263020833075e-06,6.612141927082997e-05,0.0014546712239582593,0.28075154622394405,0.05079142252603908,0.00020345052083332296,5.086263020833075e-06,0.3293863932291499,0.003946940104166466,0.0,0.0,0.10309346516926558,0.2118682861328017,0.018325805664061567,4.577636718749767e-05
C:\Users\Fakhri\OneDrive\Documents\SM 6\Prak PC\klasifikasi_jenis_kain_glcm_knn\dataset\Wool\wool_012.png,Wool,17.86839822379883,9.039728680259127,2.9122023524223657,0.8454180597652675,0.33660364936357107,0.07581487538181839,0.06522004102285517,0.009347293003028076,0.8617352217187118,0.06974413739181559,0.004341025637507369,0.001261078393230129,68.84599304199219,57.43934631347656,55.57810974121094,42.84916395405052,29.207217210749953,28.28066355902581,63.058197021484375,60.63456726074219,72.47062683105469,52.259022500288424,42.96592484524313,42.164520553005325,0.14021809895832618,0.005671183268228878,0.005355834960937228,0.016255696614582506,0.12332661946613956,0.02430725097656126,0.006042480468749692,0.012156168619791047,0.21433512369790575,0.08364359537759991,0.0353546142578107,0.0,0.16973368326822053,0.1223958333333271,0.03770446777343558,0.0034993489583331552
C:\Users\Fakhri\OneDrive\Documents\SM 6\Prak PC\klasifikasi_jenis_kain_glcm_knn\dataset\Nylon\nylon_008.png,Nylon,7.770086087711731,3.3557414315690117,2.0564718158176385,0.4961271060384814,0.40529674431426616,0.06502389136278007,0.11330159825415108,0.011085593609215563,0.817172153011899,0.07894884392410059,0.012960142552613728,0.002553319129281373,35.13322448730469,38.26033020019531,41.11759948730469,17.515170172522925,18.52595946529497,20.57051005945001,99.70317077636719,38.77410888671875,41.292694091796875,21.490581057194266,15.176366878560723,20.393598450391977,0.008148193359374585,0.0015563964843749209,0.00575764973958304,0.030812581380206764,0.2268117268880093,0.056289672851559634,0.00307718912760401,0.0008799235026041219,0.31230672200519244,0.021026611328123928,0.0,0.0,0.2741038004557152,0.05922953287760115,0.0,0.0
C:\Users\Fakhri\OneDrive\Documents\SM 6\Prak PC\klasifikasi_jenis_kain_glcm_knn\dataset\Nylon\nylon_141.png,Nylon,10.268969385181924,6.6961307506840235,2.3673471496843974,0.8680610775458626,0.3534070520185238,0.10631592519941324,0.0935586366774584,0.014731349054197903,0.6675618238765354,0.21622400397617206,0.008970231141901283,0.0029118693885741755,51.88861083984375,55.09283447265625,54.03062438964844,15.19432980993135,15.816957203541248,16.0889041631483,76.39317321777344,17.651077270507812,55.39619445800781,23.346493922391012,8.522487007270549,15.879495689246498,0.012415568033853535,0.012588500976561858,0.055847167968747155,0.14362080891926352,0.09930419921874495,0.008412679036457905,0.0008494059244791234,0.0002950032552083183,0.333251953124983,8.13802083333292e-05,0.0,0.0,0.23758951822915456,0.09573872884114096,5.086263020833075e-06,0.0
C:\Users\Fakhri\OneDrive\Documents\SM 6\Prak PC\klasifikasi_jenis_kain_glcm_knn\dataset\Wool\wool_176.png,Wool,19.130552356124273,13.789251056272304,3.0908299998204973,1.2336228391892012,0.3138283492240243,0.10376162872170148,0.060076481524545526,0.01213396047503245,0.8178466953323392,0.1314967024197656,0.00375641662917871,0.0016002078810371987,197.5466766357422,199.99993896484375,204.78256225585938,28.245459596102872,29.29919365814942,29.61995387166864,107.69229125976562,9.203018188476562,204.85848999023438,17.66854381591344,3.9819766123276334,29.582816470650815,0.005020141601562244,0.0012105305989582717,0.0018666585286457383,0.0068664550781246505,0.20478820800780206,0.10707092285155705,0.005177815755208069,0.0013326009114582654,0.3333333333333164,0.0,0.0,0.0,0.0,0.003290812174478999,0.10019938151041156,0.2298431396484258
C:\Users\Fakhri\OneDrive\Documents\SM 6\Prak PC\klasifikasi_jenis_kain_glcm_knn\dataset\Denim\denim_052.png,Denim,24.333732311962574,12.904026917213223,2.8395329192102667,0.8441947967532836,0.4113446317001834,0.07427430238790121,0.13247784151697686,0.017425531596414894,0.713375939723273,0.15188189179890516,0.017854027644414894,0.004658873262772409,30.145477294921875,33.48075866699219,37.25465393066406,25.301975356904922,26.041546927785724,27.88592809949318,103.44316101074219,55.90203857421875,37.35755920410156,13.888276368972633,21.042430731925602,27.8139901273129,0.001978556315104066,0.0003255208333333168,0.0018463134765624059,0.022171020507811372,0.2425282796223835,0.06341044108072594,0.0009409586588541187,0.00013224283854165994,0.20861816406248937,0.12438964843749367,0.0003255208333333168,0.0,0.29568481445310996,0.030222574869790127,0.006637573242187162,0.0007883707682291265
C:\Users\Fakhri\OneDrive\Documents\SM 6\Prak PC\klasifikasi_jenis_kain_glcm_knn\dataset\Silk\silk_172.png,Silk,11.978248701621807,5.838135121759674,2.1469550798583317,0.5804239041693549,0.4676016091160992,0.06342346492022932,0.15973123946060033,0.013087377906232052,0.9223668304885377,0.03796078437079585,0.02568534832008017,0.004237976285964084,65.40119934082031,43.15959167480469,56.596527099609375,38.8521171053478,32.10015973457821,42.28122642853138,163.2533416748047,99.7210693359375,65.74198913574219,12.382088385865808,25.05765542483422,39.63040967421944,0.001154581705729108,0.0,0.0,0.0,0.0,4.577636718749767e-05,0.06910196940103815,0.2630310058593616,0.027999877929686074,0.2601267496744659,0.04520670572916437,0.0,0.2060241699218645,0.091837565104162,0.03426615397135242,0.0012054443359374386
C:\Users\Fakhri\OneDrive\Documents\SM 6\Prak PC\klasifikasi_jenis_kain_glcm_knn\dataset\Cotton\cotton_017.png,Cotton,5.711004634325369,3.224807888920734,1.7024512943016517,0.545561732081934,0.4533660532495274,0.09542637507876253,0.09205523177949139,0.013804512742923401,0.9338699072273656,0.037576565990736076,0.008664730270045417,0.002612464241778569,204.85162353515625,213.71470642089844,219.54136657714844,24.589372819660806,28.081565002666967,26.296692758539645,102.83119201660156,20.572860717773438,220.39430236816406,14.7715583509494,11.231531940203254,24.001236512593326,0.0,0.0,0.0005086263020833075,0.011973063151041057,0.30000305175779723,0.0045827229817706,0.004007975260416462,0.01225789388020771,0.3279825846354,0.005350748697916395,0.0,0.0,0.0,0.00031026204427081754,0.03850809733072721,0.2945149739583183
C:\Users\Fakhri\OneDrive\Documents\SM 6\Prak PC\klasifikasi_jenis_kain_glcm_knn\dataset\Denim\denim_159.png,Denim,31.903092475849828,21.6808033112327,4.064870848048094,1.4383304374399504,0.24699812876730232,0.0723103280806853,0.04303564093207026,0.0069442785009387045,0.8674742021748928,0.08996911030440609,0.0019002893943326803,0.0006226227651210069,100.04759216308594,108.77919006347656,124.49270629882812,42.80101824828041,44.10513570202072,45.44738586655776,109.36079406738281,54.46246337890625,124.49270629882812,2.270831921681414,16.301624006525355,45.44738586655776,0.0,0.0,0.0,0.0,0.3067982991536302,0.02653503417968615,0.0,0.0,0.23661804199217545,0.0967152913411409,0.0,0.0,0.02031962076822813,0.16857910156249142,0.11177062988280681,0.032663981119790006
C:\Users\Fakhri\OneDrive\Documents\SM 6\Prak PC\klasifikasi_jenis_kain_glcm_knn\dataset\Wool\wool_072.png,Wool,9.236909692039333,5.468145486947744,2.192077567264568,0.7105430326800404,0.38183512924406027,0.08977654303386937,0.06390660237666647,0.010081079048473548,0.9421118581473155,0.034252331006976736,0.004185681982110926,0.001318377061208787,113.10856628417969,116.51976013183594,129.30130004882812,36.9693560232524,35.45157563849321,37.323872792659145,108.25921630859375,36.828369140625,130.1686248779297,42.26076184207201,31.003673580950466,36.65157409172036,0.04012044270833129,0.0025736490885415356,0.0004984537760416413,0.0002950032552083183,0.1289316813150976,0.0967915852864534,0.03643290201822731,0.027689615885415256,0.22826639811196756,0.10506693522134881,0.0,0.0,0.0034739176432289896,0.16994222005207468,0.13762410481770132,0.022293090820311365
C:\Users\Fakhri\OneDrive\Documents\SM 6\Prak PC\klasifikasi_jenis_kain_glcm_knn\dataset\Cotton\cotton_163.png,Cotton,12.33080861198865,6.495247333751935,2.5710122555512966,0.7463078885763276,0.3433173716269273,0.07788792250220625,0.078880964909862,0.010715024954056383,0.7204472873422891,0.1472679276541665,0.006337018384876936,0.0017551604841131885,41.764862060546875,46.75390625,53.36827087402344,17.56612026027713,18.944630706159817,20.91503677165819,106.62802124023438,57.26741027832031,53.38569641113281,7.852114313043063,15.288273362672086,20.89262541545892,0.0005086263020833075,0.00012715657552082686,0.0003356933593749829,0.003428141276041492,0.2843831380208188,0.04412841796874775,0.00036621093749998135,5.594889322916382e-05,0.2216135660807179,0.11171468098957764,5.086263020833075e-06,0.0,0.22823588053384256,0.10493469238280716,0.0001627604166666584,0.0
C:\Users\Fakhri\OneDrive\Documents\SM 6\Prak PC\klasifikasi_jenis_kain_glcm_knn\dataset\Wool\wool_014.png,Wool,5.0245440967726145,2.661307228210764,1.5709145648388676,0.46748694975554095,0.48100915671975164,0.08534716477294513,0.11445618720135292,0.015426622122754597,0.8323740916792288,0.08875958181971011,0.013338199458789411,0.003591193288909215,37.9537353515625,44.548828125,53.53575134277344,14.118749116806367,15.56350876323181,18.6515417181094,106.849609375,74.87156677246094,53.54154968261719,5.0426370406737195,14.388026948858434,18.6428934912388,4.577636718749767e-05,0.0,1.017252604166615e-05,0.0013732910156249302,0.30521138509113027,0.026626586914061143,5.594889322916382e-05,1.017252604166615e-05,0.06534322102864251,0.26798502604165303,5.086263020833075e-06,0.0,0.238947550455717,0.0941619873046827,0.00022379557291665527,0.0
C:\Users\Fakhri\OneDrive\Documents\SM 6\Prak PC\klasifikasi_jenis_kain_glcm_knn\dataset\Silk\silk_123.png,Silk,27.4550564555894,14.819459353033128,3.6720300596570525,1.1258132972385047,0.28517876098187045,0.07248961320863845,0.045834421617863975,0.007024531259425513,0.9055985404810517,0.05135447161458942,0.002150138244458763,0.0006691438428053407,190.4220733642578,184.97854614257812,196.60382080078125,45.46063978573234,50.58105276787039,47.61889763179749,125.66685485839844,21.504409790039062,197.37413024902344,24.361733745320183,12.139895211609483,46.97713217703024,0.0005645751953124713,0.00014241536458332608,0.005086263020833075,0.014684041341145086,0.1022186279296823,0.05740865071614291,0.1360829671223889,0.017145792643228294,0.33243815104164975,0.0008951822916666211,0.0,0.0,0.006423950195312173,0.024566650390623748,0.09283955891926611,0.20950317382811434
C:\Users\Fakhri\OneDrive\Documents\SM 6\Prak PC\klasifikasi_jenis_kain_glcm_knn\dataset\Cotton\cotton_140.png,Cotton,21.926091884861066,14.244677579277104,3.422990926052242,1.1986382232140018,0.2769772972036481,0.07911889101614115,0.04994513333485071,0.008297646051972812,0.8577921920818526,0.09240888386493358,0.002563367273839836,0.0008505822865688641,130.44375610351562,118.93547058105469,120.29310607910156,34.21528652496419,35.61617988597197,35.900585389823796,99.67262268066406,28.148605346679688,130.5208740234375,78.08147665778239,12.866229124166411,34.32204493646683,0.1356658935546806,0.006057739257812191,0.0007171630859374635,0.0004577636718749767,0.0010477701822916134,0.0020802815755207272,0.01540120442708255,0.17190551757811626,0.3313293457031081,0.002003987630208231,0.0,0.0,0.0037027994791664783,0.16103617350259597,0.15102132161457565,0.017573038736978273
C:\Users\Fakhri\OneDrive\Documents\SM 6\Prak PC\klasifikasi_jenis_kain_glcm_knn\dataset\Silk\silk_074.png,Silk,85.10201185510995,40.15343323138642,6.695523255185111,1.8940723957845864,0.17419013594190458,0.05478838200201895,0.043327215549853554,0.005808610451224697,0.38648755062134926,0.28860803984985284,0.0019109875626775483,0.0005356907528726333,63.150482177734375,84.82302856445312,112.81231689453125,30.820381798657973,33.78448205163093,38.90859867911955,106.66444396972656,117.602783203125,112.81242370605469,2.020123475099652,26.807239264246835,38.908686844131346,1.5258789062499222e-05,0.0,0.0,3.560384114583152e-05,0.3332010904947747,8.13802083333292e-05,0.0,0.0,0.016220092773436674,0.1874745686848863,0.12963358561197255,5.086263020833075e-06,0.024907430013019566,0.19655863444009417,0.101435343424474,0.010431925455728635
C:\Users\Fakhri\OneDrive\Documents\SM 6\Prak PC\klasifikasi_jenis_kain_glcm_knn\dataset\Wool\wool_050.png,Wool,10.254625831567045,5.204826859577284,2.3637531499414357,0.6778475381095099,0.35690608594391904,0.08140352220912045,0.09400827445817249,0.011959229070557601,0.6182948594658283,0.1936569544542111,0.008980578826565156,0.002340416203197838,43.15570068359375,48.50413513183594,52.927490234375,13.775022303969704,14.818702592451952,16.18439819008712,102.51658630371094,47.83540344238281,53.00177001953125,9.876129449446786,14.409079580419922,16.124054539925247,0.0006968180338541312,0.00030517578124998444,0.0009663899739582841,0.013356526692707654,0.291325887044256,0.025985717773436178,0.000615437825520802,8.13802083333292e-05,0.2869771321614437,0.04635620117187264,0.0,0.0,0.2471923828124874,0.0858408610025998,0.0003000895182291514,0.0
C:\Users\Fakhri\OneDrive\Documents\SM 6\Prak PC\klasifikasi_jenis_kain_glcm_knn\dataset\Cotton\cotton_136.png,Cotton,14.539106715051842,10.310961918548744,2.775828165584695,1.043802896570547,0.32464212218508415,0.09675581771131474,0.04777577396739786,0.008921318943102148,0.9575221316692645,0.030185616211010853,0.002362114509868445,0.0009224350902502243,127.14353942871094,114.97808837890625,119.02114868164062,51.3230003513055,53.00766029920014,52.63258675922227,135.08070373535156,30.594558715820312,127.31169128417969,62.62489110609521,16.149373886030613,51.52183352587621,0.06006876627603861,0.0022226969401040533,0.0008697509765624558,0.00036621093749998135,0.0009511311848957849,0.005549112955728884,0.035558064778644025,0.22774759928384256,0.3233744303385252,0.00995890299479116,0.0,0.0,0.024780273437498737,0.1627909342447834,0.09463500976562018,0.05112711588541406
C:\Users\Fakhri\OneDrive\Documents\SM 6\Prak PC\klasifikasi_jenis_kain_glcm_knn\dataset\Wool\wool_117.png,Wool,6.047527935494365,3.4554014623216993,1.7352328838423257,0.5576023639937498,0.45061922382381137,0.09414246360205257,0.06707969468790505,0.010540740490032481,0.9598020225213043,0.02301288033007211,0.004610792649500768,0.0014600305375370162,101.11131286621094,77.78965759277344,57.85700988769531,42.986853603307466,32.684183027275786,26.336387404302123,16.103302001953125,108.16276550292969,101.26953125,8.375618204510078,31.09055141674029,42.82145617286559,0.29505411783852664,0.03276570638020666,0.005045572916666409,0.00025939941406248677,3.560384114583152e-05,5.086263020833075e-06,1.017252604166615e-05,0.0001576741536458253,0.03507995605468572,0.2115427652994684,0.08671061197916224,0.0,0.07717386881510023,0.15274047851561723,0.1022186279296823,0.0012003580729166056
C:\Users\Fakhri\OneDrive\Documents\SM 6\Prak PC\klasifikasi_jenis_kain_glcm_knn\dataset\Denim\denim_066.png,Denim,6.786834914537202,3.3894632997234146,1.6863433934390353,0.47117354799030614,0.4858322276177259,0.0774268252573546,0.14959046898968684,0.01760466935267207,0.7098110885759362,0.14503322615940195,0.022687232795571374,0.005345483599620724,23.684036254882812,29.36932373046875,34.497039794921875,12.25777163164242,13.877097519936068,16.51051754861189,102.41552734375,80.29286193847656,34.562225341796875,8.22809291707299,18.65816053803564,16.443737048304104,0.00026448567708331987,7.629394531249611e-05,0.00038655598958331364,0.015009562174478403,0.3056437174479011,0.011891682942707728,5.594889322916382e-05,5.086263020833075e-06,0.05605061848958048,0.2763671874999859,0.0009155273437499534,0.0,0.3153330485025881,0.017695109049478266,0.00030517578124998444,0.0
C:\Users\Fakhri\OneDrive\Documents\SM 6\Prak PC\klasifikasi_jenis_kain_glcm_knn\dataset\Wool\wool_087.png,Wool,21.62317612656294,8.465014533275914,3.2817623534855342,0.7730225510421935,0.2953756596735414,0.06329542502447366,0.06472841597831805,0.007771195264062669,0.7002718484133363,0.11702270197824095,0.004250159310894368,0.0010347805038629248,69.11343383789062,73.14329528808594,77.52122497558594,23.414044491360798,24.036949107422288,25.295858750205447,104.76556396484375,28.914138793945312,77.56961059570312,10.51026786829855,9.982753269438806,25.26914039143524,0.0008850097656249549,0.00044759114583331055,0.0010426839192707801,0.0073801676432287905,0.2755788167317568,0.046681722005205956,0.0011393229166666086,0.0001780192057291576,0.33171590169269144,0.0016174316406249176,0.0,0.0,0.098144531249995,0.2233225504557178,0.011749267578124402,0.00011698404947916071
C:\Users\Fakhri\OneDrive\Documents\SM 6\Prak PC\klasifikasi_jenis_kain_glcm_knn\dataset\Denim\denim_104.png,Denim,11.286647780454741,5.851983388131226,2.146903951291178,0.6371167228531297,0.4245081815070714,0.08534161748474164,0.12243738898712414,0.016475313697120835,0.7471433227115846,0.13126199225318536,0.015262350183402891,0.004118404796609835,26.8486328125,31.624786376953125,35.161529541015625,17.85937775005276,18.937317698183225,21.487605598104274,98.93479919433594,64.468994140625,35.40534973144531,12.578497663433378,20.661278092508734,21.29446709078467,0.000823974609374958,0.00036112467447914825,0.004287719726562281,0.0438588460286436,0.26549784342446564,0.018295288085936567,0.00017293294270832453,3.560384114583152e-05,0.15409851074217965,0.1780192057291576,0.0012105305989582717,5.086263020833075e-06,0.30821736653644266,0.02243041992187386,0.0025380452473957042,0.00014750162760415915
C:\Users\Fakhri\OneDrive\Documents\SM 6\Prak PC\klasifikasi_jenis_kain_glcm_knn\dataset\Denim\denim_034.png,Denim,34.25050830518987,24.22288678229462,4.159258672112164,1.5290213373352797,0.24720591697548688,0.07472801782040558,0.05624878173309922,0.008834870110763643,0.7271980002296438,0.19266967521626013,0.0032419803763319016,0.0010421576320861145,60.8458251953125,72.61863708496094,88.00088500976562,29.57438261953857,32.21895923485733,34.45093972234125,106.99142456054688,83.84989929199219,88.00096130371094,2.4944126424046575,19.627729854115557,34.4508876779017,0.0,0.0,0.0,2.03450520833323e-05,0.3276367187499833,0.005676269531249711,0.0,0.0,0.052261352539059835,0.2789357503255066,0.002136230468749891,0.0,0.0897013346354121,0.19712320963540664,0.04411315917968525,0.002395629882812378
C:\Users\Fakhri\OneDrive\Documents\SM 6\Prak PC\klasifikasi_jenis_kain_glcm_knn\dataset\Denim\denim_027.png,Denim,4.2890232122056,2.332423097247693,1.3774269542114224,0.4180016421868948,0.5330394334342268,0.08261323826956485,0.18416936076842527,0.021877997524799304,0.6226873428382326,0.20532413431864088,0.03439700022154551,0.008207546400283011,19.324188232421875,22.831283569335938,23.616744995117188,9.126775947561681,9.465321340626518,10.576002014183459,91.91586303710938,53.55128479003906,24.112930297851562,17.542365566595976,20.996563451071186,10.307572510973218,0.0040537516276039605,0.0011850992838541062,0.010396321614582803,0.09077453613280788,0.20494079589842706,0.020950317382811435,0.0008697509765624558,0.0001627604166666584,0.225479125976551,0.10731506347655703,0.0005391438802083058,0.0,0.33226521809894144,0.0010681152343749456,0.0,0.0
C:\Users\Fakhri\OneDrive\Documents\SM 6\Prak PC\klasifikasi_jenis_kain_glcm_knn\dataset\Nylon\nylon_107.png,Nylon,12.057553619992445,7.457016752961073,2.4221204452716987,0.7957296326930258,0.3663581592321314,0.08705306801997074,0.0832127633982421,0.012081242656727987,0.8293269173730381,0.10541972972477698,0.007070320416502566,0.002057006958238427,70.02726745605469,59.14088439941406,51.82496643066406,22.495185938275913,24.571485655594525,25.748703174686284,29.050186157226562,74.34934997558594,70.92466735839844,42.33542929121102,36.918491928451154,24.213883420688845,0.274993896484361,0.006978352864582978,0.0007019042968749642,0.0006917317708332981,0.023284912109373813,0.011006673177082774,0.005498250325520554,0.010177612304686981,0.11078898111978602,0.20381673177082296,0.018727620442707378,0.0,0.1396382649739512,0.18303426106769902,0.010594685872395294,6.612141927082997e-05
C:\Users\Fakhri\OneDrive\Documents\SM 6\Prak PC\klasifikasi_jenis_kain_glcm_knn\dataset\Silk\silk_192.png,Silk,70.2902271295601,32.13673753791601,5.902232311765634,1.629734305083176,0.21475370192462384,0.05505955146281036,0.04073097263121896,0.005619822174369078,0.7710927988297437,0.10464367079206123,0.0016905945327566382,0.00047655196014008546,162.29949951171875,123.89308166503906,143.3636932373047,45.40161284273055,51.061201260457466,54.616081207582944,163.6699676513672,67.61289978027344,162.36940002441406,8.63474130948598,28.925603913253507,45.5159689905834,0.00034077962239581597,1.5258789062499222e-05,1.5258789062499222e-05,0.0,5.086263020833075e-06,1.017252604166615e-05,0.06499735514322585,0.2679494222005072,0.15992228190103353,0.1727142333984287,0.0006968180338541312,0.0,0.0,0.09739685058593255,0.13286336263020157,0.10307312011718225
C:\Users\Fakhri\OneDrive\Documents\SM 6\Prak PC\klasifikasi_jenis_kain_glcm_knn\dataset\Silk\silk_126.png,Silk,21.889441288973824,14.324118998296708,3.0977846111733096,1.1212448083530129,0.3557139733264887,0.08084080299545933,0.07935667474919032,0.010790055863014769,0.9361861778965768,0.04174467806485753,0.00641390713277576,0.0017215759455531145,188.39405822753906,192.3048553466797,207.1831817626953,51.654704852730625,53.8966451892644,47.30717567756935,106.94654846191406,26.653091430664062,207.6099090576172,17.61708865654813,15.143605809066067,47.70541206622828,5.086263020833075e-06,5.086263020833075e-06,0.02453104654947792,0.02438863118489459,0.10908508300780695,0.1753133138020744,5.086263020833075e-06,0.0,0.33224995930987894,0.001083374023437445,0.0,0.0,0.0,0.03205871582031087,0.07402038574218373,0.22725423177082177
C:\Users\Fakhri\OneDrive\Documents\SM 6\Prak PC\klasifikasi_jenis_kain_glcm_knn\dataset\Denim\denim_067.png,Denim,9.766111325268016,4.9691500210164,1.9635644168939308,0.5666830311407901,0.4611989637519683,0.0786652224133725,0.14811552938209058,0.018048907255716697,0.684030998019929,0.1605730297968033,0.02226397309726241,0.005403370957886964,24.865676879882812,28.694198608398438,33.840576171875,14.811772996050303,15.744170758629055,18.121013477539886,105.666259765625,69.72276306152344,33.89009094238281,10.978720062638077,21.48113465693685,18.07317285657846,0.0010630289713541125,8.646647135416227e-05,0.0006815592447916319,0.011245727539061928,0.2578023274739452,0.06170145670572603,0.0006612141927082997,9.155273437499534e-05,0.12076314290363968,0.21162923177082255,0.0009409586588541187,0.0,0.3112131754557133,0.021286010742186418,0.0008341471354166242,0.0
C:\Users\Fakhri\OneDrive\Documents\SM 6\Prak PC\klasifikasi_jenis_kain_glcm_knn\dataset\Nylon\nylon_106.png,Nylon,13.187386621620215,9.419998248859518,2.502758719254598,0.9282089266613232,0.3655298504208881,0.09315278004255127,0.0821417268002615,0.012881114783713074,0.8389657943032715,0.11485210720312423,0.006913186399799989,0.0021899734639368638,71.94161987304688,60.5498046875,50.614898681640625,24.412687660535113,26.3821616732158,27.072552670680114,22.395050048828125,82.24684143066406,72.51004028320312,29.40194029190517,37.607215677235246,25.700232963677486,0.2899119059244644,0.012710571289061853,0.002324422200520715,0.0022939046223957164,0.017557779947915773,0.0031789143880206713,0.0015309651692707554,0.003824869791666472,0.08495585123697484,0.21730550130207227,0.03107198079426925,0.0,0.13249206542968076,0.18792724609374042,0.012914021809895176,0.0
C:\Users\Fakhri\OneDrive\Documents\SM 6\Prak PC\klasifikasi_jenis_kain_glcm_knn\dataset\Wool\wool_071.png,Wool,9.321720818381062,5.5546907935507495,2.216879515639663,0.7197820346827091,0.37813441727111125,0.08864595807685138,0.06736860367354136,0.01056290570860343,0.912024560032407,0.05240029183070288,0.004650103737931538,0.0014542652885198625,109.61474609375,115.51129150390625,128.89874267578125,30.096838514345297,29.179967170522243,30.637956656178115,101.62109375,39.517547607421875,129.31715393066406,35.5053846546906,34.169963755287974,30.30537653783337,0.0321400960286442,0.00562540690104138,0.002070109049479061,0.0018056233723957413,0.2073313395182186,0.06334940592447594,0.012603759765624358,0.008407592773437072,0.21389261881509328,0.11941019694009809,3.0517578124998445e-05,0.0,0.0014597574869790924,0.16549173990884575,0.15710957845051282,0.009272257486978694
C:\Users\Fakhri\OneDrive\Documents\SM 6\Prak PC\klasifikasi_jenis_kain_glcm_knn\dataset\Silk\silk_025.png,Silk,95.60586547787936,41.545491349840276,7.3701532794937314,1.9882604206997665,0.1483722358234659,0.05472243749085932,0.037361125863087784,0.004975404853928364,0.31952178415164195,0.2951868553994792,0.0014206083792179813,0.00043009515446623263,131.37550354003906,161.567626953125,130.38104248046875,33.5694021126321,33.40313706823819,35.25659087921406,59.15760803222656,53.05419921875,161.567626953125,3.606979442606876,14.509462352114266,33.40313706823819,1.017252604166615e-05,2.03450520833323e-05,0.3258412679036292,0.007456461588541287,5.086263020833075e-06,0.0,0.0,0.0,0.2522074381510288,0.08112589518228754,0.0,0.0,0.0,0.056004842122392984,0.21248881022134333,0.06483968098958003
C:\Users\Fakhri\OneDrive\Documents\SM 6\Prak PC\klasifikasi_jenis_kain_glcm_knn\dataset\Silk\silk_138.png,Silk,61.25265824888097,28.045693544173567,5.739071369852052,1.5336023958011475,0.1929379221403328,0.05250253667524592,0.04121210772953111,0.005479382524289964,0.6144755120914902,0.17665263516692367,0.0017284614563579717,0.0004701124925138472,127.64906311035156,157.7917022705078,171.36683654785156,35.20404299200278,36.28368071127795,35.270653242351436,99.13298034667969,67.16331481933594,171.38864135742188,2.498962419813299,16.690137352249632,35.31836651537508,1.017252604166615e-05,0.0,0.0,0.0024871826171873734,0.3308258056640457,1.017252604166615e-05,0.0,0.0,0.11801656087238982,0.21531677246092654,0.0,0.0,0.0,0.034815470377602395,0.20252482096353136,0.09599304199218262
C:\Users\Fakhri\OneDrive\Documents\SM 6\Prak PC\klasifikasi_jenis_kain_glcm_knn\dataset\Silk\silk_024.png,Silk,40.79849489667035,13.630206864460591,3.8407909372115956,0.7920092166543787,0.3615818222648544,0.05384942991697775,0.108788475859547,0.011840362548670281,0.4227950995758132,0.192845045852381,0.011975126665127194,0.0026437867225713647,80.45819091796875,35.96372985839844,39.48188781738281,26.233401747287708,22.89458383064472,23.62908561162984,157.5021514892578,149.06271362304688,80.45819091796875,55.665909467231685,28.634085665908817,26.233401747287708,0.037267049153643934,0.0,0.0,0.0,0.0,0.0,1.017252604166615e-05,0.29605611165363077,0.003423055013020659,0.0660349527994758,0.26328023274738244,0.0005950927734374698,0.08904520670572463,0.22273254394530115,0.02014668782551981,0.0014088948567707615
C:\Users\Fakhri\OneDrive\Documents\SM 6\Prak PC\klasifikasi_jenis_kain_glcm_knn\dataset\Nylon\nylon_039.png,Nylon,17.893038332207375,8.955962819535626,3.061086191641286,0.8751524465308281,0.3071253351144582,0.07379140428275882,0.06584594579730436,0.009228492223223948,0.7495478356903363,0.12532676606388302,0.0044208536466556515,0.0012442544757475472,70.53218078613281,105.23527526855469,134.429931640625,20.744372284728527,24.98210580625012,27.371721810623086,103.72865295410156,123.28640747070312,134.429931640625,1.1478104386801544,15.570533061298146,27.371721810623086,0.0,0.0,0.0,0.0,0.3333333333333164,0.0,0.0,0.0,0.00020853678385415606,0.19497172037759425,0.13815307617186798,0.0,9.663899739582841e-05,0.14134724934895113,0.18600972493488635,0.005879720052083034
C:\Users\Fakhri\OneDrive\Documents\SM 6\Prak PC\klasifikasi_jenis_kain_glcm_knn\dataset\Cotton\cotton_142.png,Cotton,2.8926527429091737,1.8676401217241771,1.1849826029976462,0.4406693532364824,0.5562303550316384,0.10818487570589053,0.177145804186101,0.02512950101836293,0.8610524091167518,0.09018140445429434,0.032012127762172334,0.009173443623266754,233.2306671142578,240.80804443359375,242.00851440429688,13.678222859614763,13.110504690373553,10.511171664044557,89.32582092285156,10.415573120117188,243.10760498046875,13.693885043209791,4.09666162945515,11.345254539352988,0.0,0.0,0.03532918294270653,0.09093221028645371,0.20703124999998945,4.06901041666646e-05,0.0,0.0,0.3333333333333164,0.0,0.0,0.0,0.0,0.0,5.086263020833075e-06,0.3333282470702955
C:\Users\Fakhri\OneDrive\Documents\SM 6\Prak PC\klasifikasi_jenis_kain_glcm_knn\dataset\Cotton\cotton_125.png,Cotton,16.837445020338766,11.990245572624975,2.8036077643110224,1.0213167890437114,0.3437967020685088,0.08644262682897758,0.062136920946796605,0.010143269959076818,0.9071242392821189,0.06595092774227954,0.003963882870211163,0.0013120938779095294,67.62303161621094,75.33282470703125,80.44358825683594,36.52180393991889,38.169007249738826,40.78103812018161,100.86068725585938,44.44404602050781,80.48646545410156,5.815150913167582,13.477620438969058,40.73826458125797,0.0,1.017252604166615e-05,0.00014750162760415915,0.009124755859374535,0.32213846842446275,0.0018971761067707368,1.5258789062499222e-05,0.0,0.29968261718748473,0.03363545735676912,1.5258789062499222e-05,0.0,0.1300557454427017,0.16237386067707507,0.03289286295572749,0.008010864257812092
C:\Users\Fakhri\OneDrive\Documents\SM 6\Prak PC\klasifikasi_jenis_kain_glcm_knn\dataset\Denim\denim_061.png,Denim,10.655121758419154,5.603953087609354,2.216279603945956,0.6520236918860699,0.40962219556998875,0.07867590724736727,0.11758021483132036,0.014965000121238194,0.7014027232109733,0.15702941147127394,0.014049058148408107,0.003571003544675268,28.108154296875,35.349609375,40.74610900878906,15.538197072796684,17.145063800932242,19.11456952175665,101.74861145019531,83.12693786621094,40.78501892089844,5.958317450337566,19.288322451517956,19.07154951835134,3.560384114583152e-05,5.086263020833075e-06,9.663899739582841e-05,0.00890096028645788,0.3219451904296711,0.002329508463541548,2.03450520833323e-05,0.0,0.051722208658851535,0.27851867675779834,0.003092447916666509,0.0,0.2935536702473809,0.039367675781247995,0.0004069010416666459,5.086263020833075e-06
C:\Users\Fakhri\OneDrive\Documents\SM 6\Prak PC\klasifikasi_jenis_kain_glcm_knn\dataset\Silk\silk_073.png,Silk,45.891549847114014,20.800376060240207,4.7796251823491325,1.2961418493022296,0.2513644978388504,0.06348908375716403,0.07046006044611787,0.011258726826629364,0.5129530671500255,0.22113853120609328,0.0050913790478272465,0.0016336095442236551,39.585235595703125,56.77677917480469,79.39451599121094,23.437467406850292,28.363417493018353,34.293921781005295,107.1177978515625,135.0898895263672,79.39451599121094,1.9819613480862548,23.57114871684116,34.293921781005295,1.5258789062499222e-05,0.0,0.0,0.0,0.33216349283852475,0.001154581705729108,0.0,0.0,0.001988728841145732,0.121058146158848,0.2102355957031143,5.086263020833074e-05,0.1345723470052015,0.16135152180988763,0.03670247395833146,0.0007069905598957974
C:\Users\Fakhri\OneDrive\Documents\SM 6\Prak PC\klasifikasi_jenis_kain_glcm_knn\dataset\Nylon\nylon_086.png,Nylon,2.8389899838117256,1.7347285267232921,1.258152636055716,0.4402860725742563,0.5168324564482412,0.10842940095609523,0.13660994565979037,0.020385397066420542,0.8204224510907429,0.10978333273078411,0.019077841666726502,0.005656425222476703,44.29815673828125,52.58885192871094,60.428802490234375,10.54676795181061,11.28573603078114,12.485298845526751,104.41252136230469,69.17329406738281,60.42887878417969,3.0373862790018737,10.05000384070992,12.485104958518153,0.0,0.0,0.0,2.543131510416537e-05,0.33243815104164975,0.0008697509765624558,0.0,0.0,0.10218302408853647,0.2311503092447799,0.0,0.0,0.19720458984373995,0.1361287434895764,0.0,0.0
C:\Users\Fakhri\OneDrive\Documents\SM 6\Prak PC\klasifikasi_jenis_kain_glcm_knn\dataset\Nylon\nylon_020.png,Nylon,17.517685657770834,7.419517048846273,3.204652962738944,0.7704056450501438,0.2772666746443306,0.06114050670656343,0.06651106650785539,0.00733757650939711,0.7455552647360538,0.10771828491700541,0.00447756199704362,0.0010000528023891607,63.33027648925781,68.36309814453125,75.35453796386719,22.46379471141424,23.617995005029133,25.445522176859555,107.41964721679688,42.17890930175781,75.35664367675781,5.332251400909107,11.905393419056411,25.444086495451156,2.03450520833323e-05,0.0,5.086263020833075e-06,0.0005289713541666397,0.28307088216144394,0.04961649576822664,9.155273437499534e-05,0.0,0.31318664550779657,0.02014668782551981,0.0,0.0,0.12852478027343095,0.19427998860676093,0.010518391927082798,1.017252604166615e-05
C:\Users\Fakhri\OneDrive\Documents\SM 6\Prak PC\klasifikasi_jenis_kain_glcm_knn\dataset\Denim\denim_072.png,Denim,33.897168747496515,18.41080825744709,4.19534505202441,1.2580917753735752,0.24349863553682072,0.06351000063655791,0.05519367209650805,0.007383796142579535,0.700848147670284,0.16232744360627352,0.0031008618849720244,0.0008342139297275865,58.20765686035156,64.57733154296875,71.2802734375,29.301608731594275,30.183178978835993,31.749314173102093,104.33819580078125,51.35675048828125,71.31214904785156,7.026070388505952,20.507696120794776,31.738040471928805,0.00018819173177082375,4.577636718749767e-05,0.0003967285156249798,0.006266276041666348,0.30804951985675516,0.01816813151041574,0.00019327799479165682,2.543131510416537e-05,0.24023437499998776,0.09305826822916193,4.06901041666646e-05,0.0,0.15630086263020038,0.15585327148436706,0.02065022786458228,0.0005289713541666397
C:\Users\Fakhri\OneDrive\Documents\SM 6\Prak PC\klasifikasi_jenis_kain_glcm_knn\dataset\Nylon\nylon_094.png,Nylon,5.873990711198988,4.119299135639991,1.798309243577461,0.7064979241241764,0.4228701526838316,0.12050934485292962,0.1142138350658602,0.01843243987679519,0.7158319908070353,0.19914509720869447,0.01338455496026319,0.004321885156988961,41.33598327636719,49.15751647949219,56.50825500488281,12.065427424832,12.93888631268611,14.094500013622646,104.33564758300781,70.14625549316406,56.50859069824219,3.1961427331894066,11.90995263455324,14.093762539092072,0.0,0.0,0.0,8.13802083333292e-05,0.33215332031248307,0.001098632812499944,0.0,0.0,0.10634867350259875,0.2269846598307176,0.0,0.0,0.232457478841134,0.10087585449218237,0.0,0.0
C:\Users\Fakhri\OneDrive\Documents\SM 6\Prak PC\klasifikasi_jenis_kain_glcm_knn\dataset\Cotton\cotton_088.png,Cotton,28.431937125602705,19.6095677462973,3.904392307062675,1.4708734323631785,0.2507419652453707,0.0838154601934967,0.05240329153944279,0.009227745788348589,0.7001987067387753,0.20674531669531226,0.0028312562565022217,0.0010106239100261137,120.10232543945312,123.69871520996094,119.90101623535156,26.586867788082692,27.851844683168462,28.391718409801523,59.673370361328125,11.337448120117188,123.88307189941406,21.377999494686538,5.146229513411342,27.87082821679267,0.0075073242187496175,0.06859334309895485,0.13841247558593045,0.08028157552082925,0.036458333333331476,0.001647949218749916,0.0003000895182291514,0.00013224283854165994,0.3333231608072747,1.017252604166615e-05,0.0,0.0,0.0027008056640623625,0.17635091145832435,0.15326944986978386,0.0010121663411457819
C:\Users\Fakhri\OneDrive\Documents\SM 6\Prak PC\klasifikasi_jenis_kain_glcm_knn\dataset\Cotton\cotton_060.png,Cotton,38.88751753421276,30.1253246096087,4.655889375093187,1.9453029051428627,0.21317385808385345,0.08415954930690771,0.04168849464713581,0.008106990270530391,0.7752602995384738,0.17427369213975433,0.001803653877190745,0.000715578210110488,171.2001190185547,170.6759796142578,162.15475463867188,35.561646235360534,37.71162382422237,39.541598756273096,34.458587646484375,17.065887451171875,172.33726501464844,17.393854290996405,11.65983595795187,36.426040429584766,0.06530761718749667,0.2045593261718646,0.0406901041666646,0.01533508300781172,0.006688435872395493,0.0003509521484374821,0.00019327799479165682,0.00020853678385415606,0.3329213460286289,0.000411987304687479,0.0,0.0,0.0,0.046315511067705976,0.17018127441405384,0.11683654785155655
C:\Users\Fakhri\OneDrive\Documents\SM 6\Prak PC\klasifikasi_jenis_kain_glcm_knn\dataset\Denim\denim_013.png,Denim,6.257765502030068,3.2292189303004397,1.6923938528422378,0.497217470355736,0.4745013910257922,0.08386915354786732,0.14041932662996454,0.017846224595221866,0.7049723544376051,0.15225462792283614,0.020036075023515773,0.005091487302616741,23.439651489257812,29.108230590820312,35.20347595214844,11.418912412913805,13.254657039461675,16.170337736494066,104.12284851074219,85.26028442382812,35.24055480957031,7.545483772266752,19.359697392303744,16.124535678260393,0.00024922688802082063,1.5258789062499222e-05,0.000274658203124986,0.008814493815103719,0.3059336344400886,0.018020629882811584,2.03450520833323e-05,5.086263020833075e-06,0.039347330729164666,0.2897135416666519,0.004272460937499782,0.0,0.31449890136717146,0.018702189127603214,0.00013224283854165994,0.0
C:\Users\Fakhri\OneDrive\Documents\SM 6\Prak PC\klasifikasi_jenis_kain_glcm_knn\dataset\Denim\denim_157.png,Denim,29.138499867367685,19.993155664932527,3.915767085602442,1.395595613595969,0.25153787452450094,0.07402440927082803,0.04385580513746556,0.007138193200242086,0.8705675121109846,0.08874414528844163,0.001974285446419332,0.000651572701109871,93.22749328613281,104.29225158691406,117.657470703125,40.78427784918434,42.91376906900078,44.307124947819844,106.3326416015625,57.44477844238281,117.65777587890625,2.681419166150163,17.011426856522636,44.30675398914251,0.0,0.0,0.0,3.560384114583152e-05,0.3300170898437332,0.0032755533854165,5.086263020833075e-06,0.0,0.2168782552083223,0.11644999186197323,5.086263020833075e-06,0.0,0.032760620117185835,0.17150878906249126,0.10631815592447376,0.02274576822916551
C:\Users\Fakhri\OneDrive\Documents\SM 6\Prak PC\klasifikasi_jenis_kain_glcm_knn\dataset\Silk\silk_198.png,Silk,101.92177507244656,73.74843120868344,7.237425329450829,3.216432309740013,0.1678508165742145,0.08643574670852038,0.04687244835548285,0.00915292900173637,0.5268668722811728,0.34195245725748497,0.0022808025241482332,0.00089385442259219,94.20512390136719,91.28561401367188,89.29142761230469,39.90494831336065,41.80977967346104,43.66383797634658,44.43431091308594,22.297500610351562,95.00895690917969,53.39486020510186,14.970632991002931,41.25980510212165,0.20127868652342726,0.045181274414060196,0.004567464192708101,0.0024058024088540442,0.02063496907551978,0.02269999186197801,0.011769612630207734,0.024795532226561237,0.32973734537758737,0.0035959879557289835,0.0,0.0,0.08929951985676629,0.1691284179687414,0.06677754720051743,0.008127848307291253
C:\Users\Fakhri\OneDrive\Documents\SM 6\Prak PC\klasifikasi_jenis_kain_glcm_knn\dataset\Wool\wool_179.png,Wool,7.310318130734739,3.143285520345358,1.8448053291322426,0.47942556929311964,0.4557805785919083,0.07705468037867562,0.15692807073197393,0.018681262444990795,0.5370430236061382,0.19876818520878942,0.024975408950198036,0.005962202166791095,20.92822265625,23.87945556640625,25.520843505859375,10.638661913502055,11.257569677572018,12.630292347619521,95.90623474121094,50.545745849609375,25.846420288085938,20.933630127320868,20.76083159480851,12.470227740417926,0.006785074869791321,0.001988728841145732,0.008961995442707878,0.056508382161455456,0.2115732828775934,0.04483032226562272,0.002192179361979055,0.0004933675130208082,0.24474080403644588,0.08806355794270385,0.0005289713541666397,0.0,0.3303222656249832,0.002995808919270681,1.5258789062499222e-05,0.0
C:\Users\Fakhri\OneDrive\Documents\SM 6\Prak PC\klasifikasi_jenis_kain_glcm_knn\dataset\Denim\denim_047.png,Denim,18.31162319319841,10.727955711130589,3.074739638369149,0.9573626401408166,0.30765559883235744,0.07350697777811759,0.07063432251444765,0.009630324666095971,0.7353382382118681,0.15479988799165034,0.005081950670249424,0.0013900034168143115,47.353515625,55.819915771484375,62.388916015625,22.53219665993579,23.837484920723185,24.58928411936208,102.10031127929688,66.26640319824219,62.43473815917969,5.8394695135757155,22.52070643704632,24.59699926765653,3.560384114583152e-05,2.03450520833323e-05,0.000274658203124986,0.008478800455728734,0.32208760579425444,0.0024312337239582094,0.0,5.086263020833075e-06,0.14527384440103427,0.18764241536457377,0.0004170735677083121,0.0,0.18794250488280292,0.1401112874348887,0.005274454752603898,5.086263020833075e-06
C:\Users\Fakhri\OneDrive\Documents\SM 6\Prak PC\klasifikasi_jenis_kain_glcm_knn\dataset\Cotton\cotton_073.png,Cotton,5.752921287734833,3.1744734084931463,1.7642120698286323,0.5473537467609584,0.432390520508753,0.09281747840217779,0.09625140666676836,0.014152465716556508,0.8552545060943633,0.07995205174584331,0.00946462557118993,0.0028291464019585214,207.35791015625,204.11790466308594,219.96267700195312,16.35507497593608,18.74069835629969,17.704911126277008,125.68302917480469,18.815155029296875,219.96360778808594,6.03427578155507,4.06915543329588,17.70562622159119,0.0,0.0,1.5258789062499222e-05,0.00010681152343749457,0.00478108723958309,0.30526733398435946,0.02316284179687382,0.0,0.3333333333333164,0.0,0.0,0.0,0.0,0.0,0.024459838867186254,0.3088734944661301
C:\Users\Fakhri\OneDrive\Documents\SM 6\Prak PC\klasifikasi_jenis_kain_glcm_knn\dataset\Silk\silk_018.png,Silk,117.95123645480747,42.97039535395261,7.514370747784695,1.6533344467086568,0.192084062124835,0.041103437686200076,0.047546307483016005,0.005707289126725995,0.41866383526406875,0.21170385714734194,0.002293224504445549,0.0005685336090458477,133.4756317138672,137.05615234375,139.76393127441406,39.62342712626051,40.398663625119354,41.876173094022725,94.72732543945312,12.099884033203125,140.12054443359375,26.240349237855817,6.725482817402532,41.603423465341045,0.013061523437499336,0.007670084635416276,0.014022827148436785,0.031356811523435904,0.22558085123696767,0.03600565592447733,0.0042978922526039475,0.0013376871744790987,0.3333333333333164,0.0,0.0,0.0,0.0,0.16180419921874176,0.12585957845051443,0.045669555664060175
C:\Users\Fakhri\OneDrive\Documents\SM 6\Prak PC\klasifikasi_jenis_kain_glcm_knn\dataset\Denim\denim_026.png,Denim,3.090321704587866,1.4518096017895126,1.1815133274566778,0.31045466790028475,0.5669223489155361,0.0712615694333452,0.1961849257593021,0.019688600792302523,0.6840491268143941,0.1483041154104582,0.038876166096341536,0.007820390282582832,20.31268310546875,23.561370849609375,24.609298706054688,8.437026623188892,8.766036823306655,10.096704268891836,92.70826721191406,49.828857421875,25.074066162109375,19.356508691479547,19.315103384731717,9.811270265026645,0.005259195963541399,0.0017751057942707428,0.01164754231770774,0.08241780598957914,0.2018534342447814,0.029195149739581847,0.0009155273437499534,0.0002695719401041529,0.24850972493488319,0.08467102050780818,0.00015258789062499222,0.0,0.3329518636067539,0.0003814697265624806,0.0,0.0
C:\Users\Fakhri\OneDrive\Documents\SM 6\Prak PC\klasifikasi_jenis_kain_glcm_knn\dataset\Denim\denim_177.png,Denim,11.774951060987071,6.966480492843234,2.353656379131675,0.7687738678653343,0.3884018596126298,0.08740897525040928,0.1092657124301543,0.015341328227924361,0.6815206854661781,0.18790992324924735,0.012174352264666085,0.0034634006160708785,29.211044311523438,36.68705749511719,47.02748107910156,15.177814699529518,17.479594890073304,20.886374112666214,107.03546142578125,98.82057189941406,47.03057861328125,4.11028757179208,20.363435650428087,20.88270608271547,1.017252604166615e-05,0.0,5.086263020833075e-06,0.0007375081380207957,0.31463114420571314,0.017944335937499088,5.086263020833075e-06,0.0,0.018412272135415728,0.2921244303385268,0.022796630859373838,0.0,0.27075195312498623,0.061203002929684384,0.0013732910156249302,5.086263020833075e-06
C:\Users\Fakhri\OneDrive\Documents\SM 6\Prak PC\klasifikasi_jenis_kain_glcm_knn\dataset\Denim\denim_051.png,Denim,10.67566591364171,5.434740561031368,1.9667581768759481,0.5626042449856685,0.4613581005257177,0.08068734353533025,0.15047442540997488,0.01848560711435954,0.7069481537538932,0.14919604809996825,0.02298427037284856,0.005664928476730267,24.610702514648438,28.635406494140625,31.580825805664062,16.403427423326715,17.048411115849365,18.792629706889347,100.15150451660156,60.825836181640625,31.74017333984375,12.271183747139611,19.39697519460392,18.674463598524312,0.0010782877604166117,0.00018310546874999068,0.0018056233723957413,0.03499857584635238,0.2645670572916532,0.030222574869790127,0.000411987304687479,6.612141927082997e-05,0.17691548665363682,0.15601603190103372,0.0004018147786458129,0.0,0.31698099772133803,0.014399210611978434,0.0018310546874999068,0.00012207031249999378
C:\Users\Fakhri\OneDrive\Documents\SM 6\Prak PC\klasifikasi_jenis_kain_glcm_knn\dataset\Wool\wool_054.png,Wool,32.96670586114246,14.896428401153738,4.105354224750065,1.0603159812240044,0.24719524452375297,0.059170528164881234,0.056308739429189604,0.006993729626403424,0.6733337210201689,0.14738025166338128,0.003219586390191605,0.0008161054869436556,98.83331298828125,104.70613098144531,110.21281433105469,27.166931962323716,28.66397396688437,30.185685540515042,103.36538696289062,26.380218505859375,110.28041076660156,8.795138909736918,8.242709287459293,30.15666943610034,0.00039164225260414674,0.0002950032552083183,0.0009307861328124526,0.010620117187499459,0.2970174153645682,0.023701985677082125,0.00028483072916665216,9.155273437499534e-05,0.3333180745442539,1.5258789062499222e-05,0.0,0.0,0.006713867187499658,0.24486287434894585,0.07602437337239196,0.005732218424478875
C:\Users\Fakhri\OneDrive\Documents\SM 6\Prak PC\klasifikasi_jenis_kain_glcm_knn\dataset\Wool\wool_163.png,Wool,26.087595136772325,14.920190531497923,3.672524326235371,1.1886269094271966,0.270161792658377,0.07922188439620079,0.055600078254152856,0.00897029472930802,0.7318771419696978,0.15351162912156602,0.0031718348893985723,0.0010597556046010143,102.01551818847656,96.71928405761719,91.22053527832031,26.61937191161397,28.273569903320126,29.41522024294605,21.687942504882812,30.846817016601562,102.117919921875,27.78092130407822,18.076999510874604,26.760443733209563,0.2766520182291526,0.03784179687499807,0.003061930338541511,0.0014851888020832578,0.0027669270833331925,0.0023549397786457133,0.0024464925130207086,0.006724039713541324,0.3185729980468588,0.014760335286457581,0.0,0.0,0.021433512369790575,0.252629597981758,0.059132893880205324,0.000137329101562493
C:\Users\Fakhri\OneDrive\Documents\SM 6\Prak PC\klasifikasi_jenis_kain_glcm_knn\dataset\Denim\denim_116.png,Denim,13.382539292030911,6.2380789285403235,2.4172599802205066,0.6503113405018236,0.4004915722895639,0.07359164674260069,0.11788097004449506,0.014677271537443266,0.6662764580075861,0.15553367213615504,0.014111345398414984,0.0035135314148376636,29.421051025390625,33.15690612792969,37.70062255859375,16.523180552623277,18.19550602283784,20.25955999870028,104.02714538574219,56.99641418457031,37.78800964355469,17.015928416955116,20.77054770138393,20.19338339205901,0.004486083984374772,0.001037597656249947,0.002456665039062375,0.014348347981770102,0.24087524414061273,0.06673685709635077,0.0027770996093748586,0.000615437825520802,0.205947875976552,0.12718200683593103,0.00020345052083332296,0.0,0.2990976969400889,0.03305562337239415,0.0011800130208332732,0.0
C:\Users\Fakhri\OneDrive\Documents\SM 6\Prak PC\klasifikasi_jenis_kain_glcm_knn\dataset\Nylon\nylon_124.png,Nylon,15.550023103162326,10.547193860341991,2.8308666246811947,1.0289310605584954,0.33001972388116285,0.09156476525872197,0.06207431286019249,0.010882305814526568,0.8596018791081225,0.09521001814280576,0.003971644896905938,0.0014227504993973197,91.39411926269531,91.39959716796875,87.82609558105469,29.20545927607381,30.46582852311619,29.986249445600194,66.25180053710938,24.804916381835938,94.80467224121094,47.855011162039105,22.90676787067799,31.68957214426438,0.09920756022134912,0.05615743001301798,0.007868448893228765,0.009292602539062026,0.10721333821614037,0.03595987955728983,0.010620117187499459,0.00701395670572881,0.3014221191406096,0.031911214192706705,0.0,0.0,0.053400675455726444,0.2251688639322802,0.054519653320309724,0.00024414062499998756
C:\Users\Fakhri\OneDrive\Documents\SM 6\Prak PC\klasifikasi_jenis_kain_glcm_knn\dataset\Silk\silk_044.png,Silk,61.91275796894039,21.759291641313773,5.064461617893996,1.0697424636607917,0.2692115636663333,0.04770958074763364,0.06914576751395755,0.0073906761401512115,0.588301406956274,0.14461891442942104,0.004835759258902869,0.0010601988409868434,55.23460388183594,77.23408508300781,103.00996398925781,32.572804282352394,35.35257981546371,37.953803741763224,106.13214111328125,126.62319946289062,103.0101318359375,2.045941677865639,29.168656739776672,37.95393496179523,3.0517578124998445e-05,0.0,1.5258789062499222e-05,3.0517578124998445e-05,0.3331756591796705,8.13802083333292e-05,0.0,0.0,0.011876424153645228,0.1350351969400973,0.18642171223957385,0.0,0.02848815917968605,0.22771708170571758,0.06673685709635077,0.010391235351561971
C:\Users\Fakhri\OneDrive\Documents\SM 6\Prak PC\klasifikasi_jenis_kain_glcm_knn\dataset\Silk\silk_132.png,Silk,31.80787394350337,18.106186927138737,3.882223056491904,1.2422873832299588,0.2779251120587426,0.07563826887604456,0.0470646495481662,0.007850519108664614,0.8863304383849376,0.06481429952115471,0.00227671188736721,0.0007901679615344746,183.9294891357422,185.46871948242188,202.75416564941406,46.58359145864321,48.56162521377676,44.36393051494921,114.72227478027344,27.0860595703125,202.87643432617188,12.26570345022917,13.515080046830379,44.49839751799872,7.629394531249611e-05,6.612141927082997e-05,0.0061086018880205225,0.00948079427083285,0.06547037760416333,0.2518208821614455,0.00031026204427081754,0.0,0.33019510904946237,0.003138224283854007,0.0,0.0,0.00022379557291665527,0.024724324544269573,0.09394836425780771,0.2144368489583224
C:\Users\Fakhri\OneDrive\Documents\SM 6\Prak PC\klasifikasi_jenis_kain_glcm_knn\dataset\Nylon\nylon_180.png,Nylon,17.363553107712818,11.885659474754785,3.136306735677399,1.2107121123007618,0.2820874535872228,0.1027305452585412,0.056267296140858715,0.009951790692563993,0.8447776881489771,0.10664753821199492,0.003265046752991697,0.001186342355715322,186.58433532714844,170.3376922607422,131.15443420410156,28.611829335692484,30.921218078953252,29.555549168062075,21.297286987304688,77.54139709472656,186.5843505859375,1.7993739316251403,16.05859597804893,28.611855422548874,0.2477467854817582,0.08558654785155814,0.0,0.0,0.0,0.0,0.0,0.0,0.06337992350260094,0.26994323730467373,1.017252604166615e-05,0.0,0.0,0.0075022379557287844,0.1664683024088457,0.1593627929687419
C:\Users\Fakhri\OneDrive\Documents\SM 6\Prak PC\klasifikasi_jenis_kain_glcm_knn\dataset\Wool\wool_121.png,Wool,2.1257902950851033,0.7491797094875573,0.9545453256861177,0.20727180051204228,0.621873124859592,0.06042345186110072,0.2342113414578474,0.020495236776451514,0.6404622376317713,0.12699927384852153,0.0552750071980072,0.009752132679421183,14.312606811523438,18.46435546875,19.2449951171875,6.134989940195576,7.002356796652563,8.055873645687887,92.13316345214844,70.85118103027344,19.680877685546875,13.155485013006007,21.336629617549544,7.8349344641670795,0.0017293294270832452,0.00026448567708331987,0.004267374674478949,0.09130350748697452,0.2266743977864468,0.008921305338541212,0.00015258789062499222,2.03450520833323e-05,0.11278788248697343,0.21531677246092654,0.005228678385416401,0.0,0.3332061767577955,0.00012715657552082686,0.0,0.0
C:\Users\Fakhri\OneDrive\Documents\SM 6\Prak PC\klasifikasi_jenis_kain_glcm_knn\dataset\Silk\silk_014.png,Silk,131.4697130017191,47.55614919218742,7.701556753375409,1.6908099779001142,0.2037705963023451,0.0412484068578075,0.05137826018106243,0.006239699749046447,0.3947818013722229,0.21898038461651706,0.002678659472191196,0.0006661937569849466,122.23617553710938,119.43345642089844,120.40653991699219,40.07136244328975,42.109284011704794,44.114534524676095,77.70207214355469,13.198760986328125,123.8197021484375,65.32005693684789,9.105173756643705,41.71511819993708,0.1385599772135346,0.011678059895832739,0.0026957194010415295,0.002532958984374871,0.031249999999998408,0.0622355143229135,0.03598022460937317,0.04840087890624754,0.3333333333333164,0.0,0.0,0.0,0.0,0.22591145833332182,0.0747222900390587,0.032699584960935835
C:\Users\Fakhri\OneDrive\Documents\SM 6\Prak PC\klasifikasi_jenis_kain_glcm_knn\dataset\Cotton\cotton_092.png,Cotton,18.193600875188725,11.448517600823969,3.1056289921745166,1.0605387079963273,0.2999981449602638,0.08354200769968012,0.055360644199838265,0.009236678697897661,0.8382860706760514,0.10169730128552447,0.0031501171595892836,0.001066641222200945,123.22210693359375,127.17546081542969,123.35574340820312,29.180496195336737,30.35099625843469,30.795283572778434,60.90644836425781,11.113113403320312,127.32246398925781,20.10946659898363,4.495427653371839,30.39219458122142,0.006327311197916344,0.05531311035155968,0.1482340494791591,0.08965047200520376,0.03220621744791503,0.0012512207031249362,0.00022379557291665527,0.00012715657552082686,0.3333333333333164,0.0,0.0,0.0,0.0015411376953124215,0.16977945963540803,0.1577809651692628,0.004231770833333118
C:\Users\Fakhri\OneDrive\Documents\SM 6\Prak PC\klasifikasi_jenis_kain_glcm_knn\dataset\Silk\silk_085.png,Silk,33.31268349383369,13.571656162338668,3.9336479912264366,0.9512884996021796,0.28684374583801336,0.059952470582618926,0.08000289118358485,0.009763834146155545,0.5779054321261324,0.17258545860497174,0.006495795054966155,0.0016073783606883748,40.078277587890625,56.311798095703125,75.2659912109375,22.203728534887297,26.22583718582034,30.012734632665218,105.36988830566406,124.68873596191406,75.26629638671875,5.239867887480278,23.874236097606907,30.01282750745721,1.5258789062499222e-05,0.0,5.086263020833075e-06,6.612141927082997e-05,0.30975341796873423,0.02349344889322797,0.0,0.0,0.005360921223958061,0.15736897786457532,0.1705932617187413,1.017252604166615e-05,0.14529927571613843,0.16647847493488735,0.02086385091145727,0.0006917317708332981
C:\Users\Fakhri\OneDrive\Documents\SM 6\Prak PC\klasifikasi_jenis_kain_glcm_knn\dataset\Nylon\nylon_073.png,Nylon,4.660379798430966,1.53166844728811,1.54760438013478,0.2972817427597561,0.4745738859624817,0.06005822711808254,0.09248002723769122,0.00877093824051792,0.9258801411321205,0.024392571060477052,0.00862948479550309,0.0016681147969181233,80.29972839355469,90.42575073242188,103.72581481933594,21.92646827269019,22.22333796325728,25.208879634039253,106.86653137207031,59.10736083984375,103.72584533691406,3.0428598090844377,10.725185841997357,25.208821857635137,0.0,0.0,0.0,5.086263020833075e-06,0.32508850097654596,0.00823974609374958,0.0,0.0,0.23026529947915494,0.10306803385416141,0.0,0.0,0.011983235677082723,0.25846354166665353,0.06287129720051764,1.5258789062499222e-05
C:\Users\Fakhri\OneDrive\Documents\SM 6\Prak PC\klasifikasi_jenis_kain_glcm_knn\dataset\Denim\denim_084.png,Denim,21.805617445791185,11.920645955453214,3.2434087536359297,0.9859618850357915,0.3163397020851871,0.07315983966384443,0.08374714973388175,0.011350782103363951,0.7065397873166654,0.16027559479881195,0.007142425342907258,0.0019362363525398036,38.28167724609375,45.75592041015625,54.20433044433594,22.72146938180837,24.75038461185031,26.896039187881467,105.37654113769531,80.06671142578125,54.213653564453125,5.16758504094632,23.35295569772131,26.88591553137663,3.560384114583152e-05,0.0,5.086263020833074e-05,0.002237955729166553,0.3156077067057131,0.01538594563802005,1.5258789062499222e-05,0.0,0.08302815755207911,0.2447458902994667,0.00555928548177055,0.0,0.2348887125650922,0.09193929036457865,0.006490071614583003,1.5258789062499222e-05
C:\Users\Fakhri\OneDrive\Documents\SM 6\Prak PC\klasifikasi_jenis_kain_glcm_knn\dataset\Wool\wool_107.png,Wool,24.408761839880537,14.073670087972737,3.5962939538368928,1.1575645987812706,0.2690492221419885,0.07581531521514662,0.044751535639527246,0.0071704547861046065,0.8643126084053131,0.07841099292312202,0.002054115363935448,0.0006637624488121818,176.64755249023438,171.8555450439453,164.35597229003906,35.905925575690304,38.59840152669497,40.683611288258106,24.088088989257812,20.290298461914062,176.90078735351562,21.72078117690794,13.459486504830888,36.21657792999057,0.2348734537760297,0.07328796386718377,0.010457356770832801,0.005040486653645576,0.00431823730468728,0.0013631184895832639,0.0011952718098957725,0.002797444661458191,0.3331654866536289,0.00016784667968749146,0.0,0.0,0.0,0.03458658854166491,0.1726481119791579,0.1260986328124936
C:\Users\Fakhri\OneDrive\Documents\SM 6\Prak PC\klasifikasi_jenis_kain_glcm_knn\dataset\Denim\denim_175.png,Denim,17.774839111318652,10.139395826422929,2.8702553446707704,0.9104244072569032,0.3433711998389317,0.08005790893836287,0.09265500168398945,0.012850860791243486,0.682945254922792,0.18087255498121754,0.008750093960136008,0.0024271547605305174,34.985748291015625,42.0137939453125,52.176544189453125,19.48558986573308,21.539453380124872,23.863248122523068,107.68052673339844,87.88198852539062,52.179229736328125,4.6100770589170725,23.05839400271657,23.86150542514192,3.560384114583152e-05,1.5258789062499222e-05,4.06901041666646e-05,0.0004882812499999751,0.2986602783202973,0.03399658203124827,9.155273437499534e-05,5.086263020833075e-06,0.04789225260416423,0.2761484781900901,0.009292602539062026,0.0,0.2473449707031124,0.08214823404947498,0.003758748372395642,8.13802083333292e-05
C:\Users\Fakhri\OneDrive\Documents\SM 6\Prak PC\klasifikasi_jenis_kain_glcm_knn\dataset\Denim\denim_114.png,Denim,11.680184659736463,5.9118606990229035,2.1830544813440005,0.6383189140219925,0.43645937473737817,0.08083001218731269,0.14004624763939258,0.01845759190936083,0.6544798118009912,0.17463088798928333,0.019953634176966568,0.0052312615539756805,25.611526489257812,31.39251708984375,37.24189758300781,14.990569572228189,16.656735933700816,19.013861246985318,103.97866821289062,82.48597717285156,37.27085876464844,6.654569662740407,19.16006311816734,18.98938695176388,8.13802083333292e-05,3.560384114583152e-05,0.00011189778645832764,0.006841023763020485,0.3107198079426925,0.015528361002603377,1.5258789062499222e-05,0.0,0.04972839355468497,0.2807159423827982,0.002888997395833186,0.0,0.30528259277342196,0.026860555013019465,0.0011901855468749395,0.0
C:\Users\Fakhri\OneDrive\Documents\SM 6\Prak PC\klasifikasi_jenis_kain_glcm_knn\dataset\Denim\denim_120.png,Denim,20.119766541708852,10.983372967881502,2.7002229398660784,0.8214626122309455,0.40771356176365564,0.0772894940761667,0.1264788508375854,0.016619969131918863,0.7397403089635954,0.1419116942607318,0.016273123083142105,0.004250049950797352,30.28570556640625,33.586395263671875,38.57337951660156,24.04887767844014,24.917617200320908,26.63712893974356,106.70681762695312,61.08518981933594,38.616302490234375,11.786555654373265,21.901608184302827,26.606714563487127,0.0013732910156249302,0.00011189778645832764,0.000818888346354125,0.009607950846353677,0.23756917317707124,0.0824890136718708,0.0011901855468749395,0.00017293294270832453,0.17100016276040797,0.16183471679686676,0.0004984537760416413,0.0,0.29521179199217246,0.03140767415364423,0.006123860677083022,0.0005900065104166366
C:\Users\Fakhri\OneDrive\Documents\SM 6\Prak PC\klasifikasi_jenis_kain_glcm_knn\dataset\Wool\wool_015.png,Wool,5.2484981290727,2.963241003473684,1.5777077603480592,0.49823767813416187,0.48739993360482364,0.08833781932124231,0.11718550914324939,0.016175775806291634,0.8597460166095746,0.07941996732358794,0.013994099276098002,0.003856961900787637,37.33457946777344,40.24528503417969,48.501800537109375,15.935312481997011,17.35507444685377,20.825337906164002,112.41511535644531,58.64738464355469,48.52195739746094,12.346758303019621,16.78106833098811,20.79815175695431,0.0017649332682290768,0.00019327799479165682,0.00034586588541664907,0.0022125244140623872,0.16340128580728336,0.1579030354817628,0.006271362304687181,0.0012410481770832702,0.20072428385415644,0.1326090494791599,0.0,0.0,0.2573750813801952,0.07552591959635033,0.0004323323567708113,0.0
C:\Users\Fakhri\OneDrive\Documents\SM 6\Prak PC\klasifikasi_jenis_kain_glcm_knn\dataset\Wool\wool_034.png,Wool,5.911035896434225,2.1850998633769954,1.693885078644298,0.3695421948418741,0.4603340602223626,0.06624015349879507,0.1319810966867744,0.013332726274542104,0.6309518904834965,0.13641925256778797,0.017596771472555558,0.00359869442917554,33.077301025390625,38.12974548339844,41.08428955078125,10.735586319059315,11.422828661067296,12.591068641280675,99.38240051269531,51.346282958984375,41.2882080078125,11.611524855581429,15.812630008933555,12.503658111669946,0.0007731119791666273,0.000411987304687479,0.0024058024088540442,0.03370157877603995,0.27300516764321525,0.022191365559894705,0.0007375081380207957,0.00010681152343749457,0.2570800781249869,0.07624816894530861,5.086263020833075e-06,0.0,0.31758117675779635,0.015721638997395034,3.0517578124998445e-05,0.0
C:\Users\Fakhri\OneDrive\Documents\SM 6\Prak PC\klasifikasi_jenis_kain_glcm_knn\dataset\Nylon\nylon_082.png,Nylon,3.5859266161777743,1.1567340579513974,1.4161947640720085,0.2588517044525905,0.48550532417168774,0.05608343849538974,0.09356102347686462,0.008437610709526623,0.9346164202179669,0.021205570690044653,0.008824858388523935,0.0016206808880512983,95.81411743164062,107.4666748046875,124.59326171875,19.620357505078314,21.061971583869273,24.514134898465723,107.75776672363281,59.11199951171875,124.59326171875,2.4951354856156067,7.027839801905687,24.514134898465723,0.0,0.0,0.0,0.0,0.3236796061197752,0.009653727213541175,0.0,0.0,0.24361673990884175,0.08971659342447459,0.0,0.0,0.0,0.17831420898436592,0.15500895182290877,1.017252604166615e-05
C:\Users\Fakhri\OneDrive\Documents\SM 6\Prak PC\klasifikasi_jenis_kain_glcm_knn\dataset\Silk\silk_127.png,Silk,21.478248914679014,15.466702028294684,2.986368380418886,1.1947276481070597,0.37355198751655455,0.09325350525315904,0.064488434006872,0.0095485752445593,0.952664188140358,0.03417825256275927,0.004249933409859695,0.0012362021479231432,155.17344665527344,158.50393676757812,175.30792236328125,59.043564496258384,61.48003193348208,58.52150521795479,111.08055114746094,33.43312072753906,175.5849151611328,15.45687861747967,14.320786052066662,58.881980329544874,0.0,0.0,0.017476399739582444,0.013264973958332657,0.08359273274739158,0.21890767415363468,9.155273437499534e-05,0.0,0.330815633138004,0.0025177001953123716,0.0,0.0,0.0026143391927082003,0.09015909830728708,0.0937754313150994,0.1467844645182217
C:\Users\Fakhri\OneDrive\Documents\SM 6\Prak PC\klasifikasi_jenis_kain_glcm_knn\dataset\Silk\silk_075.png,Silk,57.965606809946145,25.708101587168294,5.3330341892585285,1.426132633698939,0.2347436740809782,0.0607940434193538,0.06549600869114332,0.010492533193867337,0.4944466273488331,0.22454233287076816,0.0043998204072947305,0.0014177457488478045,43.08772277832031,59.85920715332031,81.56842041015625,26.705955876006403,31.187202016008534,35.974532805025476,107.03208923339844,128.59373474121094,81.56852722167969,2.1575994855136953,25.56525410036136,35.974669603672275,2.03450520833323e-05,0.0,0.0,2.543131510416537e-05,0.3314361572265456,0.0018513997395832392,0.0,0.0,0.005274454752603898,0.14392089843749267,0.18407185872394896,6.612141927082997e-05,0.1300557454427017,0.16016133626301268,0.0412597656249979,0.0018564860026040722
C:\Users\Fakhri\OneDrive\Documents\SM 6\Prak PC\klasifikasi_jenis_kain_glcm_knn\dataset\Wool\wool_027.png,Wool,19.43175023027091,8.105069417882707,2.960523351453483,0.7401071148546841,0.34179842004477373,0.06763517197392145,0.07497214817759593,0.00979222201856702,0.7751399369545298,0.09374380243416995,0.005716710614424309,0.0015040902400519343,50.89570617675781,54.48797607421875,58.189727783203125,25.625582403263092,26.287508812823894,28.072132093793083,102.59823608398438,34.680511474609375,58.3189697265625,16.639870121183062,13.99001858300897,27.983564255129448,0.0037943522135414735,0.0015563964843749209,0.0035349527994789865,0.01801554361979075,0.25085449218748723,0.052403767903643164,0.0025939941406248677,0.0005798339843749705,0.3228658040364419,0.010467529296874467,0.0,0.0,0.21289571126301,0.11236063639322344,0.007853190104166267,0.00022379557291665527
C:\Users\Fakhri\OneDrive\Documents\SM 6\Prak PC\klasifikasi_jenis_kain_glcm_knn\dataset\Silk\silk_174.png,Silk,10.032195942933614,4.533593770227289,1.9361810669676347,0.501275345004454,0.500876179193055,0.0605369089989622,0.21526195797794048,0.017010567582670142,0.7882221858166808,0.09598809190683717,0.04662706996198122,0.007383077313123061,30.423660278320312,29.133407592773438,29.359375,20.276730100684258,18.990004718171907,20.600155935345413,73.51850891113281,28.63153076171875,31.219345092773438,63.37577546058821,19.316744027014646,20.592030909388555,0.10515848795572381,0.04895528157551834,0.0242360432942696,0.014251708984374275,0.01968892415364483,0.028625488281248543,0.03956604003906049,0.05285135904947647,0.31461588541665064,0.018569946289061553,0.00014750162760415915,0.0,0.3015238444010263,0.03166198730468589,0.000137329101562493,1.017252604166615e-05
C:\Users\Fakhri\OneDrive\Documents\SM 6\Prak PC\klasifikasi_jenis_kain_glcm_knn\dataset\Denim\denim_042.png,Denim,19.633231232523762,11.627853734389403,3.171014949940435,0.9895640227796364,0.30167359645618635,0.07276554437053975,0.06933291899888369,0.00938083619509236,0.7314499121530242,0.1590022105745985,0.004895053744624923,0.001336000920445723,49.42472839355469,59.30963134765625,65.81651306152344,22.72535416404647,24.742367258583606,25.221545382172074,100.98835754394531,67.912353515625,65.892822265625,5.829400042755462,20.926214221137396,25.274351915329003,0.0,0.0,9.155273437499534e-05,0.012705485026041019,0.3191579182942546,0.0013732910156249302,5.086263020833075e-06,0.0,0.13300577799478489,0.2001342773437398,0.00019327799479165682,0.0,0.17357889811197033,0.15177917480467978,0.00793965657552043,3.560384114583152e-05
C:\Users\Fakhri\OneDrive\Documents\SM 6\Prak PC\klasifikasi_jenis_kain_glcm_knn\dataset\Wool\wool_047.png,Wool,14.037441763338242,6.440580966013114,2.6408427060233266,0.7214929279758352,0.360236808925666,0.07673460002731068,0.10432007426773798,0.013918807723258172,0.5441493282197312,0.2090566955418402,0.011076411103663399,0.002974979092349498,35.69364929199219,39.01580810546875,42.82795715332031,15.097703446736084,15.75928895401767,17.027887792098962,104.76821899414062,44.81898498535156,42.91764831542969,15.105117338216617,16.98782164588128,16.98442196296067,0.0025227864583332047,0.0006561279296874666,0.002029418945312397,0.01467386881510342,0.23699951171873793,0.07207234700520466,0.0037078857421873113,0.0006713867187499658,0.2853597005208188,0.04795837402343506,1.5258789062499222e-05,0.0,0.2891743977864436,0.04405212402343526,0.00010681152343749457,0.0
C:\Users\Fakhri\OneDrive\Documents\SM 6\Prak PC\klasifikasi_jenis_kain_glcm_knn\dataset\Denim\denim_080.png,Denim,22.466078621085657,13.187159265251449,3.249517456996994,1.0717864124573138,0.32104491524104434,0.08245453697916699,0.08587396232377932,0.013053842247633708,0.7070206816164463,0.17190447060479225,0.007544740202611978,0.0023410438953709012,36.89434814453125,43.822540283203125,52.81024169921875,22.829935167147575,25.116344314023397,28.194791923166207,106.49156188964844,81.31892395019531,52.81764221191406,5.447093466775992,22.07655372571563,28.186762058265693,0.00010172526041666148,1.017252604166615e-05,7.629394531249611e-05,0.0017852783203124091,0.3057810465494636,0.02549235026041537,7.629394531249611e-05,1.017252604166615e-05,0.06747436523437156,0.26068623860675755,0.005167643229166403,5.086263020833075e-06,0.2375488281249879,0.0888264973958288,0.006820678710937153,0.000137329101562493
C:\Users\Fakhri\OneDrive\Documents\SM 6\Prak PC\klasifikasi_jenis_kain_glcm_knn\dataset\Cotton\cotton_058.png,Cotton,31.603951431245818,23.694669646440616,4.232786484957318,1.7304174266096206,0.22751912169562158,0.08806513296858022,0.0479085055291301,0.008872541796158567,0.7232722311583575,0.20742226661249552,0.00237394689995927,0.0008997431805894926,171.7666015625,171.5994415283203,159.074951171875,28.257636987522353,30.76557142035491,32.81201493313425,32.148956298828125,22.069686889648438,173.0128173828125,9.522165150831574,11.23030688739624,29.38950804084115,0.030598958333331774,0.26889546712238216,0.030609130859373442,0.003005981445312347,0.0002187093098958222,0.0,5.086263020833075e-06,0.0,0.33252970377602475,0.0008036295572916258,0.0,0.0,0.0,0.022471110026040523,0.2142028808593641,0.09665934244791174
C:\Users\Fakhri\OneDrive\Documents\SM 6\Prak PC\klasifikasi_jenis_kain_glcm_knn\dataset\Silk\silk_070.png,Silk,99.61308513323581,46.20018049863207,7.429951502278381,2.0667289375424653,0.1525897134404607,0.0518144240901264,0.037230043842569095,0.005220149602417235,0.4485197971060402,0.255443409058408,0.0014133261263912335,0.00041198045691466794,71.08560180664062,94.30433654785156,108.23277282714844,33.39100560903755,40.154928200429254,41.18932935629084,100.95567321777344,92.83860778808594,108.26548767089844,6.323238167462707,24.36469820444675,41.1886561841234,2.543131510416537e-05,0.0,0.0,0.0055796305338538825,0.31913757324217124,0.008590698242187063,0.0,0.0,0.03424072265624826,0.2698567708333196,0.02923583984374851,0.0,0.050918579101559905,0.17757670084634514,0.09483337402343267,0.010004679361978658
C:\Users\Fakhri\OneDrive\Documents\SM 6\Prak PC\klasifikasi_jenis_kain_glcm_knn\dataset\Silk\silk_148.png,Silk,23.997385479508512,9.852372058348765,3.189026148357513,0.7470494749202538,0.33548234064036037,0.05846638342137754,0.06964877455705121,0.007738687736533506,0.8619256335362895,0.05694083828584778,0.0049108390851825175,0.0011030613135868741,72.38766479492188,111.15238952636719,106.77116394042969,33.0677961324128,39.2598889931575,40.019506494337314,86.43173217773438,94.13151550292969,111.19715881347656,2.010776363627053,18.167646432337342,39.31251426632316,0.0,0.0,0.0,0.31664530436196303,0.016688028971353318,0.0,0.0,0.0,0.016469319661457496,0.3105773925781092,0.00628662109374968,0.0,0.004786173502603923,0.23967997233071697,0.0705261230468714,0.018341064453124067
C:\Users\Fakhri\OneDrive\Documents\SM 6\Prak PC\klasifikasi_jenis_kain_glcm_knn\dataset\Denim\denim_151.png,Denim,48.258227310860995,31.490644511035335,4.926995051840231,1.7577442463682822,0.22288894005767912,0.06823588681903839,0.04855142735579393,0.0075613904827955235,0.705182874349683,0.19223124407717007,0.0024144157243182465,0.0007599785434249996,69.84764099121094,78.90032958984375,91.92684936523438,34.34194382177284,36.67410620324775,38.7211576986982,107.76387023925781,65.84063720703125,91.92936706542969,3.551399775852864,21.517545279780514,38.72164963578084,5.086263020833075e-06,4.577636718749767e-05,4.577636718749767e-05,0.0001576741536458253,0.31072489420571336,0.02231852213541553,1.5258789062499222e-05,2.03450520833323e-05,0.15179443359374228,0.18098449707030329,0.0005544026692708051,0.0,0.08786010742187053,0.18491617838540725,0.05462646484374722,0.005930582682291364
C:\Users\Fakhri\OneDrive\Documents\SM 6\Prak PC\klasifikasi_jenis_kain_glcm_knn\dataset\Denim\denim_182.png,Denim,44.09021842473072,31.92209900966752,4.702676686478449,1.8030396321559021,0.2338800009075079,0.07444128342982236,0.04965254590143763,0.008244715359969792,0.7571052326872315,0.17568695121320965,0.002533350645861292,0.0008599391326488823,69.39060974121094,80.25233459472656,93.98202514648438,35.58417252183932,38.79306691608295,41.18140915347964,106.73358154296875,71.828857421875,93.98214721679688,3.0610206830024382,20.081054650397462,41.18130731171933,0.0,0.0,0.0,3.0517578124998445e-05,0.32461547851560846,0.008687337239582892,0.0,0.0,0.11663818359374406,0.21635945638019732,0.0003356933593749829,0.0,0.08849589029947466,0.1762644449869702,0.0603129069010386,0.008260091145832912
C:\Users\Fakhri\OneDrive\Documents\SM 6\Prak PC\klasifikasi_jenis_kain_glcm_knn\dataset\Silk\silk_107.png,Silk,37.49413015615522,19.367085774879992,4.488818808399478,1.3057396757663544,0.2290961809529868,0.06162051243767797,0.046640635380679,0.0067478084008478064,0.7540319153294929,0.12720719108537865,0.0022208817869279985,0.0006510671792792048,79.72023010253906,99.57426452636719,137.0447540283203,30.025229315198064,37.09669038030033,37.99898723186629,109.81105041503906,110.12083435058594,137.0447540283203,3.1595483744230997,17.44361561837866,37.99898723186629,0.0,0.0,0.0,0.0,0.2577362060546744,0.07559712727864198,0.0,0.0,0.003026326497395679,0.2823944091796731,0.04791259765624756,0.0,0.001098632812499944,0.14487202962238846,0.15607706705728372,0.03128560384114424
C:\Users\Fakhri\OneDrive\Documents\SM 6\Prak PC\klasifikasi_jenis_kain_glcm_knn\dataset\Nylon\nylon_012.png,Nylon,9.579962327396707,4.340265573311013,2.3810731964153677,0.6016687362105922,0.3405709396359516,0.07462649017110368,0.0884366701172179,0.010501550282162687,0.7323429814420442,0.12176616412243323,0.007931327179750413,0.0019308982580413339,37.28096008300781,40.37043762207031,43.490203857421875,16.091220069076225,17.070735248377265,18.866091498494384,101.25602722167969,37.53916931152344,43.644866943359375,20.800784228031524,14.484296754885152,18.72923354943873,0.007202148437499633,0.002192179361979055,0.004837036132812254,0.022272745768228033,0.22876485188800919,0.06316630045572595,0.0037740071614581414,0.0011240641276041095,0.3182525634765463,0.015080769856770065,0.0,0.0,0.2772216796874859,0.05610656738280964,5.086263020833075e-06,0.0
C:\Users\Fakhri\OneDrive\Documents\SM 6\Prak PC\klasifikasi_jenis_kain_glcm_knn\dataset\Cotton\cotton_048.png,Cotton,8.745315952590149,6.759917904227342,1.9414142773269392,0.8319993422322739,0.46810522458906245,0.11310381107881011,0.16806800357161733,0.024352231429860163,0.9241933127292287,0.058664280646065374,0.02883988500016264,0.008286558607228985,223.96742248535156,227.64859008789062,215.3032989501953,29.67726474650282,30.000290686068013,34.644249660321194,44.49766540527344,14.958633422851562,227.6680450439453,11.397518893701335,10.555882189161784,29.968389850959998,5.086263020833075e-06,0.1994120279947815,0.12324015299478538,0.009160359700520367,0.001515706380208256,0.0,0.0,0.0,0.3332977294921705,3.560384114583152e-05,0.0,0.0,0.0,2.543131510416537e-05,0.05531819661458052,0.27798970540363166
C:\Users\Fakhri\OneDrive\Documents\SM 6\Prak PC\klasifikasi_jenis_kain_glcm_knn\dataset\Silk\silk_053.png,Silk,32.02067574918408,12.363346674975427,4.12896892984558,0.9856132265390516,0.24740653850797314,0.06517052829742227,0.06651689266931367,0.007314712167469696,0.35416764993414973,0.24867271984575628,0.0044780020244739255,0.0010925440363512221,108.19395446777344,53.916107177734375,57.81175231933594,23.2985685783982,18.81182140547123,19.324389144638772,150.592529296875,131.29783630371094,108.19395446777344,63.278161925802856,20.79472349187047,23.2985685783982,0.050303141276039104,0.0,0.0,0.0,0.0,0.0,0.0,0.28303019205727725,0.0011952718098957725,0.13976542154947205,0.19235738118488604,1.5258789062499222e-05,0.0015309651692707554,0.26382446289061157,0.0675099690755174,0.00046793619791664283
C:\Users\Fakhri\OneDrive\Documents\SM 6\Prak PC\klasifikasi_jenis_kain_glcm_knn\dataset\Denim\denim_181.png,Denim,40.77656585282113,30.284637685856023,4.452736693104767,1.7226559430343846,0.24982776147081995,0.07569632920413441,0.05336398303541828,0.00878380816493872,0.7727259381512709,0.16862221660419188,0.0029248699712828533,0.000980164989929282,63.432159423828125,73.82572937011719,86.60873413085938,35.44241183371873,38.47331971087714,41.208596860507534,106.46286010742188,74.32682800292969,86.6094970703125,3.0990612983795045,20.801926197597236,41.20808644037162,0.0,0.0,0.0,0.0001627604166666584,0.3262990315755042,0.006861368815103817,1.017252604166615e-05,0.0,0.10633850097655709,0.22605895996092598,0.0009358723958332857,0.0,0.1164143880208274,0.15963745117186687,0.05151875813801821,0.005762736002603873
C:\Users\Fakhri\OneDrive\Documents\SM 6\Prak PC\klasifikasi_jenis_kain_glcm_knn\dataset\Wool\wool_067.png,Wool,18.378228147062714,9.02399417326869,2.9282521333148677,0.8202702825899773,0.3338249468949594,0.07319429532950264,0.07091553110782095,0.01000818129588264,0.7820587147652721,0.10699573257211817,0.005129176245155575,0.0014660907347120015,56.760894775390625,60.97186279296875,65.75184631347656,25.288032282835726,25.96219354555859,27.896898715752492,104.79118347167969,37.16807556152344,65.81184387207031,11.237561853630725,13.555143210817604,27.845874256650255,0.0011088053385416101,0.00047302246093747593,0.0012919108072916008,0.009719848632812006,0.2699788411458196,0.04937744140624749,0.0012156168619791047,0.00016784667968749146,0.31964111328123374,0.013692220052082637,0.0,0.0,0.17330932617186617,0.15003967285155487,0.009714762369791172,0.0002695719401041529
C:\Users\Fakhri\OneDrive\Documents\SM 6\Prak PC\klasifikasi_jenis_kain_glcm_knn\dataset\Nylon\nylon_172.png,Nylon,4.569630831635103,2.569628827694578,1.5664145958774869,0.48334589635142755,0.46599938430756976,0.09078865401172426,0.10318828392053579,0.013931108573791479,0.8832801330868548,0.06594352413461652,0.010841897724559872,0.002992595273174609,97.55598449707031,48.371337890625,54.72785949707031,21.418108240696473,15.95587421270578,18.141212683503753,172.9918212890625,131.9965362548828,97.55598449707031,23.080709280097075,18.89740568804559,21.418108240696473,0.005818684895833037,0.0,0.0,0.0,0.0,0.0,0.0,0.32751464843748335,5.086263020833075e-06,0.17176310221353291,0.1615651448567626,0.0,0.029881795247394313,0.2880503336588395,0.01540120442708255,0.0
C:\Users\Fakhri\OneDrive\Documents\SM 6\Prak PC\klasifikasi_jenis_kain_glcm_knn\dataset\Denim\denim_171.png,Denim,52.035244914001005,36.178300770819966,5.3006702319461185,2.0384601250542342,0.19754804937985485,0.06921075769139834,0.03583310617818094,0.0061021520499431395,0.8030710844254022,0.1367970042129663,0.001321247758017414,0.00044649272629444266,106.68124389648438,117.14241027832031,134.48660278320312,45.10587642053321,46.35264783042207,46.287222774167006,108.76144409179688,58.196014404296875,134.48660278320312,2.148850872629836,20.075702826493092,46.287222774167006,0.0,0.0,0.0,0.0,0.3186696370442546,0.014663696289061754,0.0,0.0,0.20280965169269802,0.13050333658853502,2.03450520833323e-05,0.0,0.01315307617187433,0.14614868164061756,0.12814839680988932,0.04588317871093516
C:\Users\Fakhri\OneDrive\Documents\SM 6\Prak PC\klasifikasi_jenis_kain_glcm_knn\dataset\Denim\denim_118.png,Denim,18.182901956656494,9.998458466537082,2.5499338648079513,0.7930952230547909,0.41772398909167424,0.08250369401641873,0.1360511356580146,0.01826395468103943,0.7245975335740799,0.15136374865516775,0.018843483554426547,0.005027597528820638,30.587112426757812,34.36993408203125,39.38232421875,22.14919003461457,23.12289941040873,24.349739165544225,106.10888671875,62.22056579589844,39.41801452636719,9.91885641241651,20.93791930601548,24.335872132001906,0.000757853190104128,9.155273437499534e-05,0.00044759114583331055,0.008036295572916257,0.2603047688801951,0.06302388509114262,0.0005645751953124713,0.00010681152343749457,0.15884908040363774,0.17438761393228278,9.663899739582841e-05,0.0,0.2991536458333181,0.02855936686197771,0.005279541015624731,0.00034077962239581597
C:\Users\Fakhri\OneDrive\Documents\SM 6\Prak PC\klasifikasi_jenis_kain_glcm_knn\dataset\Silk\silk_120.png,Silk,22.563068358004667,14.532969079167339,3.2649877828417644,1.1346938827276325,0.31450634289780965,0.08524696499222424,0.043394392735776756,0.007478827052972028,0.9577832644976968,0.027109016512757333,0.0019390061749951007,0.0006933778899187237,166.1243896484375,165.73553466796875,173.92982482910156,66.40239993146218,64.83070161057796,65.67560040762285,111.91117858886719,21.488006591796875,174.31846618652344,25.829021191923278,16.819334808303353,65.76879710333712,0.00420125325520812,0.0024312337239582094,0.007751464843749605,0.016103108723957513,0.1781107584635326,0.044138590494789416,0.07588195800780864,0.00471496582031226,0.32018534342446286,0.013147989908853496,0.0,0.0,0.03479003906249823,0.04874674479166419,0.07556660970051698,0.17422993977863696
C:\Users\Fakhri\OneDrive\Documents\SM 6\Prak PC\klasifikasi_jenis_kain_glcm_knn\dataset\Cotton\cotton_123.png,Cotton,2.7707555976475344,1.6822628720245985,1.0955651798690245,0.3812489942098052,0.597296842080819,0.08964598530302924,0.2247010259898311,0.02324046314604464,0.8775032497811832,0.0748297735557871,0.051030670208125406,0.010507387847522478,233.54067993164062,242.0718231201172,244.09768676757812,15.32799834861406,13.621053381562689,8.308172820527545,86.12620544433594,12.832916259765625,245.71449279785156,17.239015992954496,7.349198478586324,9.443760595089811,0.0,0.0,0.07190450032551716,0.09211730957030781,0.1691335042317622,0.0001780192057291576,0.0,0.0,0.3333333333333164,0.0,0.0,0.0,0.0,0.0,0.0,0.3333333333333164
C:\Users\Fakhri\OneDrive\Documents\SM 6\Prak PC\klasifikasi_jenis_kain_glcm_knn\dataset\Cotton\cotton_162.png,Cotton,10.110393942343828,4.649108369790136,2.353187402223507,0.61072533444614,0.35913533474935017,0.07293228130325675,0.0880564423426677,0.01046760918485478,0.6951536789714808,0.13995575530488893,0.007863507880094414,0.001891767384639176,41.90834045410156,48.50959777832031,55.12776184082031,15.102289170860784,16.540353137282523,17.9243716802009,104.74626159667969,62.933319091796875,55.138031005859375,5.296695793560018,14.618490536652883,17.915161842888267,3.560384114583152e-05,1.017252604166615e-05,8.646647135416227e-05,0.0022176106770832203,0.3157145182291506,0.015177408854165894,8.646647135416227e-05,5.086263020833075e-06,0.17317708333332452,0.16015624999999184,0.0,0.0,0.23040771484373826,0.1028798421223906,4.577636718749767e-05,0.0
C:\Users\Fakhri\OneDrive\Documents\SM 6\Prak PC\klasifikasi_jenis_kain_glcm_knn\dataset\Nylon\nylon_187.png,Nylon,21.30108536885533,15.725245118911873,3.4875288583954576,1.4763757423929746,0.2594676561018836,0.10957395191221056,0.05597692838524992,0.010195594752668586,0.823273395999958,0.13094010800311326,0.0032373666638080413,0.001197843526010545,168.4141387939453,196.095703125,214.05673217773438,30.16085539514699,32.257225410069076,28.600388538871535,101.50672912597656,55.55668640136719,214.09825134277344,3.5107540745527293,11.612889968028897,28.65080926353328,0.0,0.0,0.0,0.004618326822916432,0.3287150065103999,0.0,0.0,0.0,0.23894246419269616,0.0943908691406202,0.0,0.0,0.0,0.0013783772786457632,0.07256571451822547,0.2593892415364451
C:\Users\Fakhri\OneDrive\Documents\SM 6\Prak PC\klasifikasi_jenis_kain_glcm_knn\dataset\Nylon\nylon_151.png,Nylon,6.1056280944803225,3.359444005311953,1.8078155700879084,0.5588344617756579,0.4310938452361666,0.08970294383434513,0.11541465329178661,0.015572333556169826,0.7340354102021179,0.14627046174375066,0.01356303976684792,0.00366256301368738,35.75468444824219,40.79290771484375,44.92832946777344,12.871220635437197,13.65123964123625,14.811006424556512,103.07424926757812,53.675201416015625,44.939605712890625,5.722477203715656,12.077699459710416,14.795835991452446,6.612141927082997e-05,0.0,8.13802083333292e-05,0.002950032552083183,0.32239786783852525,0.007832845052082935,5.086263020833075e-06,0.0,0.25849914550779934,0.07483418782551703,0.0,0.0,0.29253641764321425,0.04079691569010209,0.0,0.0
C:\Users\Fakhri\OneDrive\Documents\SM 6\Prak PC\klasifikasi_jenis_kain_glcm_knn\dataset\Wool\wool_061.png,Wool,22.22547175363516,9.830557863430903,3.195693468558774,0.840736937651013,0.3128532678054318,0.06963312841924099,0.0735035037821083,0.00956822112085349,0.6294836731064072,0.16374871945448358,0.0054943159236639574,0.0014438138925858583,52.58811950683594,57.94374084472656,62.15702819824219,21.23754270295232,21.959564354082705,23.16724361023794,102.15415954589844,41.64802551269531,62.23954772949219,9.315346937694583,14.048433722615512,23.131348876488808,0.0004323323567708113,0.0001983642578124899,0.0010732014973957786,0.014378865559895102,0.29324340820311007,0.023513793945311303,0.0004526774088541436,4.06901041666646e-05,0.3092905680338384,0.024042765299477943,0.0,0.0,0.19043986002603197,0.13818359374999295,0.004542032877603935,0.00016784667968749146
C:\Users\Fakhri\OneDrive\Documents\SM 6\Prak PC\klasifikasi_jenis_kain_glcm_knn\dataset\Wool\wool_154.png,Wool,13.617560713369672,7.315090244473715,2.4112902230526183,0.7596616510187908,0.40356546853514624,0.0881839520081133,0.11723899038810949,0.01808598260773581,0.6353881619810952,0.19549063686620644,0.014072083634110548,0.004452748944403724,27.712188720703125,32.719970703125,35.57208251953125,16.16937315699535,17.46665476447196,19.152189380471782,97.74069213867188,59.832427978515625,35.77253723144531,13.677961436624674,19.84440502579914,19.020515293288206,0.002197265624999888,0.0009002685546874541,0.004155476888020621,0.0366770426432273,0.27549743652342346,0.013341267903645154,0.00044250488281247745,0.00012207031249999378,0.18298848470051152,0.15011596679686737,0.00022888183593748834,0.0,0.30471293131508864,0.028050740559894406,0.000549316406249972,2.03450520833323e-05
C:\Users\Fakhri\OneDrive\Documents\SM 6\Prak PC\klasifikasi_jenis_kain_glcm_knn\dataset\Nylon\nylon_168.png,Nylon,10.642636283715438,6.698791832792465,2.1849975900784417,0.7660917197308125,0.4202228345397212,0.09302369472109913,0.10201612843400687,0.015629360273063594,0.8252092871151024,0.10985594988134388,0.010651567363209003,0.0032605047838286357,38.88922119140625,42.77796936035156,45.874603271484375,21.43992124921997,22.031720349086417,23.869483666667595,99.59153747558594,42.35255432128906,46.030975341796875,14.906506353983884,15.28104192106982,23.71467327963739,0.002741495768229027,0.0012919108072916008,0.004740397135416425,0.028325398763019392,0.2743581136067569,0.02148946126301974,0.0002950032552083183,9.155273437499534e-05,0.3006134033202972,0.03271993001301917,0.0,0.0,0.26391092936196575,0.06805928548176737,0.0013631184895832639,0.0
C:\Users\Fakhri\OneDrive\Documents\SM 6\Prak PC\klasifikasi_jenis_kain_glcm_knn\dataset\Cotton\cotton_077.png,Cotton,15.417056005672839,10.041845937723625,2.937439276777599,1.0526907526259282,0.30010777527170246,0.0906697440430222,0.06592903865315114,0.010543181431216813,0.7644768373359763,0.15363652532180222,0.004457796812420252,0.0014557320463826464,204.60867309570312,205.24258422851562,171.97659301757812,20.438958083534082,23.065478255799103,28.950483494975824,31.21234130859375,43.74232482910156,206.2357940673828,3.044127011865277,15.203498176472513,21.71933567468454,0.00010172526041666148,0.3330739339192539,0.0001576741536458253,0.0,0.0,0.0,0.0,0.0,0.29545593261717246,0.03787740071614391,0.0,0.0,0.0,1.017252604166615e-05,0.08302815755207911,0.2502950032551956
C:\Users\Fakhri\OneDrive\Documents\SM 6\Prak PC\klasifikasi_jenis_kain_glcm_knn\dataset\Wool\wool_142.png,Wool,27.985305459849457,18.201530535743025,3.8594994808843794,1.460818507714561,0.260731517165446,0.09404907073453668,0.06486857477202608,0.01114192676041114,0.5721462646790219,0.27797510473233505,0.004332074524888304,0.0014975749304114193,50.723480224609375,63.70350646972656,99.83442687988281,20.08468358218351,23.191299936268564,28.87999820562483,112.16455078125,128.76547241210938,99.83442687988281,1.5738527236875643,18.38908637715782,28.87999820562483,0.0,0.0,0.0,0.0,0.20573425292967704,0.12759908040363935,0.0,0.0,0.00036621093749998135,0.16072591145832515,0.1722361246744704,5.086263020833075e-06,0.027074178059894455,0.24450174967446672,0.06139628092447604,0.00036112467447914825
C:\Users\Fakhri\OneDrive\Documents\SM 6\Prak PC\klasifikasi_jenis_kain_glcm_knn\dataset\Wool\wool_132.png,Wool,5.390196633542195,1.8129931995354949,1.3729897515927638,0.2974842795116999,0.5715390373112336,0.06019855284668679,0.2265040629848543,0.0213992601294236,0.5743713285053923,0.1432125871276054,0.05176201888273358,0.009854947675213315,16.524032592773438,18.775588989257812,19.757598876953125,9.705167663051425,10.009843625653112,11.365088680647363,90.76177978515625,50.91908264160156,20.242935180664062,27.97440937251333,25.224194291405926,11.142248761961142,0.015477498372395045,0.004745483398437258,0.018458048502603228,0.0740763346354129,0.16235351562499173,0.052749633789059815,0.004435221354166441,0.001037597656249947,0.23698933919269627,0.09271240234374528,0.0036315917968748153,0.0,0.3311258951822748,0.002207438151041554,0.0,0.0
C:\Users\Fakhri\OneDrive\Documents\SM 6\Prak PC\klasifikasi_jenis_kain_glcm_knn\dataset\Nylon\nylon_076.png,Nylon,3.8946634716365853,1.3115423929525978,1.4762101010221904,0.2756518900459134,0.4733383125900185,0.0560030318330201,0.0802745603138304,0.007491482163615684,0.9584132416514596,0.014044321567330898,0.006500127338586563,0.0012373623267598075,84.51370239257812,91.19941711425781,105.91363525390625,26.863968170700716,27.130655939846296,30.893837356944477,110.45817565917969,53.17814636230469,105.91366577148438,3.7692607567332512,10.170518178582004,30.8937801485813,0.0,0.0,0.0,1.017252604166615e-05,0.23326110839842562,0.1000518798828074,1.017252604166615e-05,0.0,0.2889251708984228,0.044408162434893574,0.0,0.0,0.032602945963540006,0.20761617024738527,0.09310913085937025,5.086263020833075e-06
C:\Users\Fakhri\OneDrive\Documents\SM 6\Prak PC\klasifikasi_jenis_kain_glcm_knn\dataset\Cotton\cotton_188.png,Cotton,6.950362254796502,3.8660186075622542,1.9402011893269118,0.5882597365877431,0.40852088738217646,0.0861970666547263,0.0974461848381495,0.013002748308822965,0.8029200758033036,0.10975022663526326,0.009664830403093396,0.0026074721313774345,38.146514892578125,43.93278503417969,48.34495544433594,15.639349448087133,16.982906462353352,19.001844855541318,101.96611022949219,54.9000244140625,48.39448547363281,8.18742706574624,13.531117475512609,18.944284913763624,0.0003967285156249798,0.00011189778645832764,0.0006052652994791358,0.01034037272135364,0.3089497884114426,0.012669881184895189,0.00021362304687498913,4.577636718749767e-05,0.24549357096352917,0.08783976236978719,0.0,0.0,0.2647654215494657,0.06842041015624652,0.00014750162760415915,0.0
C:\Users\Fakhri\OneDrive\Documents\SM 6\Prak PC\klasifikasi_jenis_kain_glcm_knn\dataset\Cotton\cotton_161.png,Cotton,10.772548237549927,5.5242774616055295,2.401619798263709,0.6848815755539281,0.360139905393361,0.07865000240299658,0.08511985159064066,0.01119690428406058,0.6993530189236675,0.15389847310298924,0.0073707598003591055,0.0019804775169259973,38.320556640625,44.83233642578125,49.34033203125,15.56352052636312,17.1662029420418,19.060935528452777,100.68331909179688,58.35630798339844,49.43867492675781,8.93206887096494,15.054592657221564,18.944825837241012,0.0004628499348958098,0.00023396809895832142,0.0014750162760415915,0.018112182617186577,0.30480448404946364,0.008127848307291253,8.646647135416227e-05,3.0517578124998445e-05,0.20897420247394768,0.12435404459634783,5.086263020833075e-06,0.0,0.25345865885415375,0.07985432942707926,2.03450520833323e-05,0.0
C:\Users\Fakhri\OneDrive\Documents\SM 6\Prak PC\klasifikasi_jenis_kain_glcm_knn\dataset\Nylon\nylon_031.png,Nylon,31.9231693691215,17.446841913484537,3.8831040695034393,1.2382610886621417,0.3028807468440283,0.07406447161934508,0.07686481202498256,0.012264178594174056,0.7142800961006203,0.15606795158507472,0.006058609404225702,0.0019253147624491498,58.616302490234375,62.443023681640625,66.55821228027344,29.00649623914934,29.749127351256117,33.0435674320585,101.56382751464844,32.530242919921875,66.80091857910156,18.937838010682768,14.1143478108325,32.85358653117292,0.00425211588541645,0.0025126139322915386,0.006663004557291327,0.028116861979165235,0.22590128580728017,0.06089274088541356,0.003977457682291464,0.001017252604166615,0.3240051269531085,0.009328206380207859,0.0,0.0,0.1799723307291575,0.1348826090494723,0.018005371093749084,0.00047302246093747593
C:\Users\Fakhri\OneDrive\Documents\SM 6\Prak PC\klasifikasi_jenis_kain_glcm_knn\dataset\Cotton\cotton_159.png,Cotton,12.381850378851402,6.469590498004705,2.5805799071340587,0.7467085254307586,0.3416123081743941,0.07771941344876572,0.07730790109829615,0.010471321944095613,0.7380342771160443,0.13670829157514014,0.006086160155480838,0.0016775892576801116,42.65313720703125,47.744537353515625,54.65025329589844,18.19816569841143,19.58159100075462,21.726130734912974,106.89151000976562,58.05548095703125,54.66606140136719,7.044042871860782,15.212416201177906,21.708849598871822,0.00028483072916665216,3.560384114583152e-05,0.00026448567708331987,0.0029907226562498478,0.28542582194008964,0.04400634765624776,0.0002797444661458191,4.577636718749767e-05,0.21713765462238477,0.11617533365884825,2.03450520833323e-05,0.0,0.22202046712238452,0.11094156901041102,0.00037129720052081445,0.0
C:\Users\Fakhri\OneDrive\Documents\SM 6\Prak PC\klasifikasi_jenis_kain_glcm_knn\dataset\Denim\denim_126.png,Denim,55.43887606068237,36.122683854572685,5.384932422354144,1.9208411862640737,0.19937141804394723,0.06727051403898174,0.035366087468598914,0.0060004778768773135,0.7826001716099892,0.14135563104490195,0.0012867658775874832,0.00045421511130112993,106.36288452148438,115.27742004394531,123.22927856445312,43.74381825057538,45.63188746073249,45.90236400430006,103.8502197265625,38.43153381347656,123.234130859375,4.495742066562982,14.276300509192325,45.90148984134122,1.017252604166615e-05,0.0,1.5258789062499222e-05,0.001098632812499944,0.32530212402342096,0.006907145182291315,0.0,0.0,0.3106689453124842,0.02266438802083218,0.0,0.0,0.029841105143227648,0.1555379231770754,0.11806233723957732,0.029891967773435977
C:\Users\Fakhri\OneDrive\Documents\SM 6\Prak PC\klasifikasi_jenis_kain_glcm_knn\dataset\Cotton\cotton_069.png,Cotton,4.867555815121435,2.791602550548411,1.6160607846061648,0.522038713072014,0.456703886720692,0.09746061769338744,0.08659239266171372,0.013251263875908756,0.9399625651723601,0.034520055692687276,0.00767383846118938,0.0023691906175213194,206.4187469482422,203.34771728515625,218.58425903320312,24.093864415724696,26.454053732832374,25.176556948861982,125.27458190917969,18.486663818359375,218.59036254882812,7.105529843720529,4.710442462357557,25.183913019819418,5.086263020833075e-06,0.0,0.00021362304687498913,0.0007680257161457942,0.008473714192707902,0.2991841634114431,0.024688720703123744,0.0,0.3333333333333164,0.0,0.0,0.0,0.0,2.543131510416537e-05,0.05803426106770538,0.2752736409505068
C:\Users\Fakhri\OneDrive\Documents\SM 6\Prak PC\klasifikasi_jenis_kain_glcm_knn\dataset\Denim\denim_153.png,Denim,29.73673808632931,19.527027666659002,3.9577175471089228,1.3864998582579287,0.24907471600241962,0.07270570691019136,0.04452604939869151,0.007095694920940267,0.8482713927314783,0.09955415336014388,0.002032917961465774,0.0006482215540049904,97.711181640625,108.91123962402344,122.51081848144531,38.036341354588615,40.097459829845505,41.121645773517955,106.43605041503906,55.15751647949219,122.51083374023438,2.5512866414331414,15.062706128934975,41.121624247795985,0.0,0.0,0.0,5.086263020833075e-06,0.33010355631508737,0.003224690755208169,0.0,0.0,0.2386576334635295,0.09467569986978684,0.0,0.0,0.017232259114582454,0.17188517252603291,0.12342834472655621,0.020787556966144774
C:\Users\Fakhri\OneDrive\Documents\SM 6\Prak PC\klasifikasi_jenis_kain_glcm_knn\dataset\Nylon\nylon_150.png,Nylon,6.679156840610567,3.970645480683876,1.881341356880118,0.6235628211977475,0.4221857498731378,0.09536256620462308,0.1166129027601805,0.016633685990241003,0.701362562227546,0.17743901103602938,0.013875248599777257,0.003942050091954857,36.175201416015625,43.01295471191406,46.54627990722656,12.568304795025519,13.546361366504623,14.560115836085425,99.41398620605469,58.501312255859375,46.58345031738281,5.6385783653967145,13.246047031080664,14.525339865302152,1.017252604166615e-05,5.086263020833075e-06,7.629394531249611e-05,0.008951822916666212,0.3233947753906085,0.000890096028645788,5.086263020833075e-06,0.0,0.21126810709634342,0.12206522623697295,0.0,0.0,0.2888997395833186,0.04443359374999774,0.0,0.0
C:\Users\Fakhri\OneDrive\Documents\SM 6\Prak PC\klasifikasi_jenis_kain_glcm_knn\dataset\Cotton\cotton_099.png,Cotton,24.447061729374415,17.085653046894294,3.652678674497355,1.4058456170790383,0.2629765873107961,0.09198669860654989,0.061060568592892356,0.010925534792030277,0.6796373346039544,0.22349381426328124,0.003847760347379175,0.001454862843283997,60.00569152832031,66.62315368652344,59.74992370605469,23.495733280274273,25.334812463771474,24.416725010965664,58.938720703125,32.35755920410156,66.62901306152344,10.776031842910225,11.837265495810335,25.330750676783808,0.0006510416666666336,0.021428426106769743,0.24016825358071694,0.06942749023437146,0.0015411376953124215,6.103515624999689e-05,1.5258789062499222e-05,4.06901041666646e-05,0.3256734212239418,0.00765991210937461,0.0,0.0,0.163838704427075,0.16465759277342912,0.004837036132812254,0.0
C:\Users\Fakhri\OneDrive\Documents\SM 6\Prak PC\klasifikasi_jenis_kain_glcm_knn\dataset\Nylon\nylon_136.png,Nylon,5.959415516942012,3.615795762433831,1.8434077462488752,0.6098789377205335,0.4099474118150443,0.09724884520059375,0.08028126019661762,0.011722308343073555,0.9233160027118514,0.04653741700706095,0.006582493251647111,0.0019298502211721616,65.42694091796875,92.92477416992188,130.58154296875,21.594414290103867,25.21495998006579,33.015654632945015,107.23179626464844,129.6833953857422,130.58154296875,1.1643494229006575,12.156761975861809,33.015654632945015,0.0,0.0,0.0,0.0,0.3333333333333164,0.0,0.0,0.0,0.0,0.1507110595703048,0.18262227376301154,0.0,0.0009867350260416164,0.15614827473957538,0.17127990722655378,0.004918416341145583
C:\Users\Fakhri\OneDrive\Documents\SM 6\Prak PC\klasifikasi_jenis_kain_glcm_knn\dataset\Wool\wool_008.png,Wool,25.65712184421011,11.355989053921062,3.653465202108217,0.9280478009267075,0.26681565817001635,0.06188022279215612,0.045716428744068505,0.005967790634443409,0.8379383845719547,0.0718955046686998,0.0021256063821680437,0.0005651364887149719,146.6415252685547,160.86509704589844,186.3183135986328,34.93644029856668,36.46085010163731,34.53284707578888,109.06362915039062,55.94422912597656,186.31915283203125,2.615824815614798,16.02848719294401,34.534369247020365,5.086263020833075e-06,0.0,1.017252604166615e-05,0.00011189778645832764,0.3113403320312341,0.021865844726561386,0.0,0.0,0.22890218098957169,0.10443115234374468,0.0,0.0,0.0,0.015706380208332534,0.16177368164061676,0.15585327148436706
C:\Users\Fakhri\OneDrive\Documents\SM 6\Prak PC\klasifikasi_jenis_kain_glcm_knn\dataset\Denim\denim_130.png,Denim,55.43887606068237,36.122683854572685,5.384932422354144,1.9208411862640737,0.19937141804394723,0.06727051403898174,0.035366087468598914,0.0060004778768773135,0.7826001716099892,0.14135563104490195,0.0012867658775874832,0.00045421511130112993,106.36288452148438,115.27742004394531,123.22927856445312,43.74381825057538,45.63188746073249,45.90236400430006,103.8502197265625,38.43153381347656,123.234130859375,4.495742066562982,14.276300509192325,45.90148984134122,1.017252604166615e-05,0.0,1.5258789062499222e-05,0.001098632812499944,0.32530212402342096,0.006907145182291315,0.0,0.0,0.3106689453124842,0.02266438802083218,0.0,0.0,0.029841105143227648,0.1555379231770754,0.11806233723957732,0.029891967773435977
C:\Users\Fakhri\OneDrive\Documents\SM 6\Prak PC\klasifikasi_jenis_kain_glcm_knn\dataset\Silk\silk_168.png,Silk,28.524631694739657,14.174570466144866,3.550246803113741,1.0501945603515208,0.33618675320867436,0.06833219842228322,0.08372437570331588,0.010015006694698144,0.8016181579627344,0.09867026100068872,0.007110071446004841,0.0017080374981614161,80.93116760253906,53.05535888671875,77.602783203125,36.575236600586976,31.166887807373595,42.194887889780254,155.10728454589844,100.82682800292969,82.66839599609375,7.6088743522239355,25.782285629966704,39.08500046926564,5.086263020833075e-06,0.0,0.0,0.0,0.0,0.00010172526041666148,0.1958414713541567,0.13738505045572216,0.01814778645833241,0.2450205485025917,0.07016499837239226,0.0,0.1361592610677014,0.14724222819009666,0.048497517903643365,0.001434326171874927
C:\Users\Fakhri\OneDrive\Documents\SM 6\Prak PC\klasifikasi_jenis_kain_glcm_knn\dataset\Silk\silk_072.png,Silk,131.08754706778168,61.12209387410055,8.555080325581303,2.3936943289559207,0.13529906644887532,0.04827889071497871,0.03230371703425126,0.004274644274118369,0.3995452007651716,0.2796266043154341,0.0010618027178992278,0.00029535863180213,78.70907592773438,102.90423583984375,117.55937194824219,37.6852774129888,43.832061533601184,44.242660169574926,101.20863342285156,90.58845520019531,117.56460571289062,5.742238460669987,27.581632441527812,44.24660715311274,6.612141927082997e-05,0.0,0.0,0.001093546549479111,0.3274180094400875,0.004755655924478924,0.0,0.0,0.04762268066406008,0.2498372395833206,0.035873413085935675,0.0,0.03711446126301894,0.16494242350259578,0.10999043782551524,0.021286010742186418
C:\Users\Fakhri\OneDrive\Documents\SM 6\Prak PC\klasifikasi_jenis_kain_glcm_knn\dataset\Cotton\cotton_107.png,Cotton,21.96816212824606,17.1208189503686,3.479701047011702,1.487797322754808,0.2679564282537475,0.10523305736467552,0.05306751680735692,0.01067991714061999,0.8320955649960059,0.13110913687635334,0.0029302219702296173,0.0012491472005629746,180.57147216796875,193.6607666015625,212.4844512939453,32.34977327865312,33.09591380435256,29.92807187277868,107.22154235839844,39.37504577636719,212.50955200195312,4.185521677512547,11.76566568993758,29.960186293851933,0.0,0.0,0.0001627604166666584,0.0030415852864581787,0.32265726725258775,0.007471720377603786,0.0,0.0,0.32993062337237905,0.0034027099609373265,0.0,0.0,0.0,0.0027160644531248617,0.0733083089192671,0.2573089599609244
C:\Users\Fakhri\OneDrive\Documents\SM 6\Prak PC\klasifikasi_jenis_kain_glcm_knn\dataset\Silk\silk_150.png,Silk,91.4058575576098,42.419489457978806,7.267668751708102,2.074747684951932,0.1510739006835324,0.05440280427173251,0.036258599807494594,0.00475357129429081,0.4307253428075857,0.26367155587904273,0.0013372825000499526,0.0003789388920415113,147.12115478515625,166.0547637939453,127.18540954589844,36.269350142351065,35.62627859991475,36.46432802272662,44.66694641113281,62.56156921386719,166.0547637939453,2.040578935474838,17.719534319160854,35.62627859991475,0.0,0.15264383951822139,0.18068949381509497,0.0,0.0,0.0,0.0,0.0,0.17657979329426185,0.1567535400390545,0.0,0.0,0.0,0.05715433756510126,0.18641153971353217,0.08976745605468293
C:\Users\Fakhri\OneDrive\Documents\SM 6\Prak PC\klasifikasi_jenis_kain_glcm_knn\dataset\Wool\wool_043.png,Wool,10.715720282895688,5.498486863793529,2.3866466468153043,0.693773918018518,0.3624654523812922,0.08144870208197254,0.09555959246579822,0.012680686483949103,0.6398053840787834,0.1848651951159813,0.009292435521933652,0.002507020487726708,39.747955322265625,43.80348205566406,47.782623291015625,14.703545676552363,15.530962159653416,16.85764771337946,103.94160461425781,44.2349853515625,47.852325439453125,12.071950435518271,14.914285141075876,16.801260694509146,0.001368204752604097,0.0003255208333333168,0.0012461344401041032,0.012496948242186863,0.2671000162760281,0.04898579915364334,0.0015207926432290893,0.00028991699218748525,0.2987772623697765,0.03455607096353991,0.0,0.0,0.27146402994790286,0.06176757812499686,0.00010172526041666148,0.0
C:\Users\Fakhri\OneDrive\Documents\SM 6\Prak PC\klasifikasi_jenis_kain_glcm_knn\dataset\Cotton\cotton_192.png,Cotton,8.590596255877385,4.260956440552649,2.164638303326115,0.5940015162852411,0.37857925174542184,0.07731576472790588,0.09608327097843174,0.011446977232714508,0.7215685838430687,0.1382196117062212,0.00936302824968103,0.002255320702447767,37.541107177734375,43.16094970703125,47.18830871582031,14.63801152782501,15.935925120607811,17.557911590848338,101.48060607910156,53.30256652832031,47.255645751953125,8.684662368102623,14.029935933547442,17.497870140621227,0.0004577636718749767,0.00011698404947916071,0.0007120768229166304,0.013544718424478477,0.30308532714842207,0.015233357747395057,0.00014241536458332608,4.06901041666646e-05,0.2550303141275912,0.07829793294270435,5.086263020833075e-06,0.0,0.27517191569009014,0.05806986490885121,9.155273437499534e-05,0.0
C:\Users\Fakhri\OneDrive\Documents\SM 6\Prak PC\klasifikasi_jenis_kain_glcm_knn\dataset\Wool\wool_042.png,Wool,13.72718218309182,7.0734770165990435,2.638888905590379,0.7755592161656754,0.35837040137188697,0.07754771507351552,0.09546306639456303,0.013334348118827732,0.6431903109524676,0.18368212423603317,0.009291001885206833,0.0025966500677382953,42.40565490722656,46.313262939453125,50.56202697753906,16.490722204545282,17.72350244555594,19.227598898253635,104.37034606933594,42.161376953125,50.64051818847656,13.932650463575367,14.904846139294136,19.170850643727785,0.002187093098958222,0.0007069905598957974,0.001642862955729083,0.012644449869791023,0.2540639241536329,0.05901590983072616,0.0026041666666665342,0.00046793619791664283,0.3056589762369636,0.027674357096352756,0.0,0.0,0.2520701090494663,0.08106994628905838,0.00019327799479165682,0.0
C:\Users\Fakhri\OneDrive\Documents\SM 6\Prak PC\klasifikasi_jenis_kain_glcm_knn\dataset\Wool\wool_150.png,Wool,5.05184909374487,2.3498947165254536,1.4725076158295494,0.41948277974741516,0.5239423722922921,0.08383336139820813,0.19194899460200254,0.023978037767747103,0.5489191936251475,0.2102402068837367,0.03741936282391111,0.009485081961832842,16.847564697265625,21.016555786132812,21.502426147460938,8.610884171943141,9.573267271038274,10.92796851306976,88.57968139648438,63.78013610839844,22.19903564453125,16.78623568558137,22.466526132574284,10.574350625918468,0.0031127929687498417,0.0024058024088540442,0.01811726888020741,0.10892740885416112,0.19185384114582357,0.008580525716145397,0.00026448567708331987,7.120768229166304e-05,0.16057332356770015,0.16945902506509553,0.003295898437499832,5.086263020833075e-06,0.33203633626300394,0.0012969970703124339,0.0,0.0
C:\Users\Fakhri\OneDrive\Documents\SM 6\Prak PC\klasifikasi_jenis_kain_glcm_knn\dataset\Cotton\cotton_019.png,Cotton,4.499864057272446,2.518501652939801,1.4532534867840612,0.4666415218444259,0.5061030495304991,0.0951056450254675,0.11193851651519043,0.01564425185640986,0.9577992162637337,0.02380932064252492,0.012774974095768344,0.0035879215910766767,212.76731872558594,221.57447814941406,227.1163787841797,27.968397246823844,31.102780780697728,27.956804302083768,100.7001953125,19.862869262695312,228.12205505371094,16.510067469356763,11.916524211642498,26.058460149469443,0.0,0.0,0.006006876627603861,0.03739420572916476,0.2689361572265488,0.0051981608072914015,0.004806518554687255,0.010991414388020274,0.3280995686848791,0.005233764648437234,0.0,0.0,0.0,0.0017395019531249115,0.029368082682290172,0.30222574869790125
C:\Users\Fakhri\OneDrive\Documents\SM 6\Prak PC\klasifikasi_jenis_kain_glcm_knn\dataset\Nylon\nylon_154.png,Nylon,16.182899065905072,4.805557276352212,2.971938462664413,0.5418553781644417,0.31715769232245483,0.053888779266038585,0.11278658258165548,0.010007771949819753,0.22688230303890955,0.2289110949914799,0.012820968709848196,0.0023291743009721437,28.645462036132812,33.669036865234375,37.13279724121094,12.219789776530641,13.14984825226095,13.690700914427069,101.5606689453125,61.44000244140625,37.182830810546875,7.680886283710586,18.464593808467946,13.679731738716933,0.0001627604166666584,5.086263020833074e-05,0.00023396809895832142,0.01147969563802025,0.3059692382812344,0.015289306640624221,0.000137329101562493,1.017252604166615e-05,0.1762339274088452,0.1569061279296795,0.00019327799479165682,0.0,0.3183288574218588,0.015004475911457569,0.0,0.0
C:\Users\Fakhri\OneDrive\Documents\SM 6\Prak PC\klasifikasi_jenis_kain_glcm_knn\dataset\Silk\silk_103.png,Silk,29.96554093223168,17.18213600216294,3.982254866018319,1.2510139401078786,0.2498395141694095,0.06902230130949484,0.04555860658169348,0.007129616494124133,0.8381069256793107,0.09287444167729914,0.0021264180650188117,0.0006783449184563393,92.94184875488281,114.77516174316406,153.9962158203125,32.81417252655963,40.97849398311056,42.312980896873746,109.35188293457031,103.83580017089844,153.99795532226562,3.710617230517434,15.700583810642675,42.31677165501184,0.0,0.0,0.0,0.00018310546874999068,0.2600504557291534,0.07309977213541294,0.0,0.0,0.006754557291666323,0.313781738281234,0.012797037760416016,0.0,0.0018259684244790737,0.09826151529947416,0.1629638671874917,0.07028198242187142
C:\Users\Fakhri\OneDrive\Documents\SM 6\Prak PC\klasifikasi_jenis_kain_glcm_knn\dataset\Nylon\nylon_015.png,Nylon,15.003009686102338,6.510870375560941,2.954873409559554,0.7313378074756276,0.2916031252662658,0.06879819760142541,0.06924478739542454,0.00830495794771345,0.743795622308531,0.11151519411145207,0.0048638129079508355,0.0011957985630288662,64.74186706542969,69.87110900878906,77.26956176757812,20.67242054105797,21.777657389061083,23.862154211038956,107.74810791015625,42.13824462890625,77.27085876464844,4.8756349830925,10.1751892999475,23.86118767483276,1.5258789062499222e-05,0.0,1.017252604166615e-05,0.0003509521484374821,0.28647359212238127,0.046412150065101805,7.120768229166304e-05,0.0,0.32239786783852525,0.01093546549479111,0.0,0.0,0.10895792643228612,0.21390279134113493,0.010462443033853634,1.017252604166615e-05
C:\Users\Fakhri\OneDrive\Documents\SM 6\Prak PC\klasifikasi_jenis_kain_glcm_knn\dataset\Nylon\nylon_140.png,Nylon,5.049399607781008,4.092622397045453,1.6816430501495236,0.7562850798175517,0.43982857311640683,0.13788536354519937,0.07578716045054502,0.01508968950822637,0.9554007157227488,0.036244536063188205,0.005971392418611332,0.0023653856654496158,66.43260192871094,93.89701843261719,132.76797485351562,24.49133032251532,30.768257979908956,42.33551288973979,107.44381713867188,129.6313934326172,132.76797485351562,1.1863760016718918,9.320296595966099,42.33551288973979,0.0,0.0,0.0,0.0,0.3332977294921705,3.560384114583152e-05,0.0,0.0,0.0,0.1583658854166586,0.17496744791665775,0.0,0.006535847981770501,0.15626525878905453,0.1367289225260347,0.033803304036456615
C:\Users\Fakhri\OneDrive\Documents\SM 6\Prak PC\klasifikasi_jenis_kain_glcm_knn\dataset\Nylon\nylon_166.png,Nylon,10.102642339145875,6.205764387573455,2.130818170884396,0.7302475590396013,0.4260597937670741,0.09119649393611273,0.11332117907324223,0.017050106696192634,0.7858022668610851,0.13121693420220834,0.013132395764901383,0.0039266288775948455,36.212677001953125,41.96250915527344,44.71354675292969,18.42703362054648,19.56079752670339,21.103206580065276,97.54583740234375,51.6290283203125,44.865264892578125,9.33130957506348,14.5970457544999,20.971205193794134,0.0004526774088541436,0.00012715657552082686,0.0018412272135415728,0.03193155924479004,0.29616292317706827,0.002797444661458191,2.03450520833323e-05,0.0,0.25624593098957027,0.07708740234374607,0.0,0.0,0.27546691894529846,0.057001749674476264,0.0008646647135416226,0.0
C:\Users\Fakhri\OneDrive\Documents\SM 6\Prak PC\klasifikasi_jenis_kain_glcm_knn\dataset\Silk\silk_158.png,Silk,49.535070548513296,19.60033470610846,4.741788644845583,1.0791614198631643,0.2620242618189342,0.051124448361271196,0.061633997621063745,0.007505455148693461,0.7986876125995813,0.0797263983756607,0.0038550815197423397,0.0009600545937475044,120.46005249023438,117.57846069335938,103.36859130859375,43.001915009491185,44.747870633127114,46.24793371719506,26.142227172851562,42.68620300292969,120.75460815429688,7.002771428945121,18.640131295185867,43.42418256540921,0.08370971679687074,0.24313354492186262,0.005386352539062226,0.0007425944010416289,0.0001780192057291576,5.594889322916382e-05,5.594889322916382e-05,7.120768229166304e-05,0.2897389729817561,0.04359436035156028,0.0,0.0,0.00028483072916665216,0.21360778808592662,0.088272094726558,0.03116861979166508
C:\Users\Fakhri\OneDrive\Documents\SM 6\Prak PC\klasifikasi_jenis_kain_glcm_knn\dataset\Nylon\nylon_108.png,Nylon,15.110053427307399,11.084928040156848,2.6713712304648385,1.0119757440434411,0.35218594295287803,0.09251854462913672,0.06982887725541728,0.011663787590638982,0.8703822021135524,0.09505516225399162,0.005012116039711675,0.0016925702740030583,73.48399353027344,62.05845642089844,55.567901611328125,29.410836997701317,31.128447940789723,32.87345014341088,30.032684326171875,73.51565551757812,74.65614318847656,45.03622267007134,34.77294645900779,31.837280978851258,0.27518717447915264,0.0038859049479164688,0.0007731119791666273,0.0006510416666666336,0.020940144856769767,0.012736002604166017,0.005961100260416363,0.013198852539061829,0.11035664876301521,0.2086385091145727,0.014338175455728436,0.0,0.13045247395832668,0.18159484863280326,0.019872029622394823,0.0014139811197915947
C:\Users\Fakhri\OneDrive\Documents\SM 6\Prak PC\klasifikasi_jenis_kain_glcm_knn\dataset\Denim\denim_086.png,Denim,7.846207079829902,3.7826474393782443,1.862621228983202,0.5164799662360696,0.4522325465648587,0.07926188606051883,0.14927451991159288,0.017238800169410207,0.5811509500186542,0.20188769260155284,0.02258005852611739,0.005253149248156829,24.635498046875,30.03704833984375,37.80149841308594,10.70769375098298,12.450104302658564,15.280506422849237,107.02397155761719,87.87837219238281,37.813568115234375,6.581857773911974,21.142611054670912,15.266854487257355,0.0002390543619791545,5.086263020833074e-05,0.00011698404947916071,0.0028483072916665217,0.29022216796873523,0.03970336914062298,0.00014750162760415915,5.086263020833075e-06,0.03957621256510215,0.2870686848958187,0.006688435872395493,0.0,0.31257120768227575,0.02062988281249895,0.00012715657552082686,5.086263020833075e-06
C:\Users\Fakhri\OneDrive\Documents\SM 6\Prak PC\klasifikasi_jenis_kain_glcm_knn\dataset\Silk\silk_176.png,Silk,10.0940693549356,4.854668099022256,2.0132303034517167,0.5503686081736033,0.4832007601082256,0.062490748988285355,0.17141965699699335,0.013353033602057683,0.8783852158216187,0.05856308153390637,0.029563002311344535,0.004624305720188913,38.596923828125,34.79261779785156,35.64707946777344,27.221316954518173,24.903963632514063,26.81726296571262,86.72628784179688,38.394683837890625,38.95747375488281,73.76148035224865,23.532713860494813,27.40184522649194,0.12133789062499382,0.034515380859373244,0.0073852539062496236,0.0018819173177082374,0.004089355468749792,0.013621012369790972,0.03946431477864382,0.11103820800780685,0.2844594319661313,0.047129313151039263,0.0017445882161457446,0.0,0.2542978922525912,0.07866923014322516,0.00036112467447914825,5.086263020833075e-06
C:\Users\Fakhri\OneDrive\Documents\SM 6\Prak PC\klasifikasi_jenis_kain_glcm_knn\dataset\Denim\denim_024.png,Denim,3.8619110509228487,1.6275703390480754,1.3319768289503473,0.3287470838271909,0.5325280457830698,0.07137116431133984,0.1825000968789553,0.0184032629706189,0.6318501617025865,0.15510067530160584,0.03364496544879382,0.006821027576453113,19.46856689453125,22.388381958007812,24.058059692382812,8.812019711918486,9.097488957321445,10.33452613638214,97.44076538085938,53.314208984375,24.333770751953125,18.323792834381933,21.29778627473692,10.15545752510073,0.004236857096353951,0.0009918212890624495,0.005813598632812204,0.05462646484374722,0.21822611490884306,0.047363281249997585,0.0017751057942707428,0.0003000895182291514,0.22706604003905093,0.10548400878905713,0.0007832845052082935,0.0,0.3323720296223789,0.0009613037109374511,0.0,0.0
C:\Users\Fakhri\OneDrive\Documents\SM 6\Prak PC\klasifikasi_jenis_kain_glcm_knn\dataset\Silk\silk_139.png,Silk,77.69096948868528,36.45226371003752,6.556093554107544,1.82133960077604,0.16891871219669854,0.05124282449685687,0.034166112211645165,0.004475027359219718,0.5823650858629041,0.19590582407456275,0.0011873490935244938,0.000320591907993742,156.36622619628906,181.2024383544922,194.58523559570312,39.88395130387944,38.7321675770036,35.12811588548173,99.98329162597656,52.76615905761719,194.64865112304688,3.6310158198427653,18.42428659021433,35.22682755931228,5.086263020833075e-06,0.0,4.577636718749767e-05,0.00765991210937461,0.3256022135416501,2.03450520833323e-05,0.0,0.0,0.23972066243488363,0.09361267089843274,0.0,0.0,0.0,0.007049560546874641,0.1461079915364509,0.1801757812499908
C:\Users\Fakhri\OneDrive\Documents\SM 6\Prak PC\klasifikasi_jenis_kain_glcm_knn\dataset\Cotton\cotton_043.png,Cotton,9.562348463908684,6.081300909142996,2.301565037706542,0.8015620989707897,0.3612585974362131,0.09754815157438908,0.07257173072274604,0.01224972322940295,0.8598838133858,0.08907042068439097,0.005416711819291737,0.001892878697836958,194.38787841796875,207.2520751953125,189.24456787109375,23.105035898643507,23.158615413308567,25.776103909374445,52.81341552734375,22.989898681640625,207.2520751953125,5.913872144739791,7.79499338608755,23.158615413308567,0.0,0.014612833658853422,0.3116912841796716,0.007029215494791309,0.0,0.0,0.0,0.0,0.3333333333333164,0.0,0.0,0.0,0.0,2.543131510416537e-05,0.08380635579426657,0.24950154622394563
C:\Users\Fakhri\OneDrive\Documents\SM 6\Prak PC\klasifikasi_jenis_kain_glcm_knn\dataset\Silk\silk_145.png,Silk,30.91527629603512,13.130597709170571,3.6598153240431794,0.9080564493307831,0.31308591594477075,0.05887740855549815,0.08075701702436808,0.009456967596751993,0.7255661704651502,0.11676427228939133,0.006611130034800093,0.001564614557174275,63.04302978515625,99.56591796875,94.51092529296875,26.92590129224321,31.210670376471242,33.0371583162228,85.62434387207031,98.54331970214844,99.65414428710938,2.567303049726466,19.722967268043632,31.366533897875062,0.0,0.0,0.0,0.3105773925781092,0.022755940755207173,0.0,0.0,0.0,0.011703491210936903,0.30231221516925544,0.019317626953124015,0.0,0.004328409830728947,0.26311238606769494,0.06471252441405921,0.0011800130208332732
C:\Users\Fakhri\OneDrive\Documents\SM 6\Prak PC\klasifikasi_jenis_kain_glcm_knn\dataset\Silk\silk_196.png,Silk,81.96487159252403,61.22419856513784,6.780071513623593,2.8703229484368866,0.16106214388369564,0.07840462979923651,0.03778944161192383,0.00716923933856821,0.6179111632736588,0.28513587693746195,0.001479439890034675,0.0006006155905839855,96.58731079101562,93.36468505859375,92.165283203125,39.83064590113845,41.7776806881659,43.56341589466996,50.061187744140625,21.580535888671875,97.46340942382812,58.701434724216995,15.530223755877106,41.11718940297783,0.1972757975260316,0.031656901041665055,0.004536946614583102,0.0026550292968748647,0.021235148111978085,0.027882893880206913,0.015472412109374212,0.032618204752602506,0.32884216308592074,0.004491170247395605,0.0,0.0,0.07742818196614189,0.1725260416666579,0.07869466145832933,0.0046844482421872615
C:\Users\Fakhri\OneDrive\Documents\SM 6\Prak PC\klasifikasi_jenis_kain_glcm_knn\dataset\Cotton\cotton_035.png,Cotton,15.462576554202807,8.530668581762615,2.400803460346976,0.7586737579429708,0.41891288129688103,0.08494589078816807,0.12410321432707305,0.017932573655089278,0.7050859460120696,0.16239695070241147,0.015723185004206632,0.004526271421339098,30.07916259765625,33.63932800292969,36.85530090332031,19.567902836479384,20.547679922757865,22.333848610112423,101.822021484375,49.87791442871094,36.960052490234375,15.34825826130732,17.54676464432086,22.261758647787847,0.003295898437499832,0.0006357828776041343,0.002339680989583214,0.021464029947915575,0.25838216145832016,0.04558817545572685,0.0013885498046874293,0.0002390543619791545,0.2557271321614453,0.07757059733072522,3.560384114583152e-05,0.0,0.3021087646484221,0.0281575520833319,0.0029093424479165186,0.0001576741536458253
C:\Users\Fakhri\OneDrive\Documents\SM 6\Prak PC\klasifikasi_jenis_kain_glcm_knn\dataset\Silk\silk_173.png,Silk,6.243345449902371,2.77291286450776,1.5896092810953732,0.39646546457522636,0.5221831294878522,0.06205487758554275,0.17905297576765541,0.011716355599004902,0.8550836868134285,0.06454908168214614,0.032197241119774934,0.004242444653623531,34.5164794921875,32.02903747558594,32.28208923339844,19.863827887846238,17.92644720757351,19.663967837354452,78.61384582519531,32.0321044921875,35.004180908203125,68.86374829626145,19.696812518860607,19.87211495986741,0.11002095540364024,0.04836018880208087,0.02187093098958222,0.00896708170572871,0.007812499999999602,0.014007568359374287,0.03910827636718551,0.08318583170572492,0.3088684082031093,0.024261474609373765,0.00020345052083332296,0.0,0.3047383626301928,0.028452555338540218,0.00014241536458332608,0.0
C:\Users\Fakhri\OneDrive\Documents\SM 6\Prak PC\klasifikasi_jenis_kain_glcm_knn\dataset\Cotton\cotton_149.png,Cotton,12.432924828818415,6.550563664908323,2.5974146052095093,0.7725411630535174,0.3359162131369963,0.08130894762344253,0.08918962503702983,0.011499215139928675,0.6134132060315951,0.2035823360662773,0.008087021163080342,0.0021046664866207,113.73687744140625,54.18231201171875,60.810821533203125,19.344881420506457,14.673410866307698,16.183537916520624,172.860107421875,135.2416534423828,113.73687744140625,25.400049772692523,15.219245258731485,19.344881420506457,0.007044474283853808,0.0,0.0,0.0,0.0,0.0,0.0,0.32628885904946253,1.5258789062499222e-05,0.10835774739582782,0.22496032714842604,0.0,0.0,0.2569681803385286,0.07625834147135029,0.00010681152343749457
C:\Users\Fakhri\OneDrive\Documents\SM 6\Prak PC\klasifikasi_jenis_kain_glcm_knn\dataset\Nylon\nylon_200.png,Nylon,77.02974265454465,42.030339200042185,6.423501360926347,2.0225508634432376,0.1824763502781044,0.05710476770302079,0.03748053133744314,0.006291576482285216,0.6496723232264286,0.19101196519660124,0.001444374163969502,0.000486401958962457,90.59375,94.02203369140625,101.54939270019531,40.99642556589156,41.82990374745839,44.586484062899885,109.95747375488281,29.27362060546875,101.56582641601562,9.31352113947198,10.0007167065727,44.570384398398296,0.0007375081380207957,0.0001576741536458253,0.0003967285156249798,0.0029805501302081817,0.20991007486978097,0.11756896972655652,0.001444498697916593,0.000137329101562493,0.33186848958331644,0.0014648437499999254,0.0,0.0,0.08180236816405834,0.15200805664061726,0.09219868977864114,0.007324218749999627
C:\Users\Fakhri\OneDrive\Documents\SM 6\Prak PC\klasifikasi_jenis_kain_glcm_knn\dataset\Wool\wool_032.png,Wool,9.685613565504406,5.873619471049879,2.1278575743623964,0.7100040575691897,0.41155686437810557,0.08989859109692745,0.06596436810448089,0.010244700988427707,0.9483161708823041,0.031315267024037495,0.0044562517577657465,0.0013755438421823546,83.93191528320312,66.06352233886719,62.95252990722656,49.86544734421096,35.78136909702762,36.27358711181034,52.76405334472656,70.51741027832031,87.21405029296875,54.02354434374729,46.64133298362227,49.854249436368605,0.1777242024739493,0.0049540201822914146,0.006327311197916344,0.01568094889322837,0.0889790852864538,0.01927693684895735,0.005477905273437221,0.014912923177082574,0.17938232421874087,0.10323079427082808,0.05072021484374742,0.0,0.12653605143228522,0.13441467285155564,0.06135050455728854,0.011032104492186938
C:\Users\Fakhri\OneDrive\Documents\SM 6\Prak PC\klasifikasi_jenis_kain_glcm_knn\dataset\Nylon\nylon_065.png,Nylon,2.723634601446811,0.8619703989149682,1.232869708764128,0.2261313056153705,0.5211420806886157,0.05845828533448515,0.12098863358324852,0.011113779462324122,0.8966033499902588,0.03285483323676516,0.01476176555027875,0.002811295434965649,75.68598937988281,89.36351013183594,103.47846984863281,13.850785290560435,14.550955377584145,17.0093329541862,105.12730407714844,68.91940307617188,103.47846984863281,2.2547316989491395,7.762132843768325,17.0093329541862,0.0,0.0,0.0,0.0,0.3331756591796705,0.0001576741536458253,0.0,0.0,0.07609049479166279,0.2572428385416536,0.0,0.0,5.086263020833075e-06,0.3038889567057137,0.029439290364581833,0.0
C:\Users\Fakhri\OneDrive\Documents\SM 6\Prak PC\klasifikasi_jenis_kain_glcm_knn\dataset\Denim\denim_190.png,Denim,38.01479469163039,27.390491296736933,4.496506627291075,1.7424512186654444,0.22697151213912536,0.07391487183612065,0.03925878969524962,0.006890582758448641,0.8536544277324376,0.10541869073716735,0.0015887326990868674,0.0005537943649294921,104.05783081054688,117.44862365722656,133.53529357910156,43.446551373507184,46.259609731968375,47.83142152115553,106.344482421875,60.405914306640625,133.53529357910156,2.436332117187204,15.538360315363288,47.83142152115553,0.0,0.0,0.0,0.0,0.33168538411456644,0.001647949218749916,0.0,0.0,0.19502258300780256,0.1383107503255138,0.0,0.0,0.017644246419269934,0.14262898763020107,0.12528991699218112,0.047770182291664236
C:\Users\Fakhri\OneDrive\Documents\SM 6\Prak PC\klasifikasi_jenis_kain_glcm_knn\dataset\Wool\wool_159.png,Wool,7.894582001106195,3.48404817956507,1.8053520958961393,0.4840497785487703,0.48637679003007217,0.0749570436758729,0.1649902345738332,0.020207852788578735,0.6109995033193448,0.17166213260511,0.02763013481905337,0.006784385981964417,20.654647827148438,24.413253784179688,28.805496215820312,11.784094279778412,12.72650305948824,15.512008278159627,102.52191162109375,73.74595642089844,28.9425048828125,15.14350630826941,24.259593026842534,15.372706970617385,0.0026397705078123656,0.0006052652994791358,0.0034688313802081565,0.026326497395831993,0.24730428059894574,0.05176798502603903,0.0010579427083332795,0.0001627604166666584,0.10441589355468218,0.22374471028644694,0.005167643229166403,5.086263020833075e-06,0.3227437337239419,0.010569254557291128,2.03450520833323e-05,0.0
C:\Users\Fakhri\OneDrive\Documents\SM 6\Prak PC\klasifikasi_jenis_kain_glcm_knn\dataset\Cotton\cotton_160.png,Cotton,15.696698056497288,6.926139213769174,2.917623482296522,0.7407209014419422,0.3119852988669425,0.06734202277578284,0.06935109402778361,0.008449483513505985,0.7116664692003415,0.12721928692695664,0.004880968014495494,0.0012020564123667984,48.09977722167969,52.8826904296875,59.92012023925781,19.77737444014542,21.001656648240218,23.00113205138682,107.38665771484375,52.386322021484375,59.93675231933594,7.948570970905434,15.533958938247434,22.98329512566055,0.0005391438802083058,0.00012207031249999378,0.0002950032552083183,0.002955118815104016,0.2715657552083195,0.05732727050780958,0.00044759114583331055,8.13802083333292e-05,0.2570597330729036,0.07626342773437111,1.017252604166615e-05,0.0,0.19241841634113604,0.1399434407552012,0.0009714762369791172,0.0
C:\Users\Fakhri\OneDrive\Documents\SM 6\Prak PC\klasifikasi_jenis_kain_glcm_knn\dataset\Silk\silk_191.png,Silk,67.04106415416476,27.621500112061412,5.425170621665118,1.3531767095580893,0.25783380656395155,0.053013749921182705,0.061156153891150256,0.007925108225830797,0.7304519169683084,0.11109223970185891,0.0038028824991491847,0.000989074978717341,141.0980987548828,103.69158935546875,123.93853759765625,40.69078851314318,45.89527721897022,49.36927200958836,162.81594848632812,74.945068359375,141.23841857910156,7.904404709391235,27.76044171328008,40.978947832894626,0.00021362304687498913,0.0,0.0,0.0,0.0,0.0,0.07160949707030885,0.2615102132161325,0.11754862467447318,0.21556091308592654,0.00022379557291665527,0.0,0.0,0.1592407226562419,0.1251475016275978,0.04894510904947667
C:\Users\Fakhri\OneDrive\Documents\SM 6\Prak PC\klasifikasi_jenis_kain_glcm_knn\dataset\Cotton\cotton_010.png,Cotton,3.0664026337255943,1.8680865706519019,1.2244933153726607,0.4243150614541769,0.5454535954084917,0.1003772324365256,0.16731597160594955,0.023900158936331857,0.7197831699296025,0.17051102065470378,0.02856585195162484,0.008183762576326619,23.453094482421875,27.013946533203125,29.451950073242188,8.488605547438215,9.466879885767822,11.063912815560231,99.15913391113281,52.16307067871094,29.61505126953125,16.135420582366248,16.64131557749668,10.905808238828428,0.0036671956380206466,0.0007934570312499596,0.003260294596354001,0.03493754069010239,0.25342814127602875,0.03616333007812316,0.0009765624999999502,0.00010681152343749457,0.24522908528644585,0.08808390299478717,2.03450520833323e-05,0.0,0.33245340983071225,0.0008799235026041219,0.0,0.0
C:\Users\Fakhri\OneDrive\Documents\SM 6\Prak PC\klasifikasi_jenis_kain_glcm_knn\dataset\Nylon\nylon_126.png,Nylon,5.514498224959996,3.4030669145205654,1.7100734299009035,0.5861467908485914,0.4454788547614283,0.09935461226159743,0.09485583076639591,0.015014129852787616,0.8684163402501834,0.081244612652866,0.009223052725619506,0.00292896884565467,54.587890625,47.939483642578125,45.32121276855469,22.23885923780657,17.72143663153667,16.042948847799284,76.9761962890625,52.866790771484375,55.96533203125,62.48198750029613,33.726504382020714,21.606137637948844,0.11653137207030656,0.026652018229165308,0.013992309570311787,0.02746073404947777,0.060460408528642755,0.00961303710937451,0.004887898763020584,0.07373555501301708,0.20274861653644802,0.12620035807291025,0.00438435872395811,0.0,0.21422831217446825,0.11878967285155645,0.0003153483072916506,0.0
C:\Users\Fakhri\OneDrive\Documents\SM 6\Prak PC\klasifikasi_jenis_kain_glcm_knn\dataset\Nylon\nylon_125.png,Nylon,4.530284852682605,2.6965747940616502,1.4879525706048213,0.4929263830234047,0.4927045485444879,0.09588180071545542,0.11601360694562146,0.017216687803780946,0.8472387269062226,0.09101254998959998,0.01375557133546601,0.004089872732932461,46.45561218261719,40.910003662109375,38.21537780761719,18.684154760035643,15.071023871058385,13.40967944817145,75.14158630371094,54.9779052734375,47.73918151855469,61.7753154085133,35.200098958057524,18.05103984583218,0.1100158691406194,0.03471374511718573,0.017461140950519944,0.03706868489583145,0.04939778645833082,0.007680257161457942,0.004511515299478937,0.07248433430989214,0.20388793945311462,0.12194315592447295,0.0075022379557287844,0.0,0.26855977376300716,0.06472269694010087,5.086263020833074e-05,0.0
C:\Users\Fakhri\OneDrive\Documents\SM 6\Prak PC\klasifikasi_jenis_kain_glcm_knn\dataset\Nylon\nylon_182.png,Nylon,17.770919217021277,14.387437760257212,3.178969195344246,1.4941458139252692,0.2856245994632539,0.13864470903766754,0.07156666568805979,0.015908105374215855,0.6774760042609528,0.26115682803729456,0.0053748554543036715,0.0026325663462797373,176.71449279785156,210.58909606933594,226.1283721923828,22.225104602177872,21.456301888900917,16.97593466824166,98.94099426269531,56.46302795410156,226.2494659423828,3.597944276298334,12.209173197528758,17.133311453073528,0.0,0.0,0.0,0.011301676432291092,0.32203165690102525,0.0,0.0,0.0,0.22445678710936356,0.10887654622395279,0.0,0.0,0.0,0.0,0.014312744140624271,0.3190205891926921
C:\Users\Fakhri\OneDrive\Documents\SM 6\Prak PC\klasifikasi_jenis_kain_glcm_knn\dataset\Wool\wool_074.png,Wool,11.036007068553841,5.785646710549727,2.3764410364218396,0.696297081306223,0.3644276695024064,0.08049299083065878,0.07347746126713496,0.010534014924965328,0.844852021589932,0.08136242715865358,0.005509902784702712,0.0015957700620807497,69.06179809570312,81.45338439941406,104.426513671875,21.531342028301655,24.072887872068815,29.609004493951836,109.33055114746094,87.32029724121094,104.4266357421875,1.9886314405377057,13.65761513072189,29.608685282371443,0.0,0.0,0.0,3.0517578124998445e-05,0.3228352864583169,0.010467529296874467,0.0,0.0,0.014470418294270097,0.3183085123697755,0.0005544026692708051,0.0,0.026250203450519496,0.2365315755208213,0.06967671712239229,0.0008748372395832888
C:\Users\Fakhri\OneDrive\Documents\SM 6\Prak PC\klasifikasi_jenis_kain_glcm_knn\dataset\Denim\denim_085.png,Denim,6.176556855519191,3.0337648284810355,1.6001793551462782,0.44448584576410016,0.49899841016447727,0.0777292524936392,0.16666640546673736,0.018788246273329923,0.6553839060694635,0.1691686347738684,0.028130688909230202,0.006385151835660946,20.194808959960938,26.344436645507812,33.27613830566406,10.265941503929863,12.148296843782743,15.728435819071473,104.43365478515625,99.53712463378906,33.306610107421875,6.461680838584723,21.006459895876166,15.692454482733941,3.0517578124998445e-05,0.0,0.00013224283854165994,0.007288614908853796,0.3139597574869632,0.011901855468749395,2.03450520833323e-05,0.0,0.015777587890624195,0.2888844807942561,0.02867126464843604,0.0,0.31681823730467135,0.016372680664061667,0.00014241536458332608,0.0
C:\Users\Fakhri\OneDrive\Documents\SM 6\Prak PC\klasifikasi_jenis_kain_glcm_knn\dataset\Wool\wool_048.png,Wool,15.422421257920277,6.93896202955875,2.8098312206719736,0.7402247491537236,0.3436208987199864,0.06961399106068505,0.09192687354538415,0.012098439920380665,0.6044643201255164,0.17797641594445596,0.00859692232833611,0.002270849470552616,38.451568603515625,41.356414794921875,45.09602355957031,17.132130397242847,17.675099202649168,19.275023497238976,104.408447265625,40.462890625,45.228363037109375,17.740509798792345,16.98351868942283,19.2033476131426,0.0038757324218748027,0.0012817382812499347,0.003768920898437308,0.018829345703124042,0.21453348795571825,0.08597310384114146,0.004374186197916444,0.0006968180338541312,0.30014038085935973,0.033157348632810814,3.560384114583152e-05,0.0,0.27019246419269455,0.0630645751953093,7.629394531249611e-05,0.0
C:\Users\Fakhri\OneDrive\Documents\SM 6\Prak PC\klasifikasi_jenis_kain_glcm_knn\dataset\Silk\silk_179.png,Silk,29.14828826035126,14.425758182061095,3.725689111770117,1.0257574916538887,0.29539444577382085,0.06087373080843491,0.04985932640206836,0.006232722227828426,0.9015121763192077,0.04870636291220197,0.0025247992556372586,0.00063654311014462,109.27011108398438,106.22471618652344,122.02363586425781,47.72188303415758,48.135323758990936,53.6965322142694,127.12287902832031,34.39231872558594,122.02961730957031,7.016481294286107,7.958850021141042,53.69164788740719,7.629394531249611e-05,0.0,0.0,5.086263020833075e-06,0.0021464029947915572,0.2843017578124855,0.04623413085937265,0.0005696614583333043,0.3330891927083164,0.00024414062499998756,0.0,0.0,0.0673726399739549,0.10450236002603634,0.12670898437499356,0.034749348958331566
C:\Users\Fakhri\OneDrive\Documents\SM 6\Prak PC\klasifikasi_jenis_kain_glcm_knn\dataset\Nylon\nylon_004.png,Nylon,9.132576634732974,4.378957043915845,2.340817689672043,0.6142178724017986,0.3401775825783872,0.07782364023955599,0.09209087341976445,0.010753847135975762,0.7326546398531931,0.12874468531729863,0.00859637419543901,0.0020467251979888355,36.1829833984375,39.2745361328125,42.50169372558594,15.701099674605976,16.696117925695585,18.400654976831568,102.50082397460938,38.71441650390625,42.61151123046875,18.91867810277098,14.23109923635423,18.298801785593724,0.0058492024739580355,0.0011342366536457756,0.0034332275390623252,0.018839518229165707,0.23209126790363402,0.06822204589843403,0.00314331054687484,0.0006205240885416351,0.31708780924477553,0.01624552408854084,0.0,0.0,0.2834676106770689,0.04986572265624746,0.0,0.0
C:\Users\Fakhri\OneDrive\Documents\SM 6\Prak PC\klasifikasi_jenis_kain_glcm_knn\dataset\Wool\wool_108.png,Wool,26.078997986980728,16.584361521474676,3.6387893677495815,1.2844743896459856,0.2776253792025173,0.08442025585820072,0.04351151977920079,0.007747989041669914,0.8870241622347502,0.07201639534770513,0.001953283687685618,0.000714125825093552,179.91798400878906,174.11773681640625,166.1580810546875,40.810226057236875,43.65141891891601,45.90559024722558,23.863845825195312,22.552459716796875,180.1377716064453,24.733631029671397,14.95101235497414,41.076689116016766,0.25143941243488305,0.055989583333330484,0.01133219401041609,0.0027567545572915264,0.0032450358072915013,0.002136230468749891,0.002136230468749891,0.0042978922526039475,0.3325246175130039,0.0008087158203124588,0.0,0.0,0.0,0.04118855794270623,0.14919535319009658,0.14294942220051354
C:\Users\Fakhri\OneDrive\Documents\SM 6\Prak PC\klasifikasi_jenis_kain_glcm_knn\dataset\Denim\denim_197.png,Denim,48.481418875667394,30.49231184217174,5.145824260892085,1.7431040312015498,0.19643314073638596,0.06274713296192923,0.0441437103901667,0.006553943713610401,0.6466995879035121,0.22199895096530933,0.001991621345212085,0.000612011328317886,88.88372802734375,102.02978515625,120.10122680664062,31.043825244433943,33.705621742718485,35.7921189954891,107.37297058105469,68.85606384277344,120.10122680664062,2.101295580485089,14.71263601402143,35.7921189954891,0.0,0.0,0.0,0.0,0.330632527669254,0.0027008056640623625,0.0,0.0,0.11900838216145228,0.21427408854165575,5.086263020833074e-05,0.0,0.01058959960937446,0.19229634602863604,0.11971537272134807,0.010732014973957787
C:\Users\Fakhri\OneDrive\Documents\SM 6\Prak PC\klasifikasi_jenis_kain_glcm_knn\dataset\Nylon\nylon_023.png,Nylon,6.037277037146431,3.3277899102506705,1.862559930793985,0.5643241016514275,0.40744342225940827,0.08908652806621635,0.08498543627809013,0.012170489953894529,0.8777054707770201,0.06755216495369513,0.007370645205095165,0.002118269949615866,68.73109436035156,96.75755310058594,97.75592041015625,17.39784378016816,20.78753530757876,22.263950630191115,90.84779357910156,77.84230041503906,98.21243286132812,2.194745050631901,9.46849793939907,21.856934682482496,0.0,0.0,0.0,0.0869038899739539,0.24642944335936245,0.0,0.0,0.0,0.007222493489582965,0.3261057535807126,5.086263020833075e-06,0.0,0.012283325195311874,0.28689066569008953,0.03415934244791493,0.0
C:\Users\Fakhri\OneDrive\Documents\SM 6\Prak PC\klasifikasi_jenis_kain_glcm_knn\dataset\Silk\silk_092.png,Silk,29.284986525453984,13.052515794455584,3.226232208183802,0.824529142577475,0.3968216520625391,0.06329495999649852,0.12359418235412879,0.013075944018965613,0.7501808639133579,0.11163647243241585,0.01544650222377276,0.003305775204544416,64.91226196289062,35.82939147949219,40.03025817871094,38.53102179937586,27.47914232154641,29.998734256241306,154.61805725097656,121.49140930175781,64.98611450195312,54.527799545928,36.49790074067947,38.51379649963371,0.0366465250651023,0.00016784667968749146,7.120768229166304e-05,5.086263020833074e-05,0.0006103515624999689,0.003148396809895673,0.005467732747395555,0.2871704101562354,0.0275573730468736,0.12898763020832676,0.17678324381509516,5.086263020833075e-06,0.20934041341144768,0.0963134765624951,0.02271525065104051,0.004964192708333081
C:\Users\Fakhri\OneDrive\Documents\SM 6\Prak PC\klasifikasi_jenis_kain_glcm_knn\dataset\Wool\wool_124.png,Wool,3.107822958557825,1.1801084325496705,1.1785187085350486,0.26987281227907817,0.5670962709178896,0.06683882777468811,0.19508421924132238,0.01968406548367559,0.7088574639724742,0.11071502388169407,0.03844531503096199,0.007879373548374166,17.958236694335938,19.739883422851562,21.1650390625,8.582935928421515,9.315623159486556,10.76026812017272,91.223388671875,42.59703063964844,21.501663208007812,33.98702387078155,21.293291932996414,10.546976141514667,0.027058919270831955,0.006668090820312161,0.017491658528644944,0.0418904622395812,0.1583048502604086,0.07435607910155871,0.005869547526041368,0.0016937255859374137,0.28022766113279823,0.05272928873697648,0.0003763834635416475,0.0,0.3327738444010247,0.0005594889322916382,0.0,0.0
C:\Users\Fakhri\OneDrive\Documents\SM 6\Prak PC\klasifikasi_jenis_kain_glcm_knn\dataset\Cotton\cotton_075.png,Cotton,5.111208971252781,2.9495744099026298,1.6512198311476425,0.5319007254208298,0.4528284999255974,0.0962097881178828,0.09733729940344475,0.014708610488242076,0.8891096791682354,0.06411579897702147,0.009690893077650666,0.002983369740902319,217.53001403808594,215.035888671875,230.76895141601562,18.103664268548272,20.409609961978845,17.068246380925302,123.208984375,18.176589965820312,230.78750610351562,8.12361555775657,5.477503212946458,17.09055347185093,2.543131510416537e-05,5.086263020833075e-06,0.0008138020833332918,0.002131144205729058,0.01625061035156167,0.30699157714842185,0.007115681966145471,0.0,0.3333333333333164,0.0,0.0,0.0,0.0,0.0,0.009292602539062026,0.32404073079425433
C:\Users\Fakhri\OneDrive\Documents\SM 6\Prak PC\klasifikasi_jenis_kain_glcm_knn\dataset\Silk\silk_048.png,Silk,98.37318968929752,32.383397556227116,6.28603806168424,1.26590285423893,0.24837231972686916,0.04552682879263452,0.06453764440957535,0.007108212134424852,0.4361422762912715,0.1857579654236298,0.004215634225684776,0.0009493576290838188,56.84779357910156,83.36080932617188,90.90397644042969,36.98602499920677,37.522283479917654,38.71078036748723,96.39085388183594,106.16677856445312,90.91000366210938,2.6875320157771547,31.417716226955115,38.71436846268318,5.594889322916382e-05,0.0,5.086263020833075e-06,0.00150553385416659,0.3317565917968581,1.017252604166615e-05,0.0,0.0,0.038289388020831386,0.19895935058592737,0.0960845947265576,0.0,0.08983357747395376,0.1946868896484276,0.03783162434895641,0.010981241861978608
C:\Users\Fakhri\OneDrive\Documents\SM 6\Prak PC\klasifikasi_jenis_kain_glcm_knn\dataset\Silk\silk_167.png,Silk,21.63583607832446,9.511771378959947,3.0309774471304856,0.7762341423474374,0.36105339644382056,0.06326304734474163,0.08220061616415686,0.009622158971861937,0.8135837919091848,0.08198258171415591,0.006849527241046829,0.0016076411977586887,78.2381591796875,51.256988525390625,75.66241455078125,32.140171802378106,28.34732757814797,37.86728768655216,154.1186981201172,99.79142761230469,80.06683349609375,7.32308391970553,23.742776844166226,34.77279448308586,0.0,0.0,0.0,0.0,0.0,5.594889322916382e-05,0.20870463053384353,0.12457275390624366,0.0157623291015617,0.2648010253906115,0.05276997884114314,0.0,0.13294982910155573,0.16605122884113738,0.03304036458333165,0.0012919108072916008
C:\Users\Fakhri\OneDrive\Documents\SM 6\Prak PC\klasifikasi_jenis_kain_glcm_knn\dataset\Denim\denim_186.png,Denim,35.68684248524343,26.382631240146683,4.3324294688333795,1.6726536889913417,0.23520148510028438,0.07798039918459514,0.04679217324624669,0.008232650002773364,0.7993840938258229,0.14818099103116053,0.0022572840031749287,0.0008216735360621738,75.27044677734375,88.24476623535156,105.075439453125,34.861394294429914,38.33129157211482,41.95794989192218,106.86233520507812,76.48818969726562,105.07545471191406,2.313047563116487,16.748011620223256,41.95793186292002,0.0,0.0,0.0,5.086263020833075e-06,0.3308919270833165,0.0024363199869790425,0.0,0.0,0.07575988769530864,0.2573038736979036,0.0002695719401041529,0.0,0.056223551432288806,0.18456013997394893,0.08069864908853756,0.011850992838541062
C:\Users\Fakhri\OneDrive\Documents\SM 6\Prak PC\klasifikasi_jenis_kain_glcm_knn\dataset\Wool\wool_114.png,Wool,27.960375138667384,16.08341402165974,3.796492571114607,1.25090759773085,0.26318473152634886,0.07771328356612037,0.046444943379773125,0.007566655458678511,0.8261555818797337,0.10003798469869746,0.002214387040380681,0.0007300491343114437,168.3638916015625,163.41770935058594,154.9130096435547,33.603535528157686,36.53625614929021,38.81270189078165,26.009063720703125,23.175048828125,168.65797424316406,24.757347362237716,14.64699359542205,33.981273316766725,0.22512817382811354,0.0796610514322876,0.008789062499999552,0.0046844482421872615,0.0063578287760413426,0.0033925374348956604,0.002176920572916556,0.00314331054687484,0.333038330078108,0.0002950032552083183,0.0,0.0,0.0,0.038798014322914694,0.20410156249998962,0.09043375651041206
C:\Users\Fakhri\OneDrive\Documents\SM 6\Prak PC\klasifikasi_jenis_kain_glcm_knn\dataset\Nylon\nylon_105.png,Nylon,10.49520903630662,6.32721017292518,2.279677769247898,0.7402036369275582,0.38204064478175814,0.08692268664361641,0.08546229044920602,0.012401847311432429,0.8349843793090641,0.09933971109717245,0.007457608905560534,0.002167934565990265,63.750518798828125,53.40043640136719,43.910308837890625,21.482607520447345,23.385215231765052,23.651201779856702,21.817428588867188,85.82786560058594,64.18806457519531,27.19757371433241,40.94603865507413,22.39045773124155,0.28355407714842307,0.020207722981769805,0.003229777018229002,0.004262288411458116,0.015686035156249202,0.0018615722656249052,0.0013224283854165993,0.00320943196614567,0.08666483561197476,0.19625345865884417,0.05041503906249743,0.0,0.17648824055988685,0.15180969238280476,0.005035400390624743,0.0
C:\Users\Fakhri\OneDrive\Documents\SM 6\Prak PC\klasifikasi_jenis_kain_glcm_knn\dataset\Nylon\nylon_033.png,Nylon,34.33195388489494,19.705167232830288,3.755199858650135,1.2197346074494924,0.33979499120701123,0.07394243858267446,0.08906240110261644,0.013442693448425401,0.7599682717110806,0.13766949959022132,0.008112817297311675,0.002438808303820084,56.033905029296875,61.66947937011719,64.96041870117188,32.64125484236914,33.80638546021453,36.912485772802626,97.45399475097656,39.545166015625,65.34457397460938,14.275529068883888,16.706103893387517,36.634341318578066,0.0013326009114582654,0.0011494954427082747,0.007151285807291303,0.049290974934893324,0.2546132405598829,0.01857503255208239,0.0009765624999999502,0.00024414062499998756,0.30048116048175555,0.03284708658853999,5.086263020833075e-06,0.0,0.1922149658203027,0.11690266927082738,0.021942138671873883,0.002273559570312384
C:\Users\Fakhri\OneDrive\Documents\SM 6\Prak PC\klasifikasi_jenis_kain_glcm_knn\dataset\Wool\wool_065.png,Wool,15.654932146588303,7.779294512251157,2.7744131325620356,0.78684195370424,0.33638249398163955,0.0755687710689792,0.07759460263318368,0.010660373210234055,0.7251596426148404,0.1364905881212293,0.006134565914783153,0.0017083106332923125,52.58891296386719,58.16778564453125,62.347137451171875,20.50215617836371,21.46575579167801,23.066461692533057,101.59927368164062,41.7095947265625,62.43635559082031,9.152494734926226,13.546144533427919,23.0069471860918,0.0004069010416666459,0.00024922688802082063,0.0010121663411457819,0.0157165527343742,0.29804992675779735,0.017613728841144937,0.00022888183593748834,5.594889322916382e-05,0.3105621337890467,0.022771199544269673,0.0,0.0,0.1911214192708236,0.13770548502603466,0.004470825195312273,3.560384114583152e-05
C:\Users\Fakhri\OneDrive\Documents\SM 6\Prak PC\klasifikasi_jenis_kain_glcm_knn\dataset\Wool\wool_049.png,Wool,14.103398587944602,7.25962208127845,2.6362148875953157,0.7784123564699458,0.36458781067135565,0.07824640865160999,0.10023786173987596,0.014351794213320829,0.6362909556691185,0.1871257609703815,0.010253602923324,0.002923440662952677,38.18034362792969,43.63978576660156,46.55723571777344,16.742331280854756,17.72719663992962,19.427410412659995,98.26223754882812,48.748443603515625,46.76936340332031,11.403312700702713,16.334238744588177,19.2706112894936,0.0008799235026041219,0.00038655598958331364,0.0030466715494790117,0.03659057617187313,0.2787882486979025,0.013336181640624322,0.00025939941406248677,4.577636718749767e-05,0.27094014485675705,0.06239318847655932,0.0,0.0,0.2669932047525906,0.06608581542968414,0.00025431315104165373,0.0
C:\Users\Fakhri\OneDrive\Documents\SM 6\Prak PC\klasifikasi_jenis_kain_glcm_knn\dataset\Denim\denim_058.png,Denim,12.94249709637794,7.127284862789487,2.4603292066545768,0.7462741741827171,0.3832463801628967,0.07761585215880958,0.11156180273937323,0.014411447506537263,0.7047205166204047,0.1626168334084243,0.012653725649692504,0.0032754804218021022,31.626922607421875,38.56062316894531,45.51176452636719,17.262608553719197,19.048431165349754,20.734560056512493,104.62376403808594,82.11068725585938,45.519866943359375,4.966474134051721,18.853287725159227,20.72583149462987,2.03450520833323e-05,0.0,1.017252604166615e-05,0.001983642578124899,0.3210194905598795,0.010294596354166142,5.086263020833075e-06,0.0,0.05673217773437211,0.2751922607421735,0.0014088948567707615,0.0,0.2746378580729027,0.0576222737630179,0.0010732014973957786,0.0
C:\Users\Fakhri\OneDrive\Documents\SM 6\Prak PC\klasifikasi_jenis_kain_glcm_knn\dataset\Nylon\nylon_058.png,Nylon,3.0254976414270414,0.9484492969386821,1.254812025806936,0.23507458902904563,0.525217859762818,0.06019875495471646,0.09910156282477085,0.009570675763790894,0.9581084102002615,0.013191895103577362,0.009912717588887622,0.0019416610321336143,189.22573852539062,120.00431823730469,121.02850341796875,24.398744076848036,24.324666260871126,25.071023002473943,79.14254760742188,95.70878601074219,189.22573852539062,88.15981020290756,14.212644197375178,24.398744076848036,0.18585205078124054,0.0,0.0,0.0,0.0,0.0,0.0,0.14748128255207582,0.013015747070311837,0.3203124999999837,5.086263020833075e-06,0.0,0.0,0.0,0.1728515624999912,0.16048177083332515
C:\Users\Fakhri\OneDrive\Documents\SM 6\Prak PC\klasifikasi_jenis_kain_glcm_knn\dataset\Denim\denim_037.png,Denim,22.79320252039668,15.187829646303667,3.4209772108314347,1.2232883394029392,0.2844200892813818,0.08019582605772019,0.0652800831807058,0.009841844745019316,0.7266601632767363,0.18195747536070622,0.004358351168064933,0.001313789468401466,48.96685791015625,60.9305419921875,74.40263366699219,23.538964621641504,26.340144067585626,29.332968575160137,105.78167724609375,91.71159362792969,74.40286254882812,2.6139796048067288,19.058596484610344,29.332649934102058,0.0,0.0,0.0,6.103515624999689e-05,0.3313903808593581,0.0018819173177082374,0.0,0.0,0.023844401041665454,0.30000813802081805,0.00948079427083285,0.0,0.13761393229165966,0.17568461100259522,0.01991780598958232,0.00011698404947916071
C:\Users\Fakhri\OneDrive\Documents\SM 6\Prak PC\klasifikasi_jenis_kain_glcm_knn\dataset\Cotton\cotton_021.png,Cotton,4.781834426227889,3.5320853672171046,1.526205476551018,0.6293086016203521,0.4912428952505728,0.1203360236020642,0.11219858079296967,0.020373919812851953,0.9075864300694941,0.06852303417600895,0.01300361814049706,0.004782554021132109,218.25465393066406,226.88229370117188,230.7311248779297,20.397844702066887,20.721416600220266,19.01532213943394,97.26905822753906,14.321441650390625,231.11439514160156,9.074897817042189,4.015527171931371,19.405538157646806,0.0,0.0,0.00562540690104138,0.03887939453124802,0.2881418863932145,0.0006866455078124651,0.0,0.0,0.3333333333333164,0.0,0.0,0.0,0.0,0.0,0.017166137695311626,0.3161671956380047
C:\Users\Fakhri\OneDrive\Documents\SM 6\Prak PC\klasifikasi_jenis_kain_glcm_knn\dataset\Silk\silk_104.png,Silk,28.249095000588934,15.967620632661903,3.9753040220129487,1.2271269745367952,0.240050302104571,0.06534336587468548,0.04313203867996183,0.0065679721981871326,0.852740441020817,0.08357870028195812,0.0019035110194858824,0.0005879685234630376,89.96522521972656,111.30354309082031,148.57313537597656,33.39052212224595,41.33197248036753,45.658311606953454,109.07412719726562,103.022705078125,148.5738525390625,3.470174719016399,15.183534063168432,45.65987312264212,0.0,0.0,0.0,8.13802083333292e-05,0.2718200683593612,0.06143188476562187,0.0,0.0,0.003758748372395642,0.31736246744790053,0.012212117513020211,0.0,0.004002888997395629,0.11490885416666081,0.14631652832030506,0.06810506184895486
C:\Users\Fakhri\OneDrive\Documents\SM 6\Prak PC\klasifikasi_jenis_kain_glcm_knn\dataset\Nylon\nylon_192.png,Nylon,33.031101948272585,19.2229554973417,3.926566860940318,1.381273177185579,0.27001302128159216,0.09255306051625999,0.06752877586124893,0.011438982505350885,0.5818306996370184,0.24342419834697415,0.00469098589007652,0.001653700605272661,50.93879699707031,59.8968505859375,78.71490478515625,23.540286174191962,25.34981296627139,28.6788280485222,110.32023620605469,94.22895812988281,78.71533203125,2.6491466450795786,21.654559439263508,28.678417284713632,0.0,0.0,0.0,0.00010172526041666148,0.2746225992838402,0.05860392252603868,5.086263020833075e-06,0.0,0.02473449707031124,0.28970336914061023,0.01889546712239487,0.0,0.1072184244791612,0.20484924316405206,0.02064514160156145,0.0006205240885416351
C:\Users\Fakhri\OneDrive\Documents\SM 6\Prak PC\klasifikasi_jenis_kain_glcm_knn\dataset\Cotton\cotton_109.png,Cotton,2.9458706224241937,1.8626264428340389,1.0957381961734498,0.3872316872529114,0.6017732619612776,0.08954520980761622,0.22991854921696095,0.026065032617421817,0.8950575976832957,0.06701161141561422,0.05354192519937936,0.012228918198805026,233.89645385742188,241.8243865966797,242.58119201660156,16.4102001084731,15.062397615242848,12.237394099660342,86.0880126953125,10.852020263671875,244.15184020996094,15.04121755195208,5.320560424250909,13.086749064187309,0.0,0.0,0.054092407226559745,0.10805257161457783,0.17117309570311628,1.5258789062499222e-05,0.0,0.0,0.3333333333333164,0.0,0.0,0.0,0.0,0.0,0.0006663004557291327,0.33266703287758725
C:\Users\Fakhri\OneDrive\Documents\SM 6\Prak PC\klasifikasi_jenis_kain_glcm_knn\dataset\Nylon\nylon_002.png,Nylon,10.281237128885797,4.678338896926038,2.456418127130097,0.6303715893738351,0.33425354767375426,0.07632429049699632,0.09381996809646902,0.01083458340644712,0.6528764249875737,0.15820949163771936,0.008919574611213723,0.0021077043992950915,36.026153564453125,41.10404968261719,43.07347106933594,14.111810882076266,15.657360768863283,17.49962298909721,94.37773132324219,42.85981750488281,43.44598388671875,15.930821719043095,13.4836185917521,17.201247512891044,0.00294494628906235,0.001998901367187398,0.009028116861978706,0.05797322591145538,0.24840799967446653,0.01209513346354105,0.0007171630859374635,0.00016784667968749146,0.3137359619140465,0.019597371419269836,0.0,0.0,0.28327433268227725,0.05005900065103912,0.0,0.0
C:\Users\Fakhri\OneDrive\Documents\SM 6\Prak PC\klasifikasi_jenis_kain_glcm_knn\dataset\Silk\silk_067.png,Silk,25.378327662083745,9.807924860748692,3.0293702031185936,0.717271820890255,0.38732400613667145,0.06564493248052157,0.13261375212885493,0.015732122671352683,0.5948645951185332,0.15724491100293708,0.017833906937439855,0.0043014850423085515,27.765853881835938,36.62060546875,33.14585876464844,20.112512361721933,23.655938689427202,22.846699113904833,78.97639465332031,69.21220397949219,36.96589660644531,12.274177503523699,25.714930051470937,23.794160853945122,0.0007324218749999627,0.0008748372395832888,0.03613789876301899,0.228922526041655,0.06403605143228841,0.0024261474609373764,0.00013224283854165994,7.120768229166304e-05,0.13890075683593042,0.19057210286457363,0.0038604736328123035,0.0,0.2968343098958182,0.03252156575520668,0.0038045247395831396,0.00017293294270832453
C:\Users\Fakhri\OneDrive\Documents\SM 6\Prak PC\klasifikasi_jenis_kain_glcm_knn\dataset\Silk\silk_114.png,Silk,86.23685916957851,37.753165677287264,6.6245547815975145,1.7410166171299608,0.19279958885426174,0.05207867435647476,0.05542168098891404,0.00842884841724759,0.36175332747188266,0.27898609358256704,0.003142608209277892,0.0009627973688933534,59.51310729980469,66.61421203613281,81.22016906738281,30.84724067723015,33.08001098107871,36.98822250159817,110.11180114746094,72.07571411132812,81.22053527832031,3.411227354053612,18.32178594927009,36.98806727064539,5.086263020833075e-06,0.0,1.017252604166615e-05,7.629394531249611e-05,0.2622833251952991,0.07095336914062139,5.086263020833075e-06,0.0,0.09828694661457833,0.23502095540363385,2.543131510416537e-05,0.0,0.13932291666665958,0.15187072753905476,0.0386301676432272,0.0035095214843748213
C:\Users\Fakhri\OneDrive\Documents\SM 6\Prak PC\klasifikasi_jenis_kain_glcm_knn\dataset\Nylon\nylon_087.png,Nylon,5.242671507068773,3.7982817614881412,1.6818293315004906,0.680664492836448,0.4445721990434673,0.12237817651473215,0.10346313275707991,0.018406653763009533,0.838491290118654,0.11718146577570165,0.011043424742660452,0.003974703198791766,47.02168273925781,52.980194091796875,61.4097900390625,15.392897292607614,16.11166340926369,17.63210750847134,107.46881103515625,61.87907409667969,61.409912109375,3.0359938158112,12.113449832426305,17.631876204430686,0.0,0.0,0.0,3.560384114583152e-05,0.32044474283852536,0.012852986653645178,0.0,0.0,0.19025166829426116,0.1430816650390552,0.0,0.0,0.18662516276040717,0.1467081705729092,0.0,0.0
C:\Users\Fakhri\OneDrive\Documents\SM 6\Prak PC\klasifikasi_jenis_kain_glcm_knn\dataset\Denim\denim_174.png,Denim,11.113916019049933,6.19342611628084,2.320760041274885,0.717340938589232,0.3836063188425247,0.08307571162064778,0.10300423694939502,0.013896031855378596,0.6988608552649276,0.16778561789662877,0.010802972530852807,0.002912789017123125,31.646881103515625,39.511810302734375,50.665130615234375,15.29472228256124,17.5238610603774,20.559494014569324,107.35853576660156,97.7215576171875,50.66667175292969,3.834736965846744,19.847616266211464,20.557357356299836,2.03450520833323e-05,0.0,1.017252604166615e-05,0.00036621093749998135,0.3139495849609215,0.018987019856769868,0.0,0.0,0.02254740397135302,0.29757181803383903,0.013214111328124327,0.0,0.2557729085286328,0.07639567057291277,0.001164754231770774,0.0
C:\Users\Fakhri\OneDrive\Documents\SM 6\Prak PC\klasifikasi_jenis_kain_glcm_knn\dataset\Denim\denim_006.png,Denim,16.625194467943388,9.710367938932997,2.91600874671176,0.9275856974478057,0.31843997420689785,0.08003649181345897,0.07708607003416884,0.010811350171865885,0.7098836238493522,0.16915890994477883,0.006059147485851486,0.0017296603056385885,42.80903625488281,51.96397399902344,64.15432739257812,19.405050524322455,21.796578158890213,24.7731372714872,106.97074890136719,87.42306518554688,64.15582275390625,3.5243877894211586,18.956016666224357,24.771897229811902,0.0,5.086263020833075e-06,1.017252604166615e-05,0.00030517578124998444,0.31989034016925455,0.013102213541666,2.03450520833323e-05,0.0,0.034866333007810724,0.29506937662758914,0.0033976236979164935,0.0,0.18342081705728233,0.14335123697915936,0.006464640299478837,9.663899739582841e-05
C:\Users\Fakhri\OneDrive\Documents\SM 6\Prak PC\klasifikasi_jenis_kain_glcm_knn\dataset\Cotton\cotton_197.png,Cotton,49.13539843480195,29.46913879097911,4.844741079069132,1.5754135184253266,0.23632631742144058,0.06111437941549665,0.04019869027198248,0.006011042155028062,0.8848221712012253,0.06900944117303075,0.0016520673273723023,0.0004937759633196894,104.96578979492188,111.78001403808594,117.43659973144531,56.673709262799704,58.649495027168165,61.092509999258475,102.812744140625,30.611526489257812,117.47517395019531,7.738552371825696,12.537518677399717,61.06062376274421,0.0003814697265624806,0.00010681152343749457,0.0005798339843749705,0.00714619954427047,0.3088938395182134,0.01588439941406169,0.00028991699218748525,5.086263020833074e-05,0.32688903808592085,0.006444295247395505,0.0,0.0,0.08772786458332886,0.10604349772134877,0.0832570393880166,0.056304931640622134
C:\Users\Fakhri\OneDrive\Documents\SM 6\Prak PC\klasifikasi_jenis_kain_glcm_knn\dataset\Nylon\nylon_114.png,Nylon,12.756327705219546,7.4734853009981865,2.5632491883236788,0.8338622390483786,0.34672461861513154,0.08743917819017064,0.07394663831080195,0.011381154071511702,0.8199841415593894,0.10554210672652496,0.005597635985468052,0.0017264784154819818,74.32492065429688,75.35250854492188,71.37338256835938,23.198943863717247,24.267062556629202,24.748069403827177,54.95954895019531,23.187149047851562,77.01182556152344,35.59008657983876,22.039249301633955,25.307827692345427,0.061864217122392685,0.10222880045572397,0.04781595865885173,0.038340250651039715,0.06539916992187167,0.013229370117186827,0.0025583902994790364,0.0018971761067707368,0.3081207275390468,0.02514648437499872,6.612141927082997e-05,0.0,0.11241658528645261,0.2070566813150936,0.013783772786457631,7.629394531249611e-05
C:\Users\Fakhri\OneDrive\Documents\SM 6\Prak PC\klasifikasi_jenis_kain_glcm_knn\dataset\Cotton\cotton_131.png,Cotton,26.26655958894835,15.1634558740868,3.8120271824452985,1.2956252073076833,0.25037573340805697,0.0842458825753632,0.0525500160417497,0.008413338372808134,0.8292942612740641,0.0987991834304051,0.0028322884485635167,0.0009101513686973389,204.5589599609375,199.7686004638672,210.84466552734375,34.1967622928092,36.077946483163636,33.45316757803243,128.14564514160156,14.725082397460938,211.0350799560547,22.182222777286853,6.789709550885047,33.50764226739782,0.003138224283854007,0.0016021728515624185,0.00693257649739548,0.004892985026041417,0.014190673828124277,0.16898091634113724,0.12860107421874345,0.004994710286458079,0.3333333333333164,0.0,0.0,0.0,0.0,0.005167643229166403,0.08578999837239147,0.2423756917317585
C:\Users\Fakhri\OneDrive\Documents\SM 6\Prak PC\klasifikasi_jenis_kain_glcm_knn\dataset\Cotton\cotton_116.png,Cotton,2.7238612309771213,1.4616045655878696,1.2001074123871192,0.3674386385570987,0.5377559506093171,0.0913655774192004,0.11080575811288347,0.015413635178587123,0.9275021506555187,0.03903464469743901,0.012515496180389414,0.0034683371170710466,42.891265869140625,51.66072082519531,66.84861755371094,15.624899003854944,17.468436906515738,21.744939503794342,109.02186584472656,92.89202880859375,66.84873962402344,2.801093586153287,12.833842739722193,21.74467089236762,0.0,0.0,0.0,3.560384114583152e-05,0.30314127604165125,0.0301564534505193,0.0,0.0,0.0026957194010415295,0.32988484700519155,0.000752766927083295,0.0,0.15043640136717984,0.18183898925780323,0.0010579427083332795,0.0
C:\Users\Fakhri\OneDrive\Documents\SM 6\Prak PC\klasifikasi_jenis_kain_glcm_knn\dataset\Nylon\nylon_193.png,Nylon,16.152187128936415,9.247081395002862,3.0111952100714245,0.973187280653122,0.29883572780785134,0.08471579478024001,0.08352841311993801,0.010275300138997275,0.48696191193641547,0.2933904047166145,0.0070825775912815095,0.0017588779415606975,41.470794677734375,50.919342041015625,69.58041381835938,14.502549625245997,16.161153621662997,17.882844164292134,109.98820495605469,106.2613525390625,69.58041381835938,2.0910221649521414,18.382882869519303,17.882844164292134,0.0,0.0,0.0,0.0,0.29514567057290164,0.03818766276041472,0.0,0.0,0.0014495849609374263,0.2823588053385273,0.049524943033851646,0.0,0.1356811523437431,0.19703674316405248,0.000615437825520802,0.0
C:\Users\Fakhri\OneDrive\Documents\SM 6\Prak PC\klasifikasi_jenis_kain_glcm_knn\dataset\Wool\wool_092.png,Wool,11.877373289867826,4.807047211417096,2.3501547215009464,0.5686038552922364,0.39566486032974546,0.06908458716636684,0.11224343015393047,0.013450289269325635,0.6138867002395945,0.15624250346239996,0.012779497894148806,0.0030959279850217925,27.931060791015625,30.948379516601562,33.27906799316406,15.038397171073903,15.720181951994556,17.22690844565632,98.18962097167969,45.519683837890625,33.55384826660156,20.984413022728315,19.683720730934066,17.076548832879368,0.006439208984374672,0.002461751302083208,0.008672078450520392,0.0418904622395812,0.21629333496092648,0.05405171712239308,0.0027770996093748586,0.0007476806640624619,0.27313741048175694,0.05996704101562195,0.00022888183593748834,0.0,0.31495666503904646,0.018259684244790738,0.00011698404947916071,0.0
C:\Users\Fakhri\OneDrive\Documents\SM 6\Prak PC\klasifikasi_jenis_kain_glcm_knn\dataset\Nylon\nylon_024.png,Nylon,7.432425263854076,4.29517092768036,2.0891087674576707,0.6612957720523149,0.37273555446771267,0.09236193352822447,0.07343745928122943,0.011202982549574563,0.8980030986975466,0.059273512037010236,0.0055185672436883,0.0017238716875953028,76.00555419921875,104.465087890625,105.97908020019531,21.18879051334571,25.232997531910478,27.175191493347814,91.16671752929688,74.35861206054688,106.46817016601562,2.680440299104938,9.420248793499914,26.71037926342446,0.0,0.0,0.0,0.0838724772135374,0.24946085611977897,0.0,0.0,0.0,0.030415852864581785,0.30291748046873457,0.0,0.0,0.012395222981770202,0.2364247639973838,0.08451334635416237,0.0
C:\Users\Fakhri\OneDrive\Documents\SM 6\Prak PC\klasifikasi_jenis_kain_glcm_knn\dataset\Silk\silk_034.png,Silk,33.13778036595607,13.923865991383389,4.36108873108875,1.087616208756052,0.22246436259465088,0.06530632817522272,0.056349361050376585,0.006996919029891757,0.4928988916416795,0.21346645643023202,0.00322420736669656,0.0008746822743337322,200.18356323242188,208.5582275390625,215.4597930908203,22.87835759912652,23.27142915098847,21.410127405599447,102.14183044433594,18.46697998046875,215.57821655273438,7.312456895501511,5.690984703468024,21.59832602545486,5.594889322916382e-05,7.120768229166304e-05,0.000818888346354125,0.016637166341144986,0.31163533528644244,0.004114786783853957,0.0,0.0,0.3333333333333164,0.0,0.0,0.0,0.0,4.06901041666646e-05,0.04997762044270579,0.2833150227864439
C:\Users\Fakhri\OneDrive\Documents\SM 6\Prak PC\klasifikasi_jenis_kain_glcm_knn\dataset\Nylon\nylon_010.png,Nylon,11.355491317043525,4.645825975513796,2.5753719870198153,0.6162235707739853,0.32316252143159774,0.07213712032107919,0.08946432265440359,0.010070455401828814,0.6206060034921225,0.155177128633289,0.008105279100011452,0.0018930343675251718,38.169189453125,43.318450927734375,46.322998046875,14.295255856991224,15.748214343908566,17.32858059579145,98.70347595214844,45.46044921875,46.50282287597656,12.944564378564142,14.077932875123526,17.19985239620036,0.0017293294270832452,0.0007222493489582965,0.0036621093749998135,0.03107198079426925,0.2772725423176942,0.01819864908854074,0.0005187988281249735,0.0001576741536458253,0.30011494954425555,0.03321838378906081,0.0,0.0,0.27392578124998607,0.059371948242184475,3.560384114583152e-05,0.0
C:\Users\Fakhri\OneDrive\Documents\SM 6\Prak PC\klasifikasi_jenis_kain_glcm_knn\dataset\Denim\denim_088.png,Denim,10.43997763112705,4.7936759566074,2.0764398174806513,0.543931907522165,0.43593461157679697,0.07241981009700779,0.1356053276035155,0.015476886541597068,0.6112318386060583,0.17849958054110393,0.01862833889147823,0.0042747549107051384,25.543136596679688,29.879364013671875,36.52592468261719,13.209507548478344,14.912678291103479,17.602062674061436,106.86309814453125,75.64877319335938,36.56300354003906,12.73816668325268,25.356226537128425,17.566264166148457,0.002339680989583214,0.00022379557291665527,0.000890096028645788,0.006968180338541312,0.2504069010416539,0.07054646809895473,0.0016530354817707491,0.00030517578124998444,0.10094706217447402,0.22880045572915503,0.0035858154296873174,0.0,0.3089294433593593,0.023844401041665454,0.0005544026692708051,5.086263020833075e-06
C:\Users\Fakhri\OneDrive\Documents\SM 6\Prak PC\klasifikasi_jenis_kain_glcm_knn\dataset\Wool\wool_001.png,Wool,23.735586454830237,9.64455868196222,3.5264066986531453,0.8357163813833304,0.27352308042650436,0.0597887949713485,0.05629617951747954,0.006756585579654155,0.7300827005333969,0.1095465881007648,0.003214911276959473,0.0007840650782308968,122.81210327148438,137.79246520996094,167.8297882080078,25.838562078367698,27.06403198679,26.433935274068986,109.93939208984375,69.54254150390625,167.8297882080078,1.8008586335260306,15.025490727990542,26.433935274068986,0.0,0.0,0.0,0.0,0.314117431640609,0.01921081542968652,5.086263020833075e-06,0.0,0.1121215820312443,0.22121175130207207,0.0,0.0,0.0,0.022852579752603002,0.24518330891925835,0.06529744466145501
C:\Users\Fakhri\OneDrive\Documents\SM 6\Prak PC\klasifikasi_jenis_kain_glcm_knn\dataset\Cotton\cotton_020.png,Cotton,6.433703780719682,4.782680825672283,1.6579024440663632,0.6856814968765651,0.5024253842624199,0.1094070028151437,0.1455861834071255,0.02071478324997116,0.947118521112161,0.039494595032313416,0.021624439044146477,0.006067887512248338,220.35169982910156,224.3217010498047,228.10865783691406,31.026979745859848,32.44047672717594,28.946865271148187,97.24472045898438,13.263412475585938,229.61953735351562,22.915755580814405,12.253834469438969,28.08350985474641,6.103515624999689e-05,1.017252604166615e-05,0.05005391438801828,0.03542073567708153,0.21467590332030156,0.014648437499999254,0.005233764648437234,0.013229370117186827,0.3298339843749832,0.0034993489583331552,0.0,0.0,0.0,0.0009918212890624495,0.03540547688801903,0.2969360351562349
C:\Users\Fakhri\OneDrive\Documents\SM 6\Prak PC\klasifikasi_jenis_kain_glcm_knn\dataset\Wool\wool_078.png,Wool,8.71011195578074,4.9936146874962635,2.1067101716794983,0.661694083901824,0.39793409602374097,0.0869926924956171,0.0603728931683428,0.009124987655306931,0.9546325464787054,0.025967426304661007,0.0037281516292256363,0.0011340564004251631,76.13079833984375,89.30235290527344,115.07887268066406,34.819508540403945,39.58315590043665,48.698323614163215,109.77505493164062,89.11827087402344,115.07887268066406,1.9574555888286256,14.445505953381911,48.698323614163215,0.0,0.0,0.0,0.0,0.3143208821614423,0.019012451171874032,0.0,0.0,0.01067097981770779,0.3208872477213378,0.0017751057942707428,0.0,0.07189941406249634,0.10676574707030706,0.14380391438801352,0.010864257812499447
C:\Users\Fakhri\OneDrive\Documents\SM 6\Prak PC\klasifikasi_jenis_kain_glcm_knn\dataset\Nylon\nylon_100.png,Nylon,5.016861082819349,2.9037671754726904,1.6782087029153379,0.5416220470858746,0.4382953496040378,0.09706900449005033,0.11069561099982377,0.015790750850715404,0.7672733148235262,0.13472726409163224,0.012502866107053671,0.0035889207643803526,44.55499267578125,50.476226806640625,58.420013427734375,12.573432868030132,13.099036681504419,14.464731778676429,107.00051879882812,62.0679931640625,58.42071533203125,3.422775598436746,12.093990367279922,14.462906338015411,5.086263020833075e-06,0.0,0.0,0.00019327799479165682,0.320332845052067,0.012791951497395182,1.017252604166615e-05,0.0,0.1873982747395738,0.14593505859374256,0.0,0.0,0.2070363362630103,0.12629699707030606,0.0,0.0
C:\Users\Fakhri\OneDrive\Documents\SM 6\Prak PC\klasifikasi_jenis_kain_glcm_knn\dataset\Denim\denim_054.png,Denim,14.458027125933208,7.73583493910964,2.221315658328882,0.6808442259791708,0.44775676460457964,0.08613152161771284,0.14467403567743847,0.019702687154961127,0.7073355681742753,0.15627705869016262,0.021318772480323014,0.005924715158900735,27.127639770507812,32.2147216796875,35.22119140625,18.84670508179362,20.002526862363393,21.649485441220392,98.57730102539062,63.15644836425781,35.40303039550781,10.747673594143022,18.699168130634927,21.52909541610211,0.0006306966145833012,0.00021362304687498913,0.0018717447916665713,0.037282307942706434,0.2818145751952981,0.011357625325520255,0.000137329101562493,2.543131510416537e-05,0.1565653483072837,0.1766510009765535,0.00011698404947916071,0.0,0.31006368001300505,0.019694010416665665,0.00334167480468733,0.00023396809895832142
C:\Users\Fakhri\OneDrive\Documents\SM 6\Prak PC\klasifikasi_jenis_kain_glcm_knn\dataset\Denim\denim_115.png,Denim,8.948472123272076,4.288225476734844,1.969153559613159,0.5409481381683543,0.4419030377576471,0.07947482505578668,0.1408362452033015,0.017074489781634433,0.6602195322090186,0.16299776336086927,0.02012638616426761,0.004906239589075679,26.411575317382812,29.421920776367188,34.78486633300781,13.322053347428549,14.683431362060297,17.047860409204823,107.8857421875,61.204254150390625,34.829833984375,14.956894259001063,20.391115839810855,17.008146379984673,0.0031077067057290082,0.0004882812499999751,0.001088460286458278,0.00818888346354125,0.21072387695311426,0.10604349772134877,0.0031840006510415043,0.0005086263020833075,0.17325337727863702,0.15993245442707518,0.00014750162760415915,0.0,0.31463114420571314,0.01786804199218659,0.0008341471354166242,0.0
C:\Users\Fakhri\OneDrive\Documents\SM 6\Prak PC\klasifikasi_jenis_kain_glcm_knn\dataset\Nylon\nylon_153.png,Nylon,12.530183838756074,3.8857574090457865,2.6313522614792952,0.4790765467977398,0.3326517782161024,0.05330227508133294,0.1221979741880994,0.00777007076090666,0.17735015977065524,0.2547021108266166,0.0149927188953049,0.001962747967584318,26.46807861328125,31.239410400390625,34.40214538574219,10.37114393559758,11.233970005044846,11.732379091728173,101.43685913085938,61.389862060546875,34.45710754394531,8.13309647968298,17.895986771735526,11.726530899471078,0.00023396809895832142,3.0517578124998445e-05,0.00019327799479165682,0.012283325195311874,0.3010864257812347,0.019271850585936518,0.00020345052083332296,3.0517578124998445e-05,0.17935180664061587,0.15383911132811717,0.00014241536458332608,0.0,0.32672119140623335,0.0066121419270829965,0.0,0.0
C:\Users\Fakhri\OneDrive\Documents\SM 6\Prak PC\klasifikasi_jenis_kain_glcm_knn\dataset\Nylon\nylon_120.png,Nylon,12.864996782506887,8.319897937984226,2.617807411270242,0.9219188087187971,0.3375634271700731,0.09095959739942507,0.0646291093981136,0.010860281027254408,0.8778042004161342,0.07913668261758677,0.004294867485584278,0.0014512804961328855,90.58503723144531,90.12115478515625,85.80021667480469,29.00897027750052,29.697871859798493,28.211903292418523,59.93284606933594,24.303268432617188,93.303466796875,47.286727187576545,22.02403109925022,30.837266272404037,0.11638895670572325,0.057362874348955414,0.011235555013020261,0.013315836588540988,0.08887736002603715,0.029073079427081854,0.00934855143229119,0.007731119791666273,0.3037821451822762,0.029551188151040162,0.0,0.0,0.05344136555989311,0.23330179850259228,0.04539998372395602,0.0011901855468749395
C:\Users\Fakhri\OneDrive\Documents\SM 6\Prak PC\klasifikasi_jenis_kain_glcm_knn\dataset\Nylon\nylon_040.png,Nylon,25.688275697941418,15.419621998030662,3.7869037535819428,1.2545895067063013,0.2483825856098046,0.07714684408047483,0.05529272078018474,0.00846820072008194,0.6717575697103738,0.19712394692157428,0.003128995394711069,0.0010051032558534975,76.83111572265625,112.76408386230469,141.25076293945312,20.369453204561463,26.44239029641265,31.029608820650207,103.23037719726562,117.44798278808594,141.25076293945312,1.3090295745544331,12.909306227519485,31.029608820650207,0.0,0.0,0.0,0.0,0.3333333333333164,0.0,0.0,0.0,0.0003356933593749829,0.26532999674477814,0.06766764322916322,0.0,0.0004628499348958098,0.1119537353515568,0.2081451416015519,0.01277160644531185
C:\Users\Fakhri\OneDrive\Documents\SM 6\Prak PC\klasifikasi_jenis_kain_glcm_knn\dataset\Cotton\cotton_004.png,Cotton,36.56444676913874,18.626117564699296,4.432307099328605,1.2537134169637545,0.22400972063553568,0.057472272198631776,0.050685685925156175,0.006284638448192781,0.7252074117796038,0.1401154782575879,0.0026085354381280763,0.0006546472332748458,75.43060302734375,79.05360412597656,82.08470153808594,32.907013801771065,32.86732043683126,31.4320194199206,91.12165832519531,28.954299926757812,83.09053039550781,31.361159479310206,18.450043786595845,32.12164215069381,0.01670837402343665,0.02736409505208194,0.018966674804686535,0.024256388346352933,0.1947987874348859,0.0470886230468726,0.0029093424479165186,0.0012410481770832702,0.32236226399737944,0.010971069335936941,0.0,0.0,0.10156758626301567,0.19715372721353164,0.03355407714843579,0.0010579427083332795
C:\Users\Fakhri\OneDrive\Documents\SM 6\Prak PC\klasifikasi_jenis_kain_glcm_knn\dataset\Cotton\cotton_185.png,Cotton,5.608574099829981,2.8863451143981886,1.7532484285958942,0.5045285814386837,0.4319346519205021,0.08505576570635565,0.11701992746442173,0.014152031432049711,0.6802814427287475,0.16461135322666998,0.013893943417432253,0.0033861213080900324,34.91993713378906,42.65925598144531,46.64601135253906,10.60804232566923,12.197703214296913,13.346763291251984,99.65544128417969,64.74600219726562,46.68426513671875,5.653258175371699,12.561200249881463,13.30143618420639,4.577636718749767e-05,1.017252604166615e-05,9.155273437499534e-05,0.00883483886718705,0.32204691569008775,0.0022989908854165494,5.086263020833075e-06,0.0,0.14951578776040905,0.18381245930988646,5.086263020833075e-06,0.0,0.2972005208333182,0.03613281249999816,0.0,0.0
C:\Users\Fakhri\OneDrive\Documents\SM 6\Prak PC\klasifikasi_jenis_kain_glcm_knn\dataset\Silk\silk_152.png,Silk,83.65951029825358,35.36703149107727,6.678714456231187,1.7283048042812297,0.1811268103559963,0.051361372613527634,0.03719367228276816,0.005146900597127596,0.6859016298759739,0.13264473165842738,0.0014098598436346687,0.0004078431727166215,141.77745056152344,156.53880310058594,123.08261108398438,46.86632555097469,46.01039525604179,45.947356368423925,43.32728576660156,59.25401306152344,156.53890991210938,2.315418105768176,19.348492784790103,46.01043861037712,5.086263020833075e-06,0.23114522298175907,0.1021728515624948,5.086263020833075e-06,5.086263020833075e-06,0.0,0.0,0.0,0.19759114583332327,0.1357421874999931,0.0,0.0,0.0,0.11710103352863988,0.12396240234374369,0.0922698974609328
C:\Users\Fakhri\OneDrive\Documents\SM 6\Prak PC\klasifikasi_jenis_kain_glcm_knn\dataset\Denim\denim_090.png,Denim,6.9480322428276855,3.4701823807887275,1.759665813131716,0.49622749330336535,0.46402524152686314,0.08047850766980172,0.14494622131180454,0.017296534580259374,0.6277465177967948,0.18568742578975286,0.02130857718105673,0.0051714740289636576,26.34747314453125,29.876907348632812,37.450592041015625,10.644649040025413,12.40571005715679,15.50515563719403,109.91513061523438,73.03504943847656,37.47242736816406,12.522668627752644,22.993487718685927,15.477993103483833,0.002136230468749891,0.00034077962239581597,0.0008341471354166242,0.003214518229166503,0.202931722005198,0.12088012695311884,0.002456665039062375,0.0005391438802083058,0.1028645833333281,0.22967529296873831,0.0007934570312499596,0.0,0.3140665690104007,0.019037882486978196,0.00022888183593748834,0.0
C:\Users\Fakhri\OneDrive\Documents\SM 6\Prak PC\klasifikasi_jenis_kain_glcm_knn\dataset\Silk\silk_151.png,Silk,71.44263606614471,27.30653255979311,5.888562872815357,1.3337712884935755,0.217122854290387,0.046772699422407873,0.04960957991791217,0.005945917955477194,0.6596836833843523,0.1299528966712078,0.0024964643599649796,0.0006107535496312262,118.64678955078125,135.00396728515625,102.50825500488281,41.59041515196267,40.73405228140046,41.15446358853233,45.12535095214844,66.47140502929688,135.00413513183594,2.1448736134109203,19.626519371740446,40.73438209470098,5.086263020833075e-06,0.11955261230468141,0.21377563476561412,0.0,0.0,0.0,0.0,0.0,0.13539123535155562,0.19794209798176077,0.0,0.0,0.0,0.16995747884113718,0.12380472819009786,0.039571126302081316
C:\Users\Fakhri\OneDrive\Documents\SM 6\Prak PC\klasifikasi_jenis_kain_glcm_knn\dataset\Wool\wool_188.png,Wool,26.178837743731734,17.57903385634463,3.6584970473750698,1.4463336689111972,0.2852370545887624,0.10636718272518951,0.06839201705388318,0.013467741374109537,0.6647010361036645,0.22465729380899357,0.0048588480544185485,0.002012796907888405,100.94111633300781,50.77996826171875,55.661346435546875,28.378028410347813,23.554224686550562,25.515197390837685,163.75640869140625,132.54522705078125,100.94111633300781,46.111473570192935,26.7824253665778,28.378028410347813,0.024597167968748748,0.0,0.0,0.0,0.0,0.0,0.0,0.3087361653645676,0.0012410481770832702,0.1434173583984302,0.18863932291665705,3.560384114583152e-05,0.022822062174478006,0.24650573730467495,0.06387329101562175,0.00013224283854165994
C:\Users\Fakhri\OneDrive\Documents\SM 6\Prak PC\klasifikasi_jenis_kain_glcm_knn\dataset\Wool\wool_089.png,Wool,9.719269985670307,4.066843077758754,2.079724549378288,0.5213859200320282,0.43151192379932674,0.07206281702474225,0.1327542916544053,0.015964131829190004,0.5792709123893468,0.17590720195477433,0.017878555457722663,0.004331264163249243,24.17462158203125,28.48602294921875,30.132110595703125,12.666550128838166,13.72427191522337,15.261415398442013,94.29043579101562,54.949798583984375,30.545150756835938,16.004284211279124,18.832303428542197,15.046438125886802,0.0029042561848956856,0.0011901855468749395,0.008071899414062089,0.06985473632812145,0.23354593912759228,0.017115275065103294,0.000544230143229139,0.00010681152343749457,0.22245279947915533,0.1107076009114527,0.00017293294270832453,0.0,0.32242329915362944,0.010823567708332782,8.646647135416227e-05,0.0
C:\Users\Fakhri\OneDrive\Documents\SM 6\Prak PC\klasifikasi_jenis_kain_glcm_knn\dataset\Nylon\nylon_074.png,Nylon,2.8132034199548794,0.9228464322571482,1.2500730396546549,0.23106867450295848,0.5186329430987561,0.05642585985182739,0.1123756767001658,0.010082898652807423,0.936892187380138,0.02075404146015331,0.012729957559062964,0.0023284289462356124,68.78553771972656,79.04342651367188,91.56120300292969,18.38150956781399,18.79342968675509,21.376554203686204,106.31353759765625,64.7916259765625,91.56124877929688,3.0522424413780924,11.33994160385566,21.37649625387776,0.0,0.0,0.0,1.5258789062499222e-05,0.3284912109374833,0.004826863606770588,0.0,0.0,0.1662851969400957,0.16704813639322066,0.0,0.0,0.015589396158853373,0.29440307617186,0.023340861002602978,0.0
C:\Users\Fakhri\OneDrive\Documents\SM 6\Prak PC\klasifikasi_jenis_kain_glcm_knn\dataset\Silk\silk_071.png,Silk,45.86928145553765,17.782550288683595,4.403933927404057,1.0414492378634876,0.2848042825053736,0.05729342774388911,0.07690422909371995,0.009910516047794169,0.5506523383279953,0.1747181173693652,0.006012478780832949,0.0015628498349651845,42.21406555175781,57.4398193359375,75.45811462402344,26.08662242262877,29.43899866584849,32.944196051479956,105.23783874511719,119.32695007324219,75.4599609375,6.037346396033691,26.63804212207553,32.945500757531214,8.13802083333292e-05,0.0,0.0,0.00044759114583331055,0.29759216308592235,0.035212198893227374,0.0,0.0,0.013448079427082649,0.17696634928384516,0.14291381835936773,5.086263020833075e-06,0.14742024739582582,0.15791320800780445,0.026031494140623675,0.0019683837890624
C:\Users\Fakhri\OneDrive\Documents\SM 6\Prak PC\klasifikasi_jenis_kain_glcm_knn\dataset\Cotton\cotton_082.png,Cotton,10.556493405420731,7.047642685734713,2.3994615919228512,0.8862020708349527,0.35616732040853744,0.10224224659501539,0.08444959506710405,0.014419079275724712,0.8026116905497775,0.13211824918965726,0.007339643954157476,0.0025596483869874814,223.08094787597656,224.3650665283203,193.7596435546875,18.4110855756787,20.572519488268593,28.61370917589389,32.340179443359375,36.512603759765625,224.9886932373047,3.834171005808747,15.085655092913242,19.622954485457168,5.086263020833075e-06,0.32915242513019155,0.0041758219401039545,0.0,0.0,0.0,0.0,0.0,0.31672668457029635,0.01660664876301999,0.0,0.0,0.0,0.0,0.020156860351561473,0.3131764729817549
C:\Users\Fakhri\OneDrive\Documents\SM 6\Prak PC\klasifikasi_jenis_kain_glcm_knn\dataset\Silk\silk_032.png,Silk,97.4450564456755,33.05776060679676,6.475807055606847,1.330483639121048,0.23161371671455733,0.043038268863844945,0.05355503962834216,0.005896267443381584,0.5074289770170863,0.16737849349924724,0.0029029082393571813,0.0006518678238268796,123.92225646972656,119.00027465820312,108.65231323242188,38.22158034878296,40.05175827586307,43.19180697866983,24.311355590820312,36.6278076171875,124.03730773925781,20.234087605486707,18.571622815522918,38.42033601601035,0.2154490152994682,0.10423787434895303,0.0037078857421873113,0.0013326009114582654,0.0023040771484373825,0.0013478597005207647,0.002049763997395729,0.0029042561848956856,0.3146107991536298,0.018722534179686546,0.0,0.0,0.0,0.21422322591144743,0.09331766764322441,0.02579243977864452
C:\Users\Fakhri\OneDrive\Documents\SM 6\Prak PC\klasifikasi_jenis_kain_glcm_knn\dataset\Nylon\nylon_160.png,Nylon,8.952051495007323,3.7274849539266213,2.246528963095143,0.5164715099786177,0.364709709178846,0.06426570832781031,0.09175861248656535,0.00946469106123225,0.6988971655772098,0.12580948039998663,0.008509223342344234,0.0017789281918689883,39.51751708984375,43.699615478515625,48.49964904785156,14.630905075801369,15.577390665619562,16.972152337129806,105.49179077148438,48.77760314941406,48.52198791503906,8.410762743236806,14.31404768573259,16.94888083908171,0.000478108723958309,9.155273437499534e-05,0.00037129720052081445,0.004877726236978918,0.2837626139322772,0.04329427083333113,0.00038655598958331364,7.120768229166304e-05,0.27964782714842323,0.0536855061848931,0.0,0.0,0.26066589355467423,0.07266743977864214,0.0,0.0
C:\Users\Fakhri\OneDrive\Documents\SM 6\Prak PC\klasifikasi_jenis_kain_glcm_knn\dataset\Wool\wool_138.png,Wool,4.232649187782974,1.7485813115374225,1.4516584319842991,0.3496145343680844,0.49750532148753307,0.07376625658283331,0.12964955429337446,0.014825448806824033,0.7714657830484647,0.09422634329561656,0.017028800860794408,0.0040183046411396035,40.51239013671875,43.24620056152344,74.31613159179688,11.638162975801162,12.155060339246445,13.926834958415677,117.58525085449219,118.44857788085938,74.31613159179688,1.648935904159741,16.826719809993126,13.926834958415677,0.0,0.0,0.0,0.0,0.00042724609374997826,0.3329060872395664,0.0,0.0,0.00030517578124998444,0.22313435872394696,0.10989379882811941,0.0,0.07550048828124616,0.2577667236327994,6.612141927082997e-05,0.0
C:\Users\Fakhri\OneDrive\Documents\SM 6\Prak PC\klasifikasi_jenis_kain_glcm_knn\dataset\Wool\wool_081.png,Wool,10.394818772620068,6.072837443629736,2.259180752437885,0.7301138133678824,0.38332399441901316,0.08834887987017359,0.07616375565773514,0.01194286625971933,0.8679864186368556,0.0769976674934301,0.005943549730388727,0.001878359620286895,77.33857727050781,83.36430358886719,87.83956909179688,23.857609290787625,25.29446431745771,27.228752946482015,101.79182434082031,30.6170654296875,87.87849426269531,7.260207636234822,8.583189422113158,27.193983672010376,0.00028991699218748525,5.086263020833074e-05,0.0003560384114583152,0.008458455403645402,0.3159942626952964,0.008021036783853758,0.00014241536458332608,2.03450520833323e-05,0.3323262532551914,0.0010070800781249488,0.0,0.0,0.057662963867184565,0.24831644694009153,0.026865641276040297,0.0004882812499999751
C:\Users\Fakhri\OneDrive\Documents\SM 6\Prak PC\klasifikasi_jenis_kain_glcm_knn\dataset\Denim\denim_133.png,Denim,54.47456501123926,37.233980102439304,5.326568825712753,2.009601916271257,0.19965142611036976,0.06785036034748766,0.036158835651456146,0.0061152875028015275,0.7981162768433228,0.13785628113154524,0.0013448581369109364,0.00045228487977487075,97.43855285644531,105.793212890625,112.83030700683594,45.029441281855576,46.90317669114004,47.44016100100258,103.31114196777344,39.11698913574219,112.838623046875,4.838622702317496,16.449772092540414,47.435544466841726,2.03450520833323e-05,1.017252604166615e-05,4.06901041666646e-05,0.0019073486328124029,0.3253682454426918,0.00595601399739553,2.543131510416537e-05,5.086263020833075e-06,0.29925537109373473,0.0340779622395816,0.0,0.0,0.05390930175780975,0.16004943847655434,0.09531148274739099,0.024063110351561275
C:\Users\Fakhri\OneDrive\Documents\SM 6\Prak PC\klasifikasi_jenis_kain_glcm_knn\dataset\Nylon\nylon_179.png,Nylon,11.457039338173518,6.383899042893488,2.53974450682364,0.7756050353285837,0.33212067840255366,0.08095894675453327,0.06287473133252414,0.009086004968325984,0.8848579776070582,0.06417533833610346,0.004035787326421537,0.0011699169390316508,176.7030029296875,161.75210571289062,123.605224609375,28.072611051103777,28.94992338163452,25.40287035578523,21.590744018554688,77.77401733398438,176.7030029296875,1.6784531498440898,12.373844098417456,28.072611051103777,0.22949727376300916,0.10383605957030721,0.0,0.0,0.0,0.0,0.0,0.0,0.04224650065103951,0.29108683268227686,0.0,0.0,0.0,0.015131632486978396,0.1958719889322817,0.12232971191405627
C:\Users\Fakhri\OneDrive\Documents\SM 6\Prak PC\klasifikasi_jenis_kain_glcm_knn\dataset\Silk\silk_115.png,Silk,67.73128849449425,31.080500243245567,5.879527986445539,1.5906146269991461,0.21401472538922228,0.054081971867557505,0.06288457085338468,0.00959346977978113,0.4686746397200137,0.24338144701567233,0.004046503913829931,0.0012361173596014384,56.402862548828125,62.74537658691406,75.49520874023438,29.87338740839996,32.082499040382174,36.35352239227861,110.11300659179688,68.1396484375,75.49571228027344,3.918112988802512,16.914661479678124,36.3532987365563,0.0,0.0,5.086263020833075e-06,0.00012207031249999378,0.2590332031249868,0.0740763346354129,9.155273437499534e-05,5.086263020833075e-06,0.13067626953124334,0.20262145996092717,3.560384114583152e-05,0.0,0.1608581542968668,0.13666788736978472,0.034154256184894094,0.0016530354817707491
C:\Users\Fakhri\OneDrive\Documents\SM 6\Prak PC\klasifikasi_jenis_kain_glcm_knn\dataset\Denim\denim_032.png,Denim,4.248598626414176,2.329436678892272,1.3742219363121306,0.43285294311029315,0.5315942300436055,0.08882189662250063,0.1861442660733225,0.02336963102365352,0.6234010180942082,0.20646710050392159,0.03519582744615758,0.008975178101148526,18.805267333984375,21.989349365234375,23.21087646484375,9.082731678061476,9.444875149692344,10.766418471909688,94.29446411132812,54.19091796875,23.588043212890625,18.45924359737557,21.711907797837263,10.533795413087025,0.004643758138020597,0.001164754231770774,0.008168538411457918,0.0733235677083296,0.21237182617186418,0.032348632812498355,0.0011240641276041095,0.00018819173177082375,0.22360229492186362,0.1086018880208278,0.0011291503906249425,0.0,0.33201090494789975,0.0013224283854165993,0.0,0.0
C:\Users\Fakhri\OneDrive\Documents\SM 6\Prak PC\klasifikasi_jenis_kain_glcm_knn\dataset\Wool\wool_130.png,Wool,5.643204899075456,1.8716385036930894,1.4662206649471823,0.30148897362510924,0.5388535814301061,0.05954368467015256,0.1888777555591322,0.01785141310896983,0.5505188060211362,0.14867813867378704,0.035993479495042384,0.006870949881339999,19.084243774414062,22.418777465820312,24.0831298828125,9.316243193437312,10.094485911611226,11.288926732259961,95.80926513671875,56.613800048828125,24.4034423828125,19.132792487918675,20.922119058683524,11.150020269810637,0.005371093749999727,0.001510620117187423,0.007710774739582941,0.056986490885413764,0.2250467936197802,0.034769694010414895,0.001515706380208256,0.00042215983072914516,0.20035298665363563,0.13252258300780576,0.0004577636718749767,0.0,0.3304595947265457,0.0028533935546873547,2.03450520833323e-05,0.0
C:\Users\Fakhri\OneDrive\Documents\SM 6\Prak PC\klasifikasi_jenis_kain_glcm_knn\dataset\Cotton\cotton_186.png,Cotton,6.5209895629978645,3.61856444764133,1.8825881421596795,0.5713843628777515,0.41500537541435145,0.08728287675714153,0.10979284669331096,0.014287475390602532,0.7017060236150018,0.16534469030014087,0.012258601138057962,0.0032282602686173464,39.97099304199219,45.93415832519531,50.819915771484375,12.118704733650663,13.453705079888056,14.85167584755296,103.02037048339844,54.6839599609375,50.84416198730469,6.714803761836196,12.06878414848056,14.81895926666269,0.0001576741536458253,4.06901041666646e-05,0.00026448567708331987,0.005279541015624731,0.313568115234359,0.01382954915364513,0.00019327799479165682,0.0,0.25411987304686207,0.0792134602864543,0.0,0.0,0.2695668538411321,0.06376139322916342,5.086263020833075e-06,0.0
C:\Users\Fakhri\OneDrive\Documents\SM 6\Prak PC\klasifikasi_jenis_kain_glcm_knn\dataset\Cotton\cotton_062.png,Cotton,4.071313840817815,2.407435848305737,1.3067634325272437,0.4346209611508302,0.5559510704134031,0.0878223094920464,0.16256052436632115,0.019706784367858013,0.9560275976062179,0.02615611522435717,0.026814281432374545,0.006479475084303321,222.94515991210938,231.14129638671875,233.15463256835938,29.626288381559014,27.393250282929454,21.78297221040392,86.9141845703125,13.441802978515625,234.47962951660156,14.237522685352737,13.249252607206884,22.530074574580944,5.086263020833075e-06,5.594889322916382e-05,0.04436747233072691,0.11972554524738974,0.16915384928384555,2.543131510416537e-05,0.0,0.0,0.3310852050781081,0.002248128255208219,0.0,0.0,0.0,0.00020345052083332296,0.0189921061197907,0.3141377766926923
C:\Users\Fakhri\OneDrive\Documents\SM 6\Prak PC\klasifikasi_jenis_kain_glcm_knn\dataset\Cotton\cotton_108.png,Cotton,18.702836178082247,11.389308980394356,3.2047395702433388,1.0802330566852096,0.2883135929861788,0.08134566393485282,0.05259128890642556,0.00862306618385274,0.8826624932214368,0.07168556077698345,0.002840200939250226,0.0009308315772782005,182.8848419189453,195.31117248535156,211.7526397705078,35.87238324063672,36.42895852839272,33.12079200204891,105.95649719238281,36.13490295410156,211.8368377685547,6.4467978561814325,11.871233419770055,33.22045280995505,0.0,0.0,0.0018157958984374076,0.007960001627603762,0.3184814453124838,0.0050760904947914085,0.0,0.0,0.3326619466145664,0.0006713867187499658,0.0,0.0,0.0,0.004013061523437295,0.08509826660155817,0.2442220052083209
C:\Users\Fakhri\OneDrive\Documents\SM 6\Prak PC\klasifikasi_jenis_kain_glcm_knn\dataset\Denim\denim_008.png,Denim,17.89386447317601,10.1484290389207,3.036801543094404,0.9274136120143014,0.3091825863275614,0.0747870032060137,0.07053951832838422,0.009602671511035539,0.7541974005395841,0.13935458401421702,0.0050680349461493055,0.0014031425811909773,43.014862060546875,52.367462158203125,64.70574951171875,21.94023320463163,24.449109462211464,28.533846830387343,106.72273254394531,89.06440734863281,64.70756530761719,3.6846163021332052,20.462738090392413,28.531927191824145,2.03450520833323e-05,0.0,1.017252604166615e-05,0.0004069010416666459,0.32238260904946275,0.010508219401041132,0.0,5.086263020833075e-06,0.034088134765623265,0.2900187174479019,0.009226481119791196,0.0,0.18176778157551157,0.13999938964843037,0.01125081380208276,0.0003153483072916506
C:\Users\Fakhri\OneDrive\Documents\SM 6\Prak PC\klasifikasi_jenis_kain_glcm_knn\dataset\Wool\wool_113.png,Wool,26.217370160247615,14.509284286371583,3.7488338880597905,1.1607765050640264,0.2589511102444861,0.07006784216900912,0.046999728868493275,0.007032899631963294,0.8152867159887977,0.10237766838218179,0.0022584361909451494,0.0006769707284270934,178.4429931640625,173.53207397460938,165.7459259033203,31.64521162320909,34.36416212773112,36.11152633401304,22.8289794921875,20.16912841796875,178.60411071777344,20.603123460335937,12.475319495145996,31.846880225556585,0.2340443929036339,0.0831044514973916,0.0066121419270829965,0.0019582112630207337,0.001973470052083233,0.0011494954427082747,0.0012512207031249362,0.0032399495442706682,0.3330891927083164,0.00024414062499998756,0.0,0.0,0.0,0.02253214518229052,0.1847534179687406,0.12604777018228525
C:\Users\Fakhri\OneDrive\Documents\SM 6\Prak PC\klasifikasi_jenis_kain_glcm_knn\dataset\Wool\wool_156.png,Wool,16.056225682552526,8.444270482893756,2.583154885258891,0.814491576307757,0.3958298839354409,0.08723101450582917,0.11752230994884207,0.0182650887456705,0.6606925346095002,0.17817390956976567,0.01414510680259892,0.004461075857902387,27.446868896484375,30.930328369140625,33.54829406738281,18.62140677076827,19.470683387748842,21.674980890183328,96.81773376464844,52.25079345703125,33.84330749511719,20.605829687968974,22.500266504613432,21.459255885459605,0.006368001302083009,0.0027720133463540256,0.010142008463541151,0.04567972819010184,0.22765096028644674,0.038609822591143865,0.0016733805338540815,0.0004374186197916444,0.23563130696613382,0.0955454508463493,0.0021565755208332233,0.0,0.2994181315104014,0.03308614095051915,0.000818888346354125,1.017252604166615e-05
C:\Users\Fakhri\OneDrive\Documents\SM 6\Prak PC\klasifikasi_jenis_kain_glcm_knn\dataset\Wool\wool_170.png,Wool,29.553826689756463,18.432028152694016,3.9715065198056596,1.3990305875624065,0.24898663057767448,0.08385062092386186,0.051412742978299675,0.009075498437069068,0.7224782655440861,0.17295789750747928,0.0027256348124339454,0.0010195777955885452,91.36981201171875,91.43487548828125,98.7373046875,28.355093199703116,29.197339260292996,31.34824094993549,120.41365051269531,21.470504760742188,98.77487182617188,15.465230693923035,7.939674846701973,31.30620591400972,0.0025634765624998695,0.0002950032552083183,0.00028483072916665216,0.0005696614583333043,0.05251057942708066,0.2397003173828003,0.033711751302081615,0.003697713216145645,0.3333028157551914,3.0517578124998445e-05,0.0,0.0,0.04440307617187274,0.22519429524738438,0.06316630045572595,0.0005696614583333043
C:\Users\Fakhri\OneDrive\Documents\SM 6\Prak PC\klasifikasi_jenis_kain_glcm_knn\dataset\Wool\wool_097.png,Wool,39.97501091817107,21.267390766676034,4.526057308561302,1.3815211812220307,0.23351286915282501,0.06502221523873031,0.052739041968754945,0.0076625536607054755,0.6381818508825635,0.19228847262296597,0.002840121276385286,0.0008293037962978334,70.46182250976562,73.98236083984375,68.00462341308594,28.882641985362355,30.319704969125,28.74783651397404,52.88555908203125,25.076736450195312,74.18605041503906,22.26399174832005,13.070601491815527,30.308883101928938,0.010630289713541125,0.11942545572916058,0.13411458333332651,0.03813680013020639,0.02534993489583204,0.003931681315103967,0.0010732014973957786,0.0006713867187499658,0.330235799153629,0.003097534179687342,0.0,0.0,0.13614908854165975,0.17672220865884516,0.020360310872394795,0.00010172526041666148
C:\Users\Fakhri\OneDrive\Documents\SM 6\Prak PC\klasifikasi_jenis_kain_glcm_knn\dataset\Denim\denim_040.png,Denim,32.573003897723886,22.127623479964733,4.123636898915067,1.4952803129426198,0.2468271039409694,0.07231879909964645,0.05187977604123498,0.008065251813343558,0.7683335995052215,0.15726942486408965,0.0027565594489013397,0.0008533719477251542,60.598846435546875,72.01856994628906,85.910400390625,30.73981181078789,34.177105348973015,37.66610750756345,106.34788513183594,79.49581909179688,85.91127014160156,3.1174262882362678,18.3639766733047,37.66503622128175,0.0,0.0,0.0,0.00018310546874999068,0.3260040283202959,0.007141113281249637,5.086263020833075e-06,0.0,0.0608673095703094,0.2711029052734237,0.0013631184895832639,0.0,0.10687255859374456,0.1760813395182202,0.04807535807291422,0.0023040771484373825
C:\Users\Fakhri\OneDrive\Documents\SM 6\Prak PC\klasifikasi_jenis_kain_glcm_knn\dataset\Silk\silk_026.png,Silk,97.97218305803052,35.604297118514786,6.5092337172644585,1.4373254696647129,0.2328005681365611,0.0462156617786954,0.05793770372951416,0.0069620841707882545,0.5118487037205373,0.17729848814452895,0.003405248129450099,0.0008377302523493929,95.58134460449219,126.17843627929688,95.69831848144531,40.811681270513546,39.50496581838408,42.240982529764175,60.15727233886719,69.60012817382812,126.17843627929688,3.0707746402039064,21.49292051600011,39.50496581838408,1.5258789062499222e-05,2.543131510416537e-05,0.3247426350911293,0.0085194905598954,3.0517578124998445e-05,0.0,0.0,0.0,0.11141967773436932,0.22191365559894705,0.0,0.0,0.0,0.2103424072265518,0.0929921468098911,0.029998779296873473
C:\Users\Fakhri\OneDrive\Documents\SM 6\Prak PC\klasifikasi_jenis_kain_glcm_knn\dataset\Cotton\cotton_070.png,Cotton,5.098337571473096,3.881987514397726,1.5739955383413562,0.6575361605637556,0.4832761182055181,0.12147469103321551,0.1123723557458639,0.021223723411870024,0.9048055816920257,0.07262308944792734,0.013077992771338547,0.005122831614741732,226.3210906982422,224.32460021972656,235.10781860351562,19.375078080915078,22.103456784209175,18.202604503070404,118.61138916015625,12.852218627929688,235.31396484375,19.787820595503778,5.985363894880734,18.389880681431286,0.0009104410807291203,0.0001627604166666584,0.018122355143228245,0.010355631510416139,0.027898152669269413,0.25111897786457055,0.024754842122394573,1.017252604166615e-05,0.3333333333333164,0.0,0.0,0.0,0.0,0.0,0.009419759114582853,0.3239135742187335
C:\Users\Fakhri\OneDrive\Documents\SM 6\Prak PC\klasifikasi_jenis_kain_glcm_knn\dataset\Wool\wool_184.png,Wool,20.14100040271798,11.656125091414618,3.0089901486692514,1.0530595817207984,0.3751244064811314,0.09335534672006734,0.12491901688597158,0.02132544557116635,0.5863627181575383,0.23874016369214443,0.016059535408566427,0.005434890361084064,28.678146362304688,31.555450439453125,36.4010009765625,18.593269156252575,19.73441385101503,22.68350855307315,105.71897888183594,56.859039306640625,36.49006652832031,17.919861922605833,21.301144724094147,22.608193758202194,0.004770914713541424,0.0007680257161457942,0.002527872721354038,0.015843709309895027,0.20575459798176035,0.09955342610676576,0.0034535725911456574,0.0006612141927082997,0.21173604329426005,0.12045288085936887,0.0011444091796874417,0.0,0.2834370930989439,0.049825032552080796,7.120768229166304e-05,0.0
C:\Users\Fakhri\OneDrive\Documents\SM 6\Prak PC\klasifikasi_jenis_kain_glcm_knn\dataset\Nylon\nylon_027.png,Nylon,9.921865343986559,5.382091682293873,2.411480486624788,0.7330913199273174,0.3354540308877378,0.0872690922373268,0.07996664328414117,0.011320519875336527,0.7891458321031077,0.11465571144223112,0.006522818208380971,0.001859194170084902,68.24848937988281,95.46144104003906,96.31236267089844,17.499004379487953,20.11654753286322,21.18037069504197,90.80451965332031,76.65716552734375,96.75010681152344,2.1004393391527465,10.472120197859697,20.88528298729929,0.0,0.0,0.0,0.08668518066405809,0.24664815266925827,0.0,0.0,0.0,0.026611328124998643,0.3067220052083177,0.0,0.0,0.009124755859374535,0.2959543863932141,0.028254191080727728,0.0
C:\Users\Fakhri\OneDrive\Documents\SM 6\Prak PC\klasifikasi_jenis_kain_glcm_knn\dataset\Wool\wool_033.png,Wool,4.661091177697777,1.6918317828443281,1.4588719596827324,0.32305893566373656,0.5074350384845311,0.0669003129151605,0.15113442872660918,0.015254113124643944,0.6207126626342413,0.13802672728712,0.023074303513737942,0.00473682140912657,27.757980346679688,32.88740539550781,34.92388916015625,9.444122073863658,10.001736424866042,11.053910611456649,96.66676330566406,55.2811279296875,35.236724853515625,11.640760960183318,17.160514370615548,10.92593798113261,0.0007120768229166304,0.0002695719401041529,0.002995808919270681,0.052057902018226514,0.2627665201822783,0.014190673828124277,0.00028991699218748525,5.086263020833074e-05,0.2243245442708219,0.10895792643228612,5.086263020833074e-05,0.0,0.3298339843749832,0.003489176432291489,1.017252604166615e-05,0.0
C:\Users\Fakhri\OneDrive\Documents\SM 6\Prak PC\klasifikasi_jenis_kain_glcm_knn\dataset\Cotton\cotton_193.png,Cotton,10.919181952876357,6.170285408559105,2.3322410842641905,0.7234810952066075,0.3697038648738888,0.0858378041676422,0.09113175785377947,0.012847507334060988,0.8603465714681048,0.07880405887614231,0.00847005573421865,0.002422965616332972,41.490509033203125,48.44990539550781,53.349090576171875,23.806082304664127,25.204739497117092,26.912080814699266,101.68487548828125,59.63299560546875,53.378143310546875,6.13938745951512,14.288201139667578,26.882745196977307,9.155273437499534e-05,1.5258789062499222e-05,0.0002187093098958222,0.006779988606770488,0.32036844889321286,0.00582377115885387,3.560384114583152e-05,0.0,0.19940694173176068,0.13392639160155567,0.0,0.0,0.251683553059883,0.07256062825520464,0.006958007812499646,0.002131144205729058
C:\Users\Fakhri\OneDrive\Documents\SM 6\Prak PC\klasifikasi_jenis_kain_glcm_knn\dataset\Nylon\nylon_067.png,Nylon,3.5509181608143803,1.2605393432244134,1.4416607172370435,0.2822229072576846,0.4704577983726575,0.06184187779850323,0.09983719581695165,0.009874015752118579,0.9204676648304391,0.028286676448890283,0.010064961855665433,0.0020756079973387152,89.66744995117188,100.34854125976562,117.95034790039062,17.502757004247155,19.111598933996316,22.439634745689123,108.72381591796875,61.14704895019531,117.95034790039062,2.205848923197865,6.681813771212498,22.439634745689123,0.0,0.0,0.0,0.0,0.3166707356770672,0.01666259765624915,0.0,0.0,0.2080688476562394,0.12526448567707696,0.0,0.0,0.0,0.2242431640624886,0.10908508300780695,5.086263020833075e-06
C:\Users\Fakhri\OneDrive\Documents\SM 6\Prak PC\klasifikasi_jenis_kain_glcm_knn\dataset\Denim\denim_113.png,Denim,6.737639881264305,3.074900697015715,1.7414849472109903,0.465207203162515,0.466913788327012,0.07895882259322445,0.14872603980547525,0.01709861444955852,0.627936969509964,0.1696053674555842,0.022411797532314454,0.005188352571566358,22.451156616210938,28.227188110351562,33.16371154785156,10.770061600219128,12.179690253801216,14.518266702183718,102.32325744628906,83.58547973632812,33.22157287597656,7.479287389372128,18.844231449882695,14.464796564920423,0.00011698404947916071,3.0517578124998445e-05,0.00025431315104165373,0.012914021809895176,0.3091939290364426,0.010762532552082786,6.103515624999689e-05,0.0,0.04245503743489367,0.28749084472654785,0.0033823649088539944,5.086263020833075e-06,0.3215637207031086,0.011637369791666075,0.00013224283854165994,0.0
C:\Users\Fakhri\OneDrive\Documents\SM 6\Prak PC\klasifikasi_jenis_kain_glcm_knn\dataset\Denim\denim_063.png,Denim,13.293441703297766,7.044572880355584,2.4767406990010996,0.7282296702447179,0.38300512600009357,0.07660206463788649,0.10694477133176548,0.01375449613721838,0.707964621093255,0.1547718329315724,0.01162637027919237,0.002990490955586955,31.83966064453125,37.258270263671875,43.52830505371094,17.94996009505689,19.22764677422208,21.25570548050847,105.33937072753906,72.47547912597656,43.55027770996094,7.030029251281969,19.95966567122293,21.231351801053822,0.00022379557291665527,3.0517578124998445e-05,0.0002390543619791545,0.00511169433593724,0.29936218261717223,0.028279622395831892,8.13802083333292e-05,5.086263020833075e-06,0.10751342773436952,0.22471618652342606,0.001103719075520777,0.0,0.28039042154946486,0.051579793294268206,0.0013631184895832639,0.0
C:\Users\Fakhri\OneDrive\Documents\SM 6\Prak PC\klasifikasi_jenis_kain_glcm_knn\dataset\Denim\denim_001.png,Denim,23.929979097139753,17.700270890902395,3.4467557502503965,1.3374033998152441,0.29469922007575505,0.0893868464879079,0.0550197974535079,0.009791824688553372,0.867595311129535,0.09770571819841245,0.0031230579425563965,0.0011361552133114172,63.78196716308594,74.82713317871094,90.16682434082031,35.061533330990706,38.592823755286396,43.217504231040486,107.29527282714844,79.71536254882812,90.16734313964844,2.6997110156272894,21.170005529252624,43.21667921204819,0.0,0.0,0.0,0.000137329101562493,0.3264821370442542,0.006713867187499658,0.0,0.0,0.0790303548177043,0.25036621093748723,0.0039367675781248,0.0,0.10277811686197394,0.16701761881509566,0.055292765299476354,0.008244832356770414
C:\Users\Fakhri\OneDrive\Documents\SM 6\Prak PC\klasifikasi_jenis_kain_glcm_knn\dataset\Cotton\cotton_015.png,Cotton,3.7074731441154127,2.029838657912085,1.3035403734952717,0.4018193021862281,0.541014128360434,0.08541390923619858,0.16579491790203071,0.020940117344520143,0.7457203201965608,0.13907145950405117,0.02792644331654338,0.007048781838151292,23.58892822265625,26.926406860351562,29.44500732421875,10.061335128796257,10.869039413189128,12.403199285450299,100.18748474121094,52.01953125,29.584228515625,15.874837258759783,17.094556493057546,12.268161970534976,0.0036061604817706496,0.0005340576171874728,0.0024922688802082064,0.031082153320310918,0.25335184733071625,0.041168212890622904,0.0009206136067707864,0.0001780192057291576,0.2464192708333208,0.08680725097655807,0.00010681152343749457,0.0,0.32932027180987905,0.004013061523437295,0.0,0.0
C:\Users\Fakhri\OneDrive\Documents\SM 6\Prak PC\klasifikasi_jenis_kain_glcm_knn\dataset\Silk\silk_095.png,Silk,45.12678972462144,20.454967847074585,4.901750375713089,1.3218851912807195,0.21491729021785663,0.061085868465066966,0.05265596494707405,0.0067384471783614825,0.5143445674827228,0.21970151783031616,0.002818057314883059,0.0007443391051096178,52.85186767578125,63.54571533203125,87.44223022460938,24.47142321918411,27.455899763723878,34.295896929490695,110.76187133789062,103.71890258789062,87.44223022460938,2.2754091137229033,21.77829826363542,34.295896929490695,0.0,0.0,0.0,0.0,0.2741902669270694,0.05913798014322615,5.086263020833075e-06,0.0,0.016937255859374136,0.2774556477864442,0.03893534342447719,5.086263020833075e-06,0.09674072265624507,0.19150797526040692,0.04397583007812276,0.0011088053385416101
C:\Users\Fakhri\OneDrive\Documents\SM 6\Prak PC\klasifikasi_jenis_kain_glcm_knn\dataset\Denim\denim_179.png,Denim,15.678954824934687,9.056988867433747,2.753588457628529,0.8828034535116832,0.34744101455390747,0.08348096855407136,0.09217650296490965,0.013227478885386475,0.6845791318096811,0.1825842802432448,0.008671473896503341,0.002521766824227294,34.33319091796875,41.16810607910156,51.34690856933594,18.09490718243919,20.302911264152776,23.134950889554116,107.90975952148438,87.48457336425781,51.34855651855469,4.597356414477824,21.459017849803537,23.133434155137863,4.06901041666646e-05,0.0,1.017252604166615e-05,0.00042724609374997826,0.29499816894529746,0.03778076171874808,7.629394531249611e-05,0.0,0.0419362386067687,0.28356933593748557,0.007827758789062101,0.0,0.24817911783852903,0.08240763346353747,0.0026855468749998634,6.103515624999689e-05
C:\Users\Fakhri\OneDrive\Documents\SM 6\Prak PC\klasifikasi_jenis_kain_glcm_knn\dataset\Denim\denim_043.png,Denim,19.38674590241888,11.083467658721066,3.0690134207491,0.945319516057905,0.31467681210398984,0.07485403003961394,0.07442731908977679,0.010121788533987142,0.7294171892440233,0.15453059047411233,0.005641876430018206,0.0015475199892470248,45.79673767089844,54.19049072265625,60.35369873046875,23.047923487309127,24.22887008626594,24.75353770961016,101.79151916503906,66.92176818847656,60.396575927734375,5.753669597920191,22.80491964752762,24.77254653364064,1.5258789062499222e-05,5.086263020833075e-06,0.0002187093098958222,0.00812276204427042,0.32229105631508775,0.002670288085937364,0.0,1.017252604166615e-05,0.1394042968749929,0.1934153238932193,0.0005137125651041405,0.0,0.20624796549478117,0.12050882975259802,0.006510416666666335,6.612141927082997e-05
C:\Users\Fakhri\OneDrive\Documents\SM 6\Prak PC\klasifikasi_jenis_kain_glcm_knn\dataset\Nylon\nylon_060.png,Nylon,2.411094185991027,0.838043694789423,1.1683429541266683,0.23209594878069773,0.5337596294352217,0.0615619346531371,0.08388405754744965,0.007866447135397204,0.9810997319796902,0.006605750359343764,0.007098416101157842,0.0013493577387785338,190.48399353027344,123.45114135742188,125.20561218261719,35.37574561516649,30.69910456803975,31.987370949573403,95.67164611816406,92.58181762695312,190.48399353027344,88.47225975613257,13.468364407431729,35.37574561516649,0.1547037760416588,0.0,0.0,0.0,0.0,0.0,0.0,0.17862955729165758,0.0062357584635413495,0.32705688476560835,4.06901041666646e-05,0.0,0.0,0.013158162434895163,0.13791910807290964,0.18225606282551154
C:\Users\Fakhri\OneDrive\Documents\SM 6\Prak PC\klasifikasi_jenis_kain_glcm_knn\dataset\Nylon\nylon_078.png,Nylon,4.469902005423518,1.51716278993639,1.5607403900311478,0.29095338217817396,0.46322229356335703,0.05490958941169897,0.09933689664724403,0.008880748383361383,0.9147449537565326,0.028952824313965633,0.009946686727353818,0.0018034074004956953,76.39570617675781,86.24526977539062,99.02226257324219,19.758233066793597,20.37866460076208,23.190539555219733,106.76567077636719,59.32203674316406,99.02227783203125,3.085419275396896,9.862562949189321,23.190536579656758,0.0,0.0,0.0,5.086263020833075e-06,0.32505798339842096,0.008270263671874578,0.0,0.0,0.22923278808592581,0.10410054524739053,0.0,0.0,0.0041707356770831205,0.2796529134114441,0.049509684244789146,0.0
C:\Users\Fakhri\OneDrive\Documents\SM 6\Prak PC\klasifikasi_jenis_kain_glcm_knn\dataset\Nylon\nylon_032.png,Nylon,46.68565107287922,26.345240533748616,4.405514746956519,1.4185008557185863,0.3201595565610555,0.06971408952375764,0.08491371903698586,0.01286830383263885,0.7686300015880766,0.1304214940105418,0.0073759329242212785,0.002221843232293863,60.92066955566406,64.09330749511719,67.72843933105469,39.26164326791751,39.99191897295546,43.243135299485964,99.6405029296875,30.62652587890625,68.12783813476562,24.294974632092433,16.133348227812405,42.96586832883241,0.007817586263020435,0.005462646484374722,0.011800130208332732,0.036504109700518976,0.18585205078124054,0.0771687825520794,0.00688171386718715,0.0018463134765624059,0.3192087809244629,0.014114379882811782,1.017252604166615e-05,0.0,0.1891988118489487,0.11095174153645268,0.026992797851561126,0.006189982096353851
C:\Users\Fakhri\OneDrive\Documents\SM 6\Prak PC\klasifikasi_jenis_kain_glcm_knn\dataset\Wool\wool_186.png,Wool,18.15257921419805,12.206998861236645,3.071756738039135,1.2058937416997964,0.3185133165142379,0.10841886830175936,0.08854768559607823,0.01586212000581414,0.5939669697245485,0.27232492034793204,0.00809229947550077,0.0030404885658957765,94.80599975585938,46.54362487792969,50.42396545410156,21.09596106787562,18.07721056852018,19.409925175284148,155.81321716308594,133.80604553222656,94.80599975585938,57.50290766670034,23.785595897860357,21.09596106787562,0.04019673665364379,0.0,0.0,0.0,0.0,0.0,0.0,0.29313659667967257,0.0003000895182291514,0.13727823893228466,0.19575500488280254,0.0,0.008127848307291253,0.29611714680988077,0.02908833821614435,0.0
C:\Users\Fakhri\OneDrive\Documents\SM 6\Prak PC\klasifikasi_jenis_kain_glcm_knn\dataset\Wool\wool_031.png,Wool,8.676262973048656,5.324079915793496,2.0416445198598145,0.6942557652331429,0.4165582020478437,0.09315290165230469,0.06972689703685694,0.011031022628808309,0.9438920951603847,0.03440140631092566,0.004983523630625731,0.0015685006498925304,82.11555480957031,64.86927795410156,61.86981201171875,48.02750147763665,31.722131012157888,31.475647546765025,54.911773681640625,71.28092956542969,85.78729248046875,53.73030160535857,46.07567323070852,47.352227746427204,0.17131042480467878,0.004587809244791433,0.004007975260416462,0.011398315429686919,0.10823567708332782,0.014190673828124277,0.005264282226562232,0.014338175455728436,0.18237813313801154,0.09430440266926603,0.056650797526038785,0.0,0.12746175130207685,0.1435852050781177,0.05088806152343491,0.011398315429686919
C:\Users\Fakhri\OneDrive\Documents\SM 6\Prak PC\klasifikasi_jenis_kain_glcm_knn\dataset\Cotton\cotton_076.png,Cotton,7.877123904186946,5.626078230987428,1.9440243342306822,0.7755456902301013,0.43783317394509025,0.11495272916481028,0.10609262881442298,0.019308722845816095,0.9093760775586937,0.06496806642148736,0.011628472666691472,0.004357498382321043,222.123291015625,219.83346557617188,230.5062255859375,25.118957645813747,27.866391466511804,22.698933210794188,116.51820373535156,13.36883544921875,230.80892944335938,25.222772790822727,7.51400315214094,22.9817065306105,0.00334167480468733,0.0007476806640624619,0.03136698404947757,0.007603963216145446,0.01909383138020736,0.2387491861979045,0.032353719075519184,7.629394531249611e-05,0.3333333333333164,0.0,0.0,0.0,0.0,0.0,0.025721232096352856,0.3076121012369635
C:\Users\Fakhri\OneDrive\Documents\SM 6\Prak PC\klasifikasi_jenis_kain_glcm_knn\dataset\Silk\silk_007.png,Silk,97.41066287255457,42.56578590983095,7.593392589370466,2.0415530756132094,0.1368430543634103,0.0495538603647895,0.03533506627069744,0.0042422500439795565,0.3319804398756677,0.2912862579518236,0.0012665635937902245,0.0003379684844157923,129.45379638671875,167.18450927734375,183.37452697753906,33.5749984219314,35.26810437640301,32.08610400152953,98.8173828125,77.1273193359375,183.38909912109375,2.6080719212520465,19.795891340291256,32.11364354712867,0.0,0.0,5.086263020833075e-06,0.002029418945312397,0.3312988281249831,0.0,0.0,0.0,0.07808430989582936,0.2550913492838412,0.0001576741536458253,0.0,0.0,0.011205037434895263,0.18217468261717823,0.13995361328124287
C:\Users\Fakhri\OneDrive\Documents\SM 6\Prak PC\klasifikasi_jenis_kain_glcm_knn\dataset\Cotton\cotton_183.png,Cotton,39.97083103476811,21.346788194120936,4.677637793267945,1.399778858980854,0.21843406286936315,0.06114497885286028,0.04768657023096198,0.006877732307641539,0.6726326578545997,0.1747278423367808,0.002321312182088046,0.0006754965888023348,74.38735961914062,92.70828247070312,120.66070556640625,27.925732480204648,32.183380857538296,37.582682580143015,108.03187561035156,98.76219177246094,120.66084289550781,2.4817768814722303,25.8341510874236,37.58254638651041,0.0,0.0,0.0,4.06901041666646e-05,0.32618204752602503,0.007105509440103805,5.086263020833075e-06,0.0,0.030115763346352634,0.2690887451171738,0.03412882486978993,0.0,0.018936157226561535,0.17701721191405348,0.1258087158203061,0.011571248372395244
C:\Users\Fakhri\OneDrive\Documents\SM 6\Prak PC\klasifikasi_jenis_kain_glcm_knn\dataset\Nylon\nylon_188.png,Nylon,14.412724196309808,8.079715496742923,2.8033316796264955,0.8566060786480351,0.3195686805268808,0.07717826713212664,0.06447535783634921,0.009334883426808833,0.8719385445994994,0.07203054410983897,0.0042442118167173885,0.0012399904678786749,174.7324981689453,203.48941040039062,219.32261657714844,29.497356600370917,31.174365661275793,26.597623812958805,100.19288635253906,53.041534423828125,219.39651489257812,3.9604842944032885,11.857782635148782,26.67811298998986,0.0,0.0,0.0,0.008371988932291241,0.32496134440102514,0.0,0.0,0.0,0.26613362630206977,0.06719970703124657,0.0,0.0,0.0,0.0002390543619791545,0.05930074055989281,0.2737935384114444
C:\Users\Fakhri\OneDrive\Documents\SM 6\Prak PC\klasifikasi_jenis_kain_glcm_knn\dataset\Denim\denim_117.png,Denim,8.16947723616026,4.066066737308811,1.769475307876327,0.4877937480389722,0.48614852689828747,0.07544823741619505,0.15396606487240336,0.017770998689558185,0.7337068625268478,0.13258163223463326,0.0240213575267174,0.005542761466243695,22.987991333007812,27.461151123046875,31.321502685546875,14.603821402843344,15.875184109188037,17.44271802631882,101.94874572753906,70.77288818359375,31.412551879882812,11.02900397975773,21.052855203393104,17.374714069825096,0.001032511393229114,0.0001627604166666584,0.0011393229166666086,0.019989013671873983,0.2839965820312355,0.026692708333331976,0.0002797444661458191,4.06901041666646e-05,0.11110432942707768,0.22128804524738457,0.0009409586588541187,0.0,0.3188476562499838,0.013310750325520156,0.0011749267578124402,0.0
C:\Users\Fakhri\OneDrive\Documents\SM 6\Prak PC\klasifikasi_jenis_kain_glcm_knn\dataset\Wool\wool_106.png,Wool,24.809707573475748,15.518013933597976,3.6300050732424585,1.254270139573921,0.26676957211886376,0.08199066335482871,0.04801718011400186,0.008193917759835547,0.8195765689836844,0.11289711222433683,0.002372789874355444,0.0008357479617693804,178.65191650390625,173.99237060546875,165.81161499023438,30.8203698112159,33.815300999443444,36.32216983252049,25.456268310546875,20.642471313476562,178.9081573486328,23.916359645252232,13.245921386221761,31.165772281847442,0.21824137369790556,0.08953857421874543,0.008809407552082885,0.004155476888020621,0.004679361979166428,0.0023752848307290455,0.00203450520833323,0.0034993489583331552,0.3330739339192539,0.00025939941406248677,0.0,0.0,0.0,0.016520182291665825,0.19657389322915667,0.12023925781249388
C:\Users\Fakhri\OneDrive\Documents\SM 6\Prak PC\klasifikasi_jenis_kain_glcm_knn\dataset\Silk\silk_175.png,Silk,10.437848399965587,4.681160763550522,2.122010914479163,0.5387776216097592,0.4432672750982965,0.0640083302439597,0.1303339418548845,0.011915908386267516,0.8611180200805308,0.06226690340986107,0.017128925272102347,0.003128188623564112,44.02223205566406,41.479217529296875,42.55718994140625,25.797194586491933,23.683114626880958,25.599917951708125,97.22958374023438,26.349029541015625,44.83750915527344,65.59193080526256,16.243128006377532,25.83129453805896,0.07362365722655875,0.02961222330729016,0.022440592447915523,0.014963785807290905,0.017684936523436598,0.02607727050781117,0.05214436848958068,0.09678649902343257,0.3234151204426919,0.009872436523436997,4.577636718749767e-05,0.0,0.24418640136717507,0.088272094726558,0.0008748372395832888,0.0
C:\Users\Fakhri\OneDrive\Documents\SM 6\Prak PC\klasifikasi_jenis_kain_glcm_knn\dataset\Denim\denim_049.png,Denim,10.417974342883381,5.409094923814463,1.885247001495909,0.5454657700039077,0.4844029515966601,0.07900366062084427,0.16235997158632967,0.019043260316704464,0.704036654445288,0.15344093980318838,0.026723406137003552,0.006287155975359489,23.02154541015625,27.602767944335938,30.350555419921875,15.804698881742949,16.929294463002265,18.33852886483251,99.13166809082031,66.25422668457031,30.50115966796875,10.78653971514492,19.71842628050649,18.235773226513924,0.0006713867187499658,0.00014241536458332608,0.0015513102213540876,0.032933553059894156,0.28121439615883986,0.01660664876301999,0.0001983642578124899,1.5258789062499222e-05,0.1376190185546805,0.1949971516926984,0.0007171630859374635,0.0,0.3161315917968589,0.01584879557291586,0.0013173421223957663,3.560384114583152e-05
C:\Users\Fakhri\OneDrive\Documents\SM 6\Prak PC\klasifikasi_jenis_kain_glcm_knn\dataset\Nylon\nylon_129.png,Nylon,7.551764897249573,4.53927815907978,1.9739905878515263,0.6618494518188448,0.4138035292183533,0.09627533282692395,0.09872778035369272,0.014902153823876715,0.8040054422026192,0.11788896885808685,0.009969248802157474,0.0030373295789921516,49.48857116699219,42.06109619140625,37.85691833496094,21.574424012755514,17.257502760618042,13.772284921472213,69.11456298828125,63.21305847167969,50.52790832519531,62.888865690269945,39.02393370880902,20.923013789562,0.13163757324218078,0.03396606445312327,0.016983032226561636,0.03883870442708136,0.033777872721352444,0.005833943684895536,0.0028330485026040225,0.06946309407551729,0.16986592610676218,0.14458211263020096,0.018885294596353203,0.0,0.24621073404946664,0.0870107014973914,0.00011189778645832764,0.0
C:\Users\Fakhri\OneDrive\Documents\SM 6\Prak PC\klasifikasi_jenis_kain_glcm_knn\dataset\Denim\denim_019.png,Denim,10.512142914961325,5.703023615757907,2.0223555638629,0.6052910025906002,0.45943871046312346,0.07716507065535819,0.13877416025075698,0.017118869669531033,0.7741633216747421,0.12231603828542459,0.019551323252065166,0.004832596885891202,27.1380615234375,31.833084106445312,37.41448974609375,17.618821301794686,19.565807360641973,22.369082149025164,104.92085266113281,71.73081970214844,37.45732116699219,11.234049335958348,21.2062568177865,22.330783438273187,0.0015258789062499224,0.00015258789062499222,0.0005849202473958036,0.009531656901041182,0.2767028808593609,0.0438435872395811,0.0008443196614582903,0.00014750162760415915,0.11091613769530685,0.2207692464192596,0.001647949218749916,0.0,0.2973683675130057,0.03368631998697745,0.002059936523437395,0.0002187093098958222
C:\Users\Fakhri\OneDrive\Documents\SM 6\Prak PC\klasifikasi_jenis_kain_glcm_knn\dataset\Wool\wool_135.png,Wool,1.651386014834344,0.5383227259645615,0.8481111220446541,0.1774727799760159,0.6450257591964832,0.05842014962803089,0.20299300420259783,0.017922176495219162,0.7879307990707346,0.06943125611451222,0.0415273641655217,0.007406376205667953,27.181121826171875,28.5828857421875,52.50390625,7.389972639767081,7.668043138179153,10.630043179270913,118.45759582519531,125.2894287109375,52.50390625,2.155344574672112,13.63798708441405,10.630043179270913,0.0,0.0,0.0,0.0,0.0009714762369791172,0.33236185709633725,0.0,0.0,0.00036621093749998135,0.17916361490884505,0.15380350748697133,0.0,0.2819773356119648,0.05135091145833072,5.086263020833075e-06,0.0
C:\Users\Fakhri\OneDrive\Documents\SM 6\Prak PC\klasifikasi_jenis_kain_glcm_knn\dataset\Denim\denim_098.png,Denim,13.378173255642968,7.671660227588985,2.1103005941766813,0.6642264802639528,0.4722024897339476,0.07960192060107124,0.142553556430132,0.018188596368130545,0.790756852546996,0.11979706624352333,0.0206523414887216,0.005248814734472806,28.278961181640625,34.3111572265625,38.039276123046875,20.974986858752846,22.83039179643651,25.35162536803976,98.40792846679688,69.80995178222656,38.233062744140625,9.984928553745322,18.207489228978076,25.2017464530904,0.00036112467447914825,0.00011698404947916071,0.00157165527343742,0.040486653645831275,0.28573099772133964,0.004999796549478912,5.594889322916382e-05,1.017252604166615e-05,0.10995483398436941,0.22318013509113446,0.0001983642578124899,0.0,0.29703776041665153,0.031056722005206754,0.004592895507812266,0.0006459554036458004
C:\Users\Fakhri\OneDrive\Documents\SM 6\Prak PC\klasifikasi_jenis_kain_glcm_knn\dataset\Wool\wool_161.png,Wool,27.887593973939204,16.223545072009987,3.7652353484448384,1.2539067121496268,0.27477831374745915,0.08175282836157412,0.06048756344380934,0.009805818782862059,0.6733628882097441,0.18994942199553436,0.00375489941337119,0.0012604207407417075,97.98741149902344,92.50736999511719,86.30598449707031,25.007383740699783,26.494971158852657,27.14314952236466,20.291671752929688,33.76765441894531,98.06155395507812,23.267993058146853,18.33593794681932,25.099313141835523,0.2788696289062358,0.0413360595703104,0.00307718912760401,0.0010426839192707801,0.0014088948567707615,0.0010121663411457819,0.001581827799479086,0.005004882812499745,0.3144429524739423,0.01888020833333237,1.017252604166615e-05,0.0,0.02662150065104031,0.26344299316404907,0.043187459309893636,8.13802083333292e-05
C:\Users\Fakhri\OneDrive\Documents\SM 6\Prak PC\klasifikasi_jenis_kain_glcm_knn\dataset\Silk\silk_197.png,Silk,114.93338863381761,76.95390232912625,7.48889567551974,3.1006311967235396,0.17626655459327115,0.08149071457894193,0.04651923207751796,0.00973578437785587,0.5030856650233296,0.3324084819885557,0.0022588244505340788,0.0009396382566582332,89.40327453613281,86.87931823730469,84.754638671875,41.75079579896987,43.19391652254951,44.99659047919358,41.421478271484375,22.272445678710938,90.10560607910156,50.200559661186546,15.315476473704882,42.88994373111207,0.19760131835936492,0.057189941406247086,0.005788167317708039,0.0028533935546873547,0.01846313476562406,0.021072387695311428,0.010035196940103656,0.0203297932942698,0.32922871907550405,0.004104614257812291,0.0,0.0,0.11313883463541091,0.15440368652342965,0.05662536621093461,0.0091654459635412
C:\Users\Fakhri\OneDrive\Documents\SM 6\Prak PC\klasifikasi_jenis_kain_glcm_knn\dataset\Wool\wool_177.png,Wool,5.178211259173501,2.1774389000921928,1.534282417781028,0.39295983382304345,0.5040684966644814,0.07608002150350375,0.17553126119055487,0.01984047741504466,0.5486596721687212,0.18957295494053936,0.031204868199203692,0.007058444498798551,17.968673706054688,21.7857666015625,22.695068359375,8.722313101236937,9.703147144108074,10.911790547135046,91.62969970703125,59.17927551269531,23.209808349609375,17.607169387094558,21.542631489613,10.688391672296564,0.004124959309895623,0.001434326171874927,0.011922200520832727,0.08678690592447474,0.21077982584634344,0.017456054687499112,0.0006815592447916319,0.00014750162760415915,0.19094340006509444,0.14055379231770118,0.0018310546874999068,5.086263020833075e-06,0.33239237467446225,0.0009409586588541187,0.0,0.0
C:\Users\Fakhri\OneDrive\Documents\SM 6\Prak PC\klasifikasi_jenis_kain_glcm_knn\dataset\Wool\wool_152.png,Wool,7.487448862981187,3.6805136425927993,1.7887211940716685,0.5345049173519552,0.48562402083638895,0.08599296106869034,0.16939009882514286,0.02397991552518799,0.6039576681090949,0.1946368318397843,0.029268041928586803,0.008320522241472355,18.633087158203125,21.451583862304688,22.739456176757812,11.688645716555722,12.265723511486941,14.027639198084747,91.32760620117188,55.454254150390625,23.237030029296875,25.082712992631624,27.42068775638663,13.713782855303071,0.011286417643228592,0.003901163736978968,0.01905822753906153,0.07447306315103787,0.18077087402342829,0.040461222330727104,0.0026245117187498664,0.000757853190104128,0.21942138671873881,0.10596720377603627,0.007898966471353764,4.577636718749767e-05,0.32960001627602487,0.0037282307942706435,5.086263020833075e-06,0.0
C:\Users\Fakhri\OneDrive\Documents\SM 6\Prak PC\klasifikasi_jenis_kain_glcm_knn\dataset\Wool\wool_133.png,Wool,9.34294601972306,3.6544306037305967,2.2369962541570456,0.49569524489082784,0.37416644150375494,0.06416538421040621,0.08351594574007586,0.009128389224628984,0.7727853853823278,0.08895408236485863,0.007058240682695616,0.0015798339945039994,64.10847473144531,66.86474609375,101.036865234375,17.612663920498477,17.604309971543998,22.679072197935742,117.72822570800781,95.06086730957031,101.036865234375,1.6756693767532747,13.030758313922755,22.679072197935742,0.0,0.0,0.0,0.0,0.0006561279296874666,0.3326772054036289,0.0,0.0,0.0026601155598956977,0.32699076334633753,0.0036824544270831457,0.0,0.008560180664062065,0.27774047851561084,0.04703267415364344,0.0
C:\Users\Fakhri\OneDrive\Documents\SM 6\Prak PC\klasifikasi_jenis_kain_glcm_knn\dataset\Silk\silk_169.png,Silk,5.851806604219344,2.780564673009028,1.510568322294228,0.39652916565957025,0.5334051061472882,0.0666467671544754,0.162703762037348,0.01351959155601139,0.9314381639469166,0.03263996905635862,0.026655293536947334,0.004463204616899809,58.27783203125,39.50274658203125,54.43138122558594,28.607934716563815,23.688343689110443,32.878931872747536,158.1779327392578,91.95970153808594,59.23291015625,10.446085340878437,19.15863493090264,30.131068678925338,0.0003763834635416475,0.0,0.0,0.0,0.0,0.0002797444661458191,0.14876302083332577,0.18391418457030315,0.016209920247395006,0.31040445963540086,0.006718953450520491,0.0,0.20765177408853108,0.1217193603515563,0.003962198893228965,0.0
C:\Users\Fakhri\OneDrive\Documents\SM 6\Prak PC\klasifikasi_jenis_kain_glcm_knn\dataset\Nylon\nylon_161.png,Nylon,8.224460666855764,5.016040150868311,1.925773135588533,0.6582641577273827,0.45125718928572334,0.09185125671655212,0.12234133985608218,0.017892833838504252,0.8008274827439775,0.12135672340115923,0.015287556940553726,0.00442465285181411,31.965301513671875,37.43171691894531,39.70137023925781,17.129513821715495,18.314394880349123,19.98956504092679,96.28872680664062,53.1182861328125,39.89036560058594,10.178595243832408,14.580174823805693,19.80612254293974,0.0007629394531249612,0.00010172526041666148,0.0019022623697915698,0.04165140787760205,0.2860209147135271,0.0028533935546873547,4.06901041666646e-05,0.0,0.24623107910154995,0.0871022542317664,0.0,0.0,0.2913970947265477,0.04160054524739371,0.0003356933593749829,0.0
C:\Users\Fakhri\OneDrive\Documents\SM 6\Prak PC\klasifikasi_jenis_kain_glcm_knn\dataset\Nylon\nylon_014.png,Nylon,22.579566131653735,8.993824873951743,3.497546992248066,0.8391850693213116,0.2605747620342553,0.06325248698390169,0.06696418082171852,0.008010225043615496,0.6523004331204892,0.13863978147675665,0.0045483652183731784,0.0011114621172291866,69.05169677734375,76.01423645019531,82.60667419433594,21.581091555941896,23.029103886512935,24.84744968051661,104.10848999023438,42.413970947265625,82.61813354492188,5.155949085930392,10.174854480500017,24.843788512782965,4.06901041666646e-05,0.0,9.155273437499534e-05,0.002248128255208219,0.320882161458317,0.01006062825520782,1.017252604166615e-05,0.0,0.32733662923175416,0.005996704101562195,0.0,0.0,0.07927449544270429,0.23698425292967543,0.016896565755207472,0.0001780192057291576
C:\Users\Fakhri\OneDrive\Documents\SM 6\Prak PC\klasifikasi_jenis_kain_glcm_knn\dataset\Denim\denim_041.png,Denim,14.35378333431349,8.275612873693296,2.670793971174779,0.8271837549980395,0.34507284784415365,0.07838002513449438,0.08390117491183215,0.011339955614788542,0.7091302845975519,0.16773565374616986,0.007168001744931227,0.001958893203504519,38.76153564453125,48.266204833984375,53.02740478515625,18.76413175093389,20.333690040412,20.6828094534545,98.81224060058594,73.69613647460938,53.1561279296875,6.401006119545245,22.932799266369738,20.72995331991231,5.086263020833075e-06,1.017252604166615e-05,0.0003153483072916506,0.022028605143228044,0.31052652994790086,0.00044759114583331055,0.0,0.0,0.1042022705078072,0.22769673665363424,0.001434326171874927,0.0,0.24435424804686257,0.08756001790364137,0.0014190673828124278,0.0
C:\Users\Fakhri\OneDrive\Documents\SM 6\Prak PC\klasifikasi_jenis_kain_glcm_knn\dataset\Silk\silk_064.png,Silk,106.8419249517088,53.811575509310984,7.786199791184216,2.334388693020894,0.14053325528367136,0.05299123479401047,0.03437595483263564,0.004530297128106141,0.4135529188713556,0.2947643674338799,0.0012022298627243325,0.0003404052416197095,116.40042114257812,85.75459289550781,131.2073211669922,43.26548995066831,35.7109341068384,43.71701953878969,139.85281372070312,92.96189880371094,131.60276794433594,9.336483575450421,22.38738223056659,43.72269409068861,5.594889322916382e-05,0.0,0.0,5.086263020833075e-06,0.00034077962239581597,0.08604431152343311,0.2465922037760291,0.0002950032552083183,0.030710856119790103,0.28224690755206894,0.020375569661457295,0.0,0.003219604492187336,0.16552734374999156,0.1287790934244726,0.035807291666664846
C:\Users\Fakhri\OneDrive\Documents\SM 6\Prak PC\klasifikasi_jenis_kain_glcm_knn\dataset\Denim\denim_129.png,Denim,56.45341513766228,40.50940583085862,5.413713138298697,2.1048842563213563,0.19969946304614303,0.0742814120829673,0.03629918315522546,0.006449250760901135,0.7863022469105658,0.15295976020786908,0.0013592235331135883,0.0005049941359850573,97.039306640625,105.15948486328125,112.01539611816406,44.577163958026055,46.33507125808232,46.86172329321064,103.42897033691406,38.491424560546875,112.02516174316406,4.891120053004158,15.745758541813405,46.856236073292386,1.5258789062499222e-05,5.086263020833075e-06,7.120768229166304e-05,0.001917521158854069,0.323623657226546,0.007675170898437109,2.543131510416537e-05,0.0,0.304153442382797,0.029179890950519347,0.0,0.0,0.058832804361976174,0.15338643391926302,0.10131327311197401,0.019800821940103158
C:\Users\Fakhri\OneDrive\Documents\SM 6\Prak PC\klasifikasi_jenis_kain_glcm_knn\dataset\Nylon\nylon_159.png,Nylon,10.175906051285642,5.10791722248703,2.386759460607218,0.6763752990842211,0.35405483547021627,0.08029321582886509,0.0928521272025255,0.011532159353979901,0.646602533053431,0.17737769387750596,0.008754508225399566,0.0021860150808609385,36.735595703125,41.177337646484375,45.88209533691406,14.273124484684285,15.339440875672263,16.67835820168443,105.04486083984375,52.45689392089844,45.90058898925781,7.205122449133092,13.334450104535824,16.656081133195183,0.00020853678385415606,1.5258789062499222e-05,0.00015258789062499222,0.00451660156249977,0.2956339518229016,0.032648722330727506,0.0001576741536458253,0.0,0.2614593505859242,0.07187398274739218,0.0,0.0,0.27844746907550666,0.054880777994788875,5.086263020833075e-06,0.0
C:\Users\Fakhri\OneDrive\Documents\SM 6\Prak PC\klasifikasi_jenis_kain_glcm_knn\dataset\Silk\silk_047.png,Silk,96.11974614928016,37.92755518695069,7.474340239883927,1.8399797632680566,0.1401831719816696,0.047706221345955695,0.038092163744669394,0.004137232698743422,0.2780024181556225,0.2842620577363837,0.001468129633154257,0.00035176967774793046,88.45895385742188,121.61387634277344,133.57534790039062,30.39618200766447,33.5782609052733,35.18683043517292,97.76618957519531,88.88714599609375,133.57717895507812,1.9667040571317762,19.631545349556486,35.18589497268947,2.03450520833323e-05,0.0,5.086263020833075e-06,0.0004374186197916444,0.3328653971353997,5.086263020833075e-06,0.0,0.0,0.03583272298176901,0.2938130696614434,0.0036875406901039787,0.0,0.0009002685546874541,0.15226745605467976,0.16108703613280428,0.01907857259114486
C:\Users\Fakhri\OneDrive\Documents\SM 6\Prak PC\klasifikasi_jenis_kain_glcm_knn\dataset\Cotton\cotton_124.png,Cotton,4.30419807180676,2.8492206215384,1.1930402405539995,0.4441944743803741,0.6326434018012056,0.0753283339426801,0.3573640200020373,0.020627123001108996,0.918560309787292,0.05432952610294631,0.12813452099531938,0.01467273261686733,233.26405334472656,239.66879272460938,240.48638916015625,22.404231256596894,20.417689927946615,16.70918236163151,80.51759338378906,9.911590576171875,242.31362915039062,19.199692705720814,7.205897137010006,17.686458561359974,0.0,0.0,0.13534037272134727,0.06023152669270527,0.13671874999999303,0.0010426839192707801,0.0,0.0,0.3333333333333164,0.0,0.0,0.0,0.0,0.0,0.007283528645832963,0.3260498046874834
C:\Users\Fakhri\OneDrive\Documents\SM 6\Prak PC\klasifikasi_jenis_kain_glcm_knn\dataset\Cotton\cotton_087.png,Cotton,30.839960172677788,17.963894510336278,3.8953643065908956,1.3122360274716276,0.26772375067615645,0.07828156211275693,0.0568643871938834,0.009504651061696769,0.7106911670327039,0.16840292437990328,0.0033238969227405036,0.0011115517430642598,114.06727600097656,120.31985473632812,117.27626037597656,28.13390711284177,29.435258902012837,30.44257171323803,73.46945190429688,14.40484619140625,120.48237609863281,14.700221407870032,4.2389465578937005,29.60188818511687,0.0009155273437499534,0.00881958007812455,0.09132893880207868,0.1824645996093657,0.049240112304684995,0.00047302246093747593,6.612141927082997e-05,2.543131510416537e-05,0.3333333333333164,0.0,0.0,0.0,0.0016886393229165807,0.2118530273437392,0.1134134928385359,0.006378173828124676
C:\Users\Fakhri\OneDrive\Documents\SM 6\Prak PC\klasifikasi_jenis_kain_glcm_knn\dataset\Cotton\cotton_026.png,Cotton,54.135265640470465,32.0923764569645,5.458617897293306,1.814306016660453,0.1871550078866783,0.06216539233606834,0.032530047402286925,0.005248078488783373,0.8349496171633369,0.09806345506059408,0.0010857463118194648,0.0003633938232754942,146.0136260986328,156.35203552246094,173.6391143798828,50.3677705003184,52.350634340385874,50.80160194547204,110.88902282714844,46.30125427246094,174.0998992919922,13.290804159441207,23.192656432401684,50.60540572522649,9.155273437499534e-05,5.086263020833075e-06,5.594889322916382e-05,0.0014953613281249239,0.274932861328111,0.0366465250651023,0.008839925130207883,0.01126607259114526,0.24611918131509164,0.08720906575520389,5.086263020833075e-06,0.0,0.005360921223958061,0.06358337402343427,0.1184895833333273,0.14589945475259675
C:\Users\Fakhri\OneDrive\Documents\SM 6\Prak PC\klasifikasi_jenis_kain_glcm_knn\dataset\Cotton\cotton_066.png,Cotton,6.63333997195839,4.204999154115763,1.7077131130608743,0.6090482748451774,0.4864027243655275,0.09638174341339623,0.11343345878305804,0.016222818077863466,0.9500165506838317,0.03169309750993974,0.013130329397875182,0.003697069498864767,214.27926635742188,217.21548461914062,215.8624725341797,28.740360366769334,34.593582591525454,36.7980285002485,87.76681518554688,17.611282348632812,222.50706481933594,41.062146323363116,14.514478317814172,29.420429758054986,0.025828043619790353,0.022598266601561348,0.03568013509114402,0.05730692545572625,0.15033467610676318,0.0029856363932290147,0.003082275390624843,0.03551737467447736,0.32731119791665,0.00602213541666636,0.0,0.0,0.0,0.0004577636718749767,0.05544026692708051,0.27743530273436084
C:\Users\Fakhri\OneDrive\Documents\SM 6\Prak PC\klasifikasi_jenis_kain_glcm_knn\dataset\Nylon\nylon_066.png,Nylon,4.59058835435712,1.3427192968387494,1.6281185929556952,0.2819335100251666,0.4404415822026535,0.05833643510763925,0.09979268169878007,0.00924728016428065,0.863445889047383,0.04012395935823227,0.01004409151107073,0.0019672886865836135,97.82347106933594,112.32839965820312,128.89862060546875,15.036462202548515,16.709537739468658,19.22887120564711,105.84092712402344,61.49589538574219,128.89862060546875,2.3453726975976243,7.419723059584114,19.22887120564711,0.0,0.0,0.0,0.0,0.3329264322916497,0.0004069010416666459,0.0,0.0,0.1948140462239484,0.13851928710936795,0.0,0.0,0.0,0.15168762207030478,0.18164062499999076,5.086263020833075e-06
C:\Users\Fakhri\OneDrive\Documents\SM 6\Prak PC\klasifikasi_jenis_kain_glcm_knn\dataset\Denim\denim_102.png,Denim,7.9918468635752005,4.150626906335411,1.785965979790222,0.5260237916110144,0.47620958478371417,0.08335266084618749,0.1488919450242426,0.018625928772955457,0.742735089123753,0.13349607487821846,0.022515736515757293,0.005644122422742196,26.971954345703125,30.046051025390625,33.60560607910156,14.58431091336605,15.91820936262123,18.088247819295265,101.30928039550781,49.93031311035156,33.7669677734375,20.71477863186359,19.50507571941756,17.96570164862695,0.006937662760416313,0.0019073486328124029,0.006052652994791358,0.025639851888019528,0.22142537434894705,0.06837463378905902,0.002329508463541548,0.0006663004557291327,0.24556986490884167,0.08775329589843303,1.017252604166615e-05,0.0,0.31526184082029646,0.016647338867186653,0.0014139811197915947,1.017252604166615e-05
C:\Users\Fakhri\OneDrive\Documents\SM 6\Prak PC\klasifikasi_jenis_kain_glcm_knn\dataset\Wool\wool_099.png,Wool,47.312363347831045,25.189730165461768,4.943828323891809,1.4985416852134534,0.21712550308089484,0.06140637653582739,0.0481089426000858,0.006934605212066029,0.6468005721710104,0.18777083269701406,0.002362559107545564,0.0006855423597119857,75.62567138671875,79.134521484375,74.15968322753906,31.681056577409485,33.40869361408103,31.891514447757153,56.90208435058594,21.128280639648438,79.460693359375,25.946811756610735,11.27248901329449,33.41539380104068,0.015416463216145048,0.09441630045572436,0.12822977701822263,0.048105875651039215,0.03682963053385229,0.007446289062499621,0.0017649332682290768,0.0011240641276041095,0.33262634277342057,0.0007069905598957974,0.0,0.0,0.12158711751301464,0.17739359537759514,0.03400675455728994,0.00034586588541664907
C:\Users\Fakhri\OneDrive\Documents\SM 6\Prak PC\klasifikasi_jenis_kain_glcm_knn\dataset\Silk\silk_189.png,Silk,43.758676660685495,17.408785122044346,4.344336716793136,1.0272832378638592,0.28429942308005873,0.05515257771015289,0.06813941824839977,0.008060568861911883,0.758578624739178,0.09606390953234421,0.004707953089607979,0.0011223573530175853,133.1263427734375,93.80764770507812,116.88105773925781,35.36874018990198,38.48345139926617,43.929614183106516,161.93649291992188,81.60122680664062,133.3739776611328,6.876013867372256,24.859343223740215,35.856845035483055,2.543131510416537e-05,0.0,0.0,0.0,0.0,0.0,0.0813191731770792,0.251988728841133,0.0936075846354119,0.2381184895833212,0.0016072591145832515,0.0,0.0,0.18524169921874056,0.11659240722655656,0.03149922688801923
C:\Users\Fakhri\OneDrive\Documents\SM 6\Prak PC\klasifikasi_jenis_kain_glcm_knn\dataset\Silk\silk_193.png,Silk,134.2741759665462,98.52045443880273,7.9714790593684794,3.607173268207469,0.18187592164109,0.0921101234895917,0.04695181222310816,0.01111326870006771,0.5301388280041596,0.3440450906265651,0.0023279774122339134,0.0011548929706676,93.55426025390625,90.89305114746094,89.00582885742188,46.448306163105194,47.90055741013512,50.205660073600065,45.82012939453125,23.270843505859375,94.45921325683594,52.97047288246664,15.767793094417524,47.80827841116193,0.1891530354817612,0.054204305013018074,0.004470825195312273,0.0018564860026040722,0.01864624023437405,0.029876708984373477,0.014490763346353429,0.02063496907551978,0.32927449544269155,0.004058837890624794,0.0,0.0,0.11274210611978593,0.1388041178385346,0.0662485758463508,0.015538533528645043
C:\Users\Fakhri\OneDrive\Documents\SM 6\Prak PC\klasifikasi_jenis_kain_glcm_knn\dataset\Silk\silk_160.png,Silk,47.11647634839517,19.531845601486133,4.697040881754135,1.124045362694074,0.2593202463772422,0.050735884315579585,0.056306237366015754,0.006553902434470211,0.8400421982323442,0.06635190217583768,0.0032133460034386636,0.0007614919408622589,127.72380065917969,125.03684997558594,116.05413818359375,47.09039469098915,48.90442725852846,50.89933534761918,27.614059448242188,29.789459228515625,128.13235473632812,17.693766922370333,17.210466260428113,47.63179539616718,0.1453399658203051,0.16238403320311673,0.012039184570311888,0.004969278971353914,0.005345662434895561,0.001647949218749916,0.0008087158203124588,0.0007985432942707927,0.3288981119791499,0.004435221354166441,0.0,0.0,0.0012207031249999378,0.1840616861979073,0.10178629557291148,0.04626464843749764
C:\Users\Fakhri\OneDrive\Documents\SM 6\Prak PC\klasifikasi_jenis_kain_glcm_knn\dataset\Cotton\cotton_143.png,Cotton,2.90989005338855,1.7928591289128128,1.1467443705757479,0.4051489779714421,0.5760831681805165,0.09711276655078704,0.17808980152314388,0.023460442851013105,0.9007552789238439,0.061723909680720966,0.03226636978531844,0.008473777903276749,233.13821411132812,238.422607421875,241.2855987548828,15.719551836644518,15.875670634769888,12.337423868512817,93.57099914550781,9.658355712890625,242.21420288085938,17.18260656590883,4.323236931947797,13.04315711198313,0.0,0.0,0.04635620117187264,0.05629475911458047,0.2203674316406138,0.010314941406249474,0.0,0.0,0.3333333333333164,0.0,0.0,0.0,0.0,0.0,0.0013732910156249302,0.33196004231769144
C:\Users\Fakhri\OneDrive\Documents\SM 6\Prak PC\klasifikasi_jenis_kain_glcm_knn\dataset\Wool\wool_191.png,Wool,13.634177863711296,7.143057568008407,2.753232737276695,0.8305576394080512,0.3202840526406723,0.08331032160013514,0.08312000129185648,0.011122519748901894,0.6358991135853782,0.1903396334237214,0.007032645060322935,0.001911950442500472,92.95301818847656,47.347320556640625,52.463836669921875,18.70825200219758,16.785725900787906,17.953210966562605,168.82952880859375,128.6329803466797,92.95301818847656,35.68918361041729,23.04611130763584,18.70825200219758,0.014317830403645104,0.0,0.0,0.0,0.0,0.0,0.0,0.31901550292967124,0.000411987304687479,0.16409301757811665,0.16882832845051224,0.0,0.010945638020832775,0.30724080403644266,0.015146891276040896,0.0
C:\Users\Fakhri\OneDrive\Documents\SM 6\Prak PC\klasifikasi_jenis_kain_glcm_knn\dataset\Nylon\nylon_038.png,Nylon,18.64559957925264,10.595228988621043,3.2234132708963656,1.011443651680702,0.28257026214466957,0.0782873216051751,0.06900997379023019,0.009611033673791857,0.6009291353084966,0.2263522764514152,0.004854748450807019,0.0014209230818390272,72.53927612304688,108.28654479980469,140.57644653320312,15.681155390712812,20.357348316555168,24.581083999589147,104.21141052246094,124.10377502441406,140.57644653320312,1.1884627265994634,11.077109291281458,24.581083999589147,0.0,0.0,0.0,0.0,0.3333333333333164,0.0,0.0,0.0,3.0517578124998445e-05,0.2084401448567602,0.12486267089843114,0.0,2.543131510416537e-05,0.10282389322916143,0.22727966308592593,0.003204345703124837
C:\Users\Fakhri\OneDrive\Documents\SM 6\Prak PC\klasifikasi_jenis_kain_glcm_knn\dataset\Silk\silk_136.png,Silk,66.77020890151941,25.142469054130927,5.944622828077598,1.3495105075188791,0.18638622264861085,0.04889030884244731,0.03931369620255956,0.004974502735093202,0.6031006063752223,0.14926327271971152,0.0015703123865685954,0.0004284218464419213,100.79164123535156,100.69783020019531,102.31434631347656,36.00855701496557,36.88123770637125,38.35327709609418,84.02330017089844,17.90032958984375,104.99726867675781,51.73864819447323,11.3700630979915,38.02659690281355,0.06871541341145483,0.03603617350260233,0.016942342122394972,0.015843709309895027,0.07457478841145454,0.07002766927082976,0.02781168619791525,0.023381551106769642,0.3326619466145664,0.0006713867187499658,0.0,0.0,0.04733784993489342,0.20078531901040644,0.07743835449218356,0.0077718098958329375
C:\Users\Fakhri\OneDrive\Documents\SM 6\Prak PC\klasifikasi_jenis_kain_glcm_knn\dataset\Cotton\cotton_085.png,Cotton,25.650442438742726,15.481646654095064,3.533113732792549,1.2184351309206052,0.2881094538631477,0.08366073889750203,0.0635656444629311,0.010779936055305276,0.681664177110178,0.19196453610300032,0.004156798177344233,0.0014189895327889328,109.35433959960938,116.86154174804688,112.43019104003906,24.13373926049425,25.697897819833432,26.805600183017344,70.70077514648438,17.46441650390625,116.92704772949219,12.662351562962211,4.251958094003881,25.785903407923843,0.00013224283854165994,0.0058441162109372025,0.1197967529296814,0.18267313639321986,0.0248209635416654,4.06901041666646e-05,1.5258789062499222e-05,1.017252604166615e-05,0.3333333333333164,0.0,0.0,0.0,0.0013834635416665963,0.23067728678384242,0.09881083170572413,0.002461751302083208
C:\Users\Fakhri\OneDrive\Documents\SM 6\Prak PC\klasifikasi_jenis_kain_glcm_knn\dataset\Silk\silk_033.png,Silk,16.899574038775885,7.553709700679176,3.1518576898483417,0.8440707663692903,0.28028214421881575,0.08149146320794287,0.07804478697508484,0.009906478094009961,0.500362074666035,0.22332572313538065,0.00618912708221347,0.0017430133032146924,217.13600158691406,225.48822021484375,231.3426971435547,16.535248446582337,17.05881822417402,14.065758284006877,100.64646911621094,16.010055541992188,231.52450561523438,7.991962250674639,5.3546785712959055,14.296098341674286,2.03450520833323e-05,2.03450520833323e-05,0.0005900065104166366,0.02766418457031109,0.29973347981769305,0.005299886067708063,5.086263020833075e-06,0.0,0.3333333333333164,0.0,0.0,0.0,0.0,2.03450520833323e-05,0.0016530354817707491,0.33165995279946225
C:\Users\Fakhri\OneDrive\Documents\SM 6\Prak PC\klasifikasi_jenis_kain_glcm_knn\dataset\Wool\wool_158.png,Wool,7.82892469936451,4.037817099807608,1.9074164630137813,0.5861429733543945,0.45000632483751873,0.09007106872797596,0.14431944735319382,0.02062803217379922,0.5967617748505344,0.20766152195034338,0.021253618595694582,0.006201357804869815,22.775283813476562,25.575714111328125,31.223709106445312,11.469791445119816,12.381667870605007,15.590011216125115,107.57121276855469,68.43965148925781,31.284515380859375,15.540328027312835,22.50713297094035,15.521907424016053,0.003199259440104004,0.0003560384114583152,0.001998901367187398,0.011601765950520242,0.19770812988280242,0.11550903320311912,0.0025227864583332047,0.0004374186197916444,0.12451680501301449,0.20735677083332277,0.0014597574869790924,0.0,0.3206024169921712,0.012720743815103519,1.017252604166615e-05,0.0
C:\Users\Fakhri\OneDrive\Documents\SM 6\Prak PC\klasifikasi_jenis_kain_glcm_knn\dataset\Cotton\cotton_054.png,Cotton,22.358790230086736,14.643424645446355,3.5306941367532407,1.2671769693817845,0.2646284425204599,0.08306530828073631,0.05190319425461556,0.00879388771188935,0.7938584760069646,0.13504285466562935,0.002771274034921676,0.0009421719598672689,171.22996520996094,170.6845703125,158.39865112304688,27.723717470988174,29.973470385722873,31.498983903442152,30.854217529296875,21.843887329101562,172.2697296142578,8.766050772889484,10.478330366819478,28.6342697098937,0.041122436523435404,0.2672526041666531,0.023335774739582146,0.0014139811197915947,0.00016784667968749146,2.03450520833323e-05,0.0,2.03450520833323e-05,0.3331451416015455,0.00018819173177082375,0.0,0.0,0.0,0.021550496419269736,0.2203521728515513,0.09143066406249535
C:\Users\Fakhri\OneDrive\Documents\SM 6\Prak PC\klasifikasi_jenis_kain_glcm_knn\dataset\Nylon\nylon_115.png,Nylon,11.925629131094238,7.0636044554770745,2.49523257386341,0.8189496125478214,0.349254992716008,0.08850085635287708,0.07636035370144303,0.01178686972287098,0.8000117664931428,0.11865549213801174,0.005969833915273418,0.0018693728647115673,72.99635314941406,73.43888854980469,70.09117126464844,21.33221190825055,22.3187275373721,22.443641523958387,57.715118408203125,22.199447631835938,75.30731201171875,40.91884997943969,23.015589868912905,23.00093565524617,0.08053588867187089,0.08288065592447495,0.03223164876301919,0.02736409505208194,0.07942708333332929,0.02170308430989473,0.005574544270833049,0.0036163330078123157,0.3033345540364429,0.029973347981769306,2.543131510416537e-05,0.0,0.11225891113280678,0.21371968587238496,0.007349650065103792,5.086263020833075e-06
C:\Users\Fakhri\OneDrive\Documents\SM 6\Prak PC\klasifikasi_jenis_kain_glcm_knn\dataset\Wool\wool_069.png,Wool,8.551488346830748,5.126332223590206,2.102682612919755,0.6887740643956295,0.39435501742378487,0.0906549103716942,0.05711292006818614,0.009069449452730655,0.9595702356367276,0.024255340077944373,0.0033441405520906564,0.0010576518694485168,106.62727355957031,112.58544921875,121.21542358398438,42.86467410137786,41.10820123090745,38.23873090105591,99.68656921386719,38.04115295410156,121.5101318359375,27.66353376071692,32.94263767323529,38.1280286787802,0.01866658528645738,0.007217407226562132,0.0034027099609373265,0.006724039713541324,0.2589874267577993,0.03155008951822756,0.004491170247395605,0.0022939046223957164,0.2282613118489467,0.10494995117186966,0.00012207031249999378,0.0,0.015380859374999218,0.17733256022134514,0.12654113769530606,0.01407877604166595
C:\Users\Fakhri\OneDrive\Documents\SM 6\Prak PC\klasifikasi_jenis_kain_glcm_knn\dataset\Denim\denim_014.png,Denim,11.267529271201012,6.321887331363956,2.1934886553382187,0.695105214508994,0.42887581227431887,0.08425875479391977,0.12828769871883314,0.01790552943665382,0.7190491219503686,0.15739271672229013,0.01677834162698098,0.004648093015468774,28.56103515625,34.3883056640625,41.737030029296875,16.119205757138023,18.19773189851745,21.00273912839474,106.01255798339844,82.3765869140625,41.74940490722656,6.181727530464673,19.311089556385745,20.9891567307553,0.00014750162760415915,5.086263020833075e-06,6.612141927082997e-05,0.00320943196614567,0.30318705240883875,0.026672363281248643,4.06901041666646e-05,5.086263020833075e-06,0.051345825195309884,0.2792612711588399,0.0027262369791665277,0.0,0.2893981933593603,0.042053222656247856,0.0018564860026040722,2.543131510416537e-05
C:\Users\Fakhri\OneDrive\Documents\SM 6\Prak PC\klasifikasi_jenis_kain_glcm_knn\dataset\Silk\silk_128.png,Silk,19.605687051722978,12.659488226396693,2.908183053891593,1.0496900975843444,0.37192053419123594,0.08517178349019887,0.0590778745262813,0.008454462697805188,0.9582557165537583,0.026949598007662084,0.0035616731980516163,0.0010059126703870587,149.0883026123047,150.70559692382812,166.8374481201172,59.94290012607597,62.26441657329332,61.06908860957746,114.33924865722656,31.514114379882812,167.03326416015625,14.778921181892313,13.640700475984874,61.34124604412811,1.017252604166615e-05,0.0,0.014612833658853422,0.007843017578124601,0.05980428059895529,0.24907430013019566,0.001988728841145732,0.0,0.3306528727213373,0.0026804606119790303,0.0,0.0,0.005340576171874728,0.10683695475259873,0.08910624186197463,0.13204956054686828
C:\Users\Fakhri\OneDrive\Documents\SM 6\Prak PC\klasifikasi_jenis_kain_glcm_knn\dataset\Wool\wool_073.png,Wool,11.096921271510704,5.670210862322024,2.370176855747473,0.6863046035151755,0.3672322094063232,0.08074746020182993,0.07473135955602826,0.010614552067158455,0.8372604078011142,0.08318761901867029,0.0056974448166787935,0.0016313969332196476,65.947021484375,77.83367919921875,99.55924987792969,21.34414750534692,23.516812127187094,28.443460681101733,109.26191711425781,87.54049682617188,99.55926513671875,1.9886656704664243,15.061391966726353,28.443455821131973,0.0,0.0,0.0,5.086263020833075e-06,0.32241312662758775,0.010915120442707777,0.0,0.0,0.01642862955729083,0.31460062662758814,0.0023040771484373825,0.0,0.03216044108072753,0.24779764811196656,0.053192138671872294,0.00018310546874999068
C:\Users\Fakhri\OneDrive\Documents\SM 6\Prak PC\klasifikasi_jenis_kain_glcm_knn\dataset\Wool\wool_051.png,Wool,14.818908602888385,7.544842524405888,2.6527615966646088,0.7773081367630752,0.37452559963164705,0.07619206926686448,0.10643742359513629,0.01493048157233538,0.6865762625020136,0.1594789060767539,0.01155184442155232,0.003226984339184608,37.833282470703125,41.36466979980469,45.07206726074219,18.64562519879443,19.52148809032696,21.368793724751352,103.32974243164062,43.45001220703125,45.183135986328125,15.957457377467389,17.176335258714907,21.287374503697695,0.003128051757812341,0.0010121663411457819,0.0026601155598956977,0.018483479817707392,0.2451731363932167,0.059260050455726146,0.003072102864583177,0.000544230143229139,0.2887420654296728,0.044581095377601895,1.017252604166615e-05,0.0,0.26854451497394466,0.06413269042968424,0.0005798339843749705,7.629394531249611e-05
C:\Users\Fakhri\OneDrive\Documents\SM 6\Prak PC\klasifikasi_jenis_kain_glcm_knn\dataset\Wool\wool_006.png,Wool,20.627144529206028,9.262340252360058,3.3098722074982745,0.8494962437754228,0.2845210858724393,0.06500451640452601,0.0556050473226199,0.007196569927109493,0.78440017688484,0.09665830175104874,0.0031437119064665754,0.000827320761456813,135.5848388671875,152.2689208984375,183.0874481201172,26.84684102771489,28.41633520275039,27.09273000655676,109.32888793945312,67.17741394042969,183.0874786376953,1.9499315664677255,14.717120340102985,27.092727092022898,0.0,0.0,0.0,1.017252604166615e-05,0.32264709472654607,0.010676066080728623,0.0,0.0,0.13185628255207663,0.20147705078123973,0.0,0.0,0.0,0.007359822591145458,0.19278462727863602,0.13318888346353489
C:\Users\Fakhri\OneDrive\Documents\SM 6\Prak PC\klasifikasi_jenis_kain_glcm_knn\dataset\Silk\silk_077.png,Silk,106.28046071135476,53.83112946312185,7.44102195609658,2.189000663133682,0.16730245115501807,0.05060500555251877,0.036874800938804575,0.005937633599567086,0.5685613415647327,0.21846051464093666,0.001395006437039171,0.0004537795259218335,131.23123168945312,126.45408630371094,112.87750244140625,41.829563355693466,45.00975538614429,48.2055365250652,28.595046997070312,43.77166748046875,131.72750854492188,20.892781781538055,25.212366815347504,42.597994548092544,0.16218566894530423,0.14110310872395115,0.007105509440103805,0.005274454752603898,0.01368204752604097,0.003016153971354013,0.0006256103515624681,0.00034077962239581597,0.24482727050780004,0.08850606282551633,0.0,0.0,0.0003255208333333168,0.1747589111328036,0.12037658691405637,0.03787231445312307
C:\Users\Fakhri\OneDrive\Documents\SM 6\Prak PC\klasifikasi_jenis_kain_glcm_knn\dataset\Denim\denim_044.png,Denim,19.017934467770463,10.938931577178588,3.080665753787914,0.9536512776816432,0.31409831935830584,0.07315707627569491,0.06945643695664327,0.009692412125794804,0.7517929934829531,0.14272225584257547,0.004918139487528415,0.0013796397991078975,46.421630859375,54.68705749511719,60.77040100097656,23.68001532634476,25.061013456761266,26.313253352645226,100.99076843261719,65.11814880371094,60.87420654296875,7.281194900390914,23.097100388428117,26.320460030000326,3.560384114583152e-05,3.560384114583152e-05,0.0007934570312499596,0.017267862955728287,0.3118743896484216,0.0033111572265623313,1.5258789062499222e-05,0.0,0.14844258626301327,0.18428548177082396,0.0006052652994791358,0.0,0.19338989257811515,0.13414510091145151,0.005762736002603873,3.560384114583152e-05
C:\Users\Fakhri\OneDrive\Documents\SM 6\Prak PC\klasifikasi_jenis_kain_glcm_knn\dataset\Denim\denim_193.png,Denim,53.160779835464375,31.11115643557125,5.393093451761601,1.712572092765906,0.18670738161821368,0.05619788055154193,0.04154152200855827,0.005448911326491404,0.6732022871182403,0.1911190360070443,0.0017553886854314983,0.00046705843778110066,111.15974426269531,123.26687622070312,138.80929565429688,35.06935368423167,36.565752629519785,36.5028055397337,106.74232482910156,52.99085998535156,138.809326171875,2.553617056977274,14.966359129583717,36.50277811004299,0.0,0.0,0.0,1.017252604166615e-05,0.3303070068359207,0.003016153971354013,0.0,0.0,0.24355061848957094,0.08978271484374543,0.0,0.0,0.001037597656249947,0.1406046549479095,0.15916951497395024,0.03252156575520668
C:\Users\Fakhri\OneDrive\Documents\SM 6\Prak PC\klasifikasi_jenis_kain_glcm_knn\dataset\Wool\wool_195.png,Wool,27.369502899691753,14.771895674410139,3.965705972594743,1.2115532199906038,0.23277907980890924,0.06899165032081198,0.05252891439172815,0.007232644137869679,0.6845422310343757,0.17022426738363772,0.0028115979883985656,0.0007791488896408452,156.71499633789062,158.40017700195312,162.99273681640625,24.65867850765487,26.848335404296005,28.131565678576262,111.38040161132812,10.5208740234375,163.16842651367188,26.76294447472248,4.580409926574043,27.867244694168235,0.01209513346354105,0.0015462239583332545,0.0008392333984374573,0.00210062662760406,0.16129557291665844,0.11798095703124399,0.0255584716796862,0.011917114257811893,0.3333333333333164,0.0,0.0,0.0,0.0,0.03755696614583142,0.23919677734373782,0.05657958984374712
C:\Users\Fakhri\OneDrive\Documents\SM 6\Prak PC\klasifikasi_jenis_kain_glcm_knn\dataset\Denim\denim_145.png,Denim,39.400681546267684,28.013260754414112,4.4863540045919565,1.6732595794805871,0.23734790460261282,0.07469152933104362,0.04804239898528476,0.008094600263061013,0.7732026357794582,0.1609759515695775,0.0023735946536800373,0.0008235801924003303,68.63613891601562,79.54043579101562,92.86734008789062,34.750558394440986,37.86366728798784,40.725900210812924,106.41017150878906,71.52745056152344,92.86793518066406,3.0268149227433394,19.929102019566827,40.72523204143873,5.086263020833075e-06,0.0,0.0,0.00014750162760415915,0.32708740234373335,0.006093343098958023,0.0,0.0,0.12298583984374374,0.20969136555988516,0.0006561279296874666,0.0,0.09144592285155784,0.17557779947915772,0.06004333496093444,0.006266276041666348
C:\Users\Fakhri\OneDrive\Documents\SM 6\Prak PC\klasifikasi_jenis_kain_glcm_knn\dataset\Wool\wool_120.png,Wool,7.486583815148665,3.8480423678712716,1.9471385457068315,0.5704171970288121,0.41827637088665776,0.08515712681427233,0.06224163378606115,0.009114805255325547,0.9555015397214138,0.02291955556375335,0.00395710065120066,0.0011599305132303504,118.94448852539062,94.02558898925781,72.66162109375,45.04782954321731,34.76270135338286,28.007176735444336,16.185775756835938,96.91354370117188,119.1317138671875,8.57955964436875,28.651538294574134,44.82751963028162,0.2957255045572766,0.03065999348958177,0.006362915039062176,0.0003814697265624806,5.594889322916382e-05,2.03450520833323e-05,5.086263020833075e-06,0.00012207031249999378,0.044581095377601895,0.2550201416015495,0.03373209635416495,0.0,0.042165120442706185,0.15009053548176318,0.12389119466145203,0.017186482747394958
C:\Users\Fakhri\OneDrive\Documents\SM 6\Prak PC\klasifikasi_jenis_kain_glcm_knn\dataset\Denim\denim_055.png,Denim,17.020265404675644,8.92001760807422,2.308528600535358,0.6729742750091835,0.45797347039257286,0.0755170700826151,0.1534507511804266,0.018952406898256332,0.7016828749135054,0.15618194745220393,0.023906326765074263,0.005936786177205264,26.356201171875,29.907379150390625,33.26502990722656,20.633776408584342,21.361666545434645,23.19578011891394,102.01174926757812,58.65803527832031,33.383514404296875,13.482465279433622,20.27944772899711,23.11473812539037,0.0018768310546874044,0.00030517578124998444,0.0015970865885415854,0.026443481445311154,0.25579833984373695,0.046493530273435134,0.0007019042968749642,0.00011698404947916071,0.19014485677082366,0.14274088541665939,0.00044759114583331055,0.0,0.3089192708333176,0.020339965820311463,0.0037231445312498105,0.0003509521484374821
C:\Users\Fakhri\OneDrive\Documents\SM 6\Prak PC\klasifikasi_jenis_kain_glcm_knn\dataset\Denim\denim_144.png,Denim,51.76135413512974,35.0919499656092,5.18204995016021,1.900668066408969,0.20871167621714892,0.06989743892575906,0.034123072253062846,0.006243565473811936,0.8182081659890054,0.12319765555848002,0.0012033661698135241,0.0004549231006113573,142.42689514160156,149.32981872558594,163.79495239257812,47.7750028097638,47.857768087473545,46.93285729014661,110.26797485351562,36.60212707519531,163.7958221435547,2.9947459322263725,15.124231473946118,46.93447153386424,0.0,0.0,5.086263020833075e-06,0.00012715657552082686,0.26089477539061173,0.07230631510416298,0.0,0.0,0.3136189778645674,0.019714355468748997,0.0,0.0,0.0024261474609373764,0.08215840657551665,0.14208475748697194,0.1066640218098904
C:\Users\Fakhri\OneDrive\Documents\SM 6\Prak PC\klasifikasi_jenis_kain_glcm_knn\dataset\Wool\wool_147.png,Wool,21.450088445103955,11.639590103753864,3.3822353958839155,1.0427404974475751,0.28346858140165454,0.07777629569376121,0.06719616272154154,0.009691136343464541,0.6519596052987984,0.18845531576801602,0.00460924240812751,0.0013626969745917795,50.29954528808594,63.70777893066406,101.2218017578125,19.599224926331942,22.444689324923157,28.05674059644575,112.19172668457031,131.64682006835938,101.2218017578125,1.4789165377038653,18.164423424364646,28.05674059644575,0.0,0.0,0.0,0.0,0.20687357584634364,0.12645975748697272,0.0,0.0,0.00028991699218748525,0.1431427001953052,0.18990071614582366,0.0,0.02065022786458228,0.25181070963540386,0.06035359700520526,0.0005187988281249735
C:\Users\Fakhri\OneDrive\Documents\SM 6\Prak PC\klasifikasi_jenis_kain_glcm_knn\dataset\Denim\denim_123.png,Denim,42.691823738442594,29.296253242946335,4.759218297788112,1.7779743475899392,0.2177857149628544,0.07575162794208856,0.04244525765594739,0.007273641152503719,0.7464900160419652,0.17376396478241432,0.0018545057530951557,0.000664381756366535,102.28099060058594,110.85154724121094,125.32904052734375,35.95438431453273,36.90582635944221,37.61852780458971,108.87619018554688,49.95863342285156,125.32962036132812,3.1837960230161113,15.949748689684968,37.61793701001189,8.13802083333292e-05,2.543131510416537e-05,5.086263020833075e-06,3.560384114583152e-05,0.3108418782551925,0.022191365559894705,0.00011698404947916071,3.560384114583152e-05,0.264755249023424,0.06857808430989235,0.0,0.0,0.006795247395832987,0.18075052897134497,0.12772115071613932,0.01806640624999908
C:\Users\Fakhri\OneDrive\Documents\SM 6\Prak PC\klasifikasi_jenis_kain_glcm_knn\dataset\Cotton\cotton_086.png,Cotton,23.214401702366583,15.994782175972986,3.5131078906193998,1.3105246773132224,0.2730442226204208,0.08653324884132058,0.06256364089162712,0.010424812960465765,0.6469894907031022,0.2429321519895212,0.004022885886877174,0.0013622126250163547,114.45857238769531,122.40821838378906,117.70872497558594,21.491706676592727,23.382884912850432,24.137450758089614,70.84507751464844,17.599609375,122.48190307617188,13.107296044365059,4.018667055878835,23.426528856998917,0.00014241536458332608,0.007319132486978794,0.11817423502603565,0.1801910400390533,0.027455647786456934,5.086263020833074e-05,0.0,0.0,0.3333333333333164,0.0,0.0,0.0,0.000549316406249972,0.19943237304686484,0.1327463785807224,0.0006052652994791358
C:\Users\Fakhri\OneDrive\Documents\SM 6\Prak PC\klasifikasi_jenis_kain_glcm_knn\dataset\Cotton\cotton_045.png,Cotton,7.136338572958479,4.329642232241867,1.967087761154766,0.6717090219249157,0.40522447502445336,0.10062630293244407,0.08714290125103791,0.014215246997185288,0.838475950752153,0.09789334408055499,0.007795958485639129,0.0025772179736467883,214.25721740722656,220.9274444580078,198.17796325683594,17.772503875784764,18.463233497596498,23.85407123949948,39.98896789550781,26.93267822265625,220.92776489257812,4.666667613818857,9.800516555810574,18.462136793429202,0.0,0.28252665201821475,0.05076599121093491,4.06901041666646e-05,0.0,0.0,0.0,0.0,0.333282470703108,5.086263020833074e-05,0.0,0.0,0.0,0.0,0.02190653483072805,0.3114267985025883
C:\Users\Fakhri\OneDrive\Documents\SM 6\Prak PC\klasifikasi_jenis_kain_glcm_knn\dataset\Denim\denim_092.png,Denim,9.935548885212006,5.049718574413807,2.094333000822141,0.5916630606551785,0.42127346617615613,0.07873045616474568,0.12397827678081402,0.01535286681672758,0.6851954228731835,0.16017776621131255,0.015606323633032305,0.0039273120283664555,26.791229248046875,31.455978393554688,38.48927307128906,13.926522266482953,16.186489941591713,19.843531794350906,106.25395202636719,74.96246337890625,38.54237365722656,14.209278737506434,24.31693544224407,19.78818666958216,0.002955118815104016,0.0009053548177082872,0.0015309651692707554,0.007949829101562096,0.25133260091144555,0.06644694010416329,0.0016937255859374137,0.0005187988281249735,0.09678141276041174,0.23433939615884222,0.0022125244140623872,0.0,0.2996927897135264,0.03259277343749834,0.001017252604166615,3.0517578124998445e-05
C:\Users\Fakhri\OneDrive\Documents\SM 6\Prak PC\klasifikasi_jenis_kain_glcm_knn\dataset\Cotton\cotton_167.png,Cotton,2.69877367875576,1.3358138991465995,1.1422842949842404,0.325100563655365,0.5641638970992052,0.08149548973221517,0.1376373901613067,0.017230815805052115,0.8664745314717242,0.06617332269632427,0.019240952183723393,0.004812057316521624,33.674102783203125,35.29705810546875,43.81529235839844,12.06701479984738,12.538533668269775,15.419381998537318,114.55329895019531,59.74212646484375,43.831207275390625,12.711955333135101,15.347017425767756,15.390639284005513,0.002273559570312384,0.0002695719401041529,0.00036621093749998135,0.0019582112630207337,0.09028116861978706,0.23333231608071728,0.004028320312499795,0.000823974609374958,0.18822224934894874,0.14510599772134677,5.086263020833075e-06,0.0,0.29924011230467223,0.034093221028644094,0.0,0.0
C:\Users\Fakhri\OneDrive\Documents\SM 6\Prak PC\klasifikasi_jenis_kain_glcm_knn\dataset\Wool\wool_151.png,Wool,6.401027178535184,2.6810813577969266,1.5827997345559972,0.40803667102124563,0.5285597987217502,0.07086291297308427,0.20447779133718533,0.02239162876767778,0.5522492987356986,0.1876783111386841,0.04231255218900299,0.009288977649348704,17.43646240234375,20.893905639648438,21.5765380859375,10.140466574025007,10.633707459912113,12.064611116164983,90.01921081542969,58.588653564453125,22.168441772460938,19.356648793179403,24.400736026213362,11.741760982813512,0.005310058593749729,0.0023447672526040473,0.015258789062499223,0.10035705566405739,0.18856302897134455,0.020065307617186477,0.0011342366536457756,0.0003000895182291514,0.19803873697915658,0.13197326660155578,0.0033213297526039974,0.0,0.3308207194010248,0.0025126139322915386,0.0,0.0
C:\Users\Fakhri\OneDrive\Documents\SM 6\Prak PC\klasifikasi_jenis_kain_glcm_knn\dataset\Wool\wool_103.png,Wool,43.80617803212814,22.708440089959485,4.79307951176706,1.42237709672246,0.2237890351966451,0.06129513163032559,0.051620823505478676,0.007608697502176465,0.6347160422534311,0.189174756103932,0.0027226016970634064,0.0008086356773175146,69.75157165527344,73.328125,68.82586669921875,30.235211838942554,31.5197285225113,29.862618991664725,59.67057800292969,21.414779663085938,73.60301208496094,25.591717235005618,11.053233978817133,31.49096660735581,0.012634277343749356,0.07555135091145448,0.13543192545572227,0.057978312174476215,0.04107666015624791,0.007466634114582953,0.002044677734374896,0.0011494954427082747,0.33249918619789975,0.0008341471354166242,0.0,0.0,0.14408365885415933,0.16622924804686653,0.022898356119790502,0.00012207031249999378
C:\Users\Fakhri\OneDrive\Documents\SM 6\Prak PC\klasifikasi_jenis_kain_glcm_knn\dataset\Cotton\cotton_072.png,Cotton,6.531664879414083,5.000238438170081,1.7502306460602683,0.7347525932505548,0.47121754330229465,0.1138470138530026,0.12147573321330775,0.019064414572497423,0.9359077822763994,0.04910945012173298,0.015119805662702763,0.0047975605358263375,222.8998565673828,220.68948364257812,230.85232543945312,27.164854455812772,30.131282924801194,25.10997503049157,115.44059753417969,13.032318115234375,231.22935485839844,25.937964964954407,7.621943177122686,25.422096951586067,0.0026245117187498664,0.000544230143229139,0.03816731770833139,0.008733113606770388,0.021667480468748897,0.22577412923175932,0.035746256510414846,7.629394531249611e-05,0.3333333333333164,0.0,0.0,0.0,0.0,5.086263020833075e-06,0.0353393554687482,0.29798889160154735
C:\Users\Fakhri\OneDrive\Documents\SM 6\Prak PC\klasifikasi_jenis_kain_glcm_knn\dataset\Nylon\nylon_199.png,Nylon,72.39653691054066,43.11335934894476,6.204047314896617,2.0945486833009883,0.190206548032842,0.061631836978200995,0.042597188667685935,0.007787839308875855,0.6343813481140941,0.21742238052782947,0.001875170923491303,0.0006899840554023516,85.22409057617188,89.25047302246094,96.83438110351562,38.80535184106098,39.6776830803803,42.520277212079144,109.03564453125,32.68394470214844,96.84745788574219,8.05297737208311,10.712413672014563,42.5072991844587,0.00044759114583331055,0.00010681152343749457,0.00022888183593748834,0.0025075276692707055,0.24108886718748773,0.08799235026041219,0.0008951822916666211,6.612141927082997e-05,0.3286183675130041,0.00471496582031226,0.0,0.0,0.08885192871093298,0.1579640706380128,0.08345031738280825,0.003067016601562344
C:\Users\Fakhri\OneDrive\Documents\SM 6\Prak PC\klasifikasi_jenis_kain_glcm_knn\dataset\Nylon\nylon_081.png,Nylon,2.7406043702476572,0.9313832389080657,1.1919934573495663,0.2324910399710968,0.5394797340068315,0.05955104156398896,0.09869797178141992,0.009119070443707829,0.9644138965248427,0.012073720656136225,0.009824447079523272,0.0018550746209647752,85.9898681640625,100.26931762695312,116.29959106445312,23.460360359247346,24.870654329445873,28.482250329219557,105.71481323242188,67.66773986816406,116.29959106445312,2.1887965581188022,8.755247481004771,28.482250329219557,0.0,0.0,0.0,0.0,0.3330637613932122,0.0002695719401041529,0.0,0.0,0.11108907063801518,0.22224426269530118,0.0,0.0,1.017252604166615e-05,0.21001688639321847,0.1231486002604104,0.0001576741536458253
C:\Users\Fakhri\OneDrive\Documents\SM 6\Prak PC\klasifikasi_jenis_kain_glcm_knn\dataset\Wool\wool_056.png,Wool,36.85682581339089,17.013680594118906,4.342097136098755,1.1439823681490442,0.23787896790783283,0.05830928075047004,0.04832063765604829,0.006388216840369588,0.739127636698846,0.1202188191369809,0.002375693337886693,0.0006392632218860902,101.29891967773438,103.96453857421875,109.79414367675781,32.7198352450238,33.66655391983063,35.46618412739817,109.42984008789062,20.188064575195312,109.84638977050781,14.640023315021983,7.82398092353251,35.43401008246042,0.0025736490885415356,0.0008850097656249549,0.001576741536458253,0.00516255696614557,0.18958536783853203,0.12800089518228513,0.004699707031249761,0.0008494059244791234,0.333282470703108,5.086263020833074e-05,0.0,0.0,0.022425333658853026,0.21802775065103056,0.08418273925780821,0.008697509765624558
C:\Users\Fakhri\OneDrive\Documents\SM 6\Prak PC\klasifikasi_jenis_kain_glcm_knn\dataset\Silk\silk_091.png,Silk,46.43364734431753,23.272329835498873,5.059849321961493,1.4797107196277208,0.2030020365940346,0.06256293061195195,0.04900281933599538,0.006386046380932936,0.5375702077979251,0.23126449943611604,0.0024420578912556306,0.000654617626202763,109.07740783691406,61.577880859375,69.18753051757812,36.08733673537541,25.268192346011304,27.390057677017257,172.1337432861328,113.47515869140625,109.08065795898438,21.40962804811666,23.340491805312823,36.08632094348235,0.005015055338541411,0.0,0.0,0.0,0.0,1.5258789062499222e-05,0.0008595784505207896,0.32744344075519166,0.01119995117187443,0.23360188802082144,0.08853149414062049,0.0,0.030237833658852627,0.2009938557942606,0.09725443522134922,0.00484720865885392
C:\Users\Fakhri\OneDrive\Documents\SM 6\Prak PC\klasifikasi_jenis_kain_glcm_knn\dataset\Cotton\cotton_040.png,Cotton,12.163209433461885,8.858365836545255,2.536536410726904,1.0040786921166747,0.35073908754872646,0.10658209333855988,0.07359177232064218,0.013855455009153748,0.8568889003630052,0.10454002751097206,0.00560772258680392,0.00214623174221237,205.6248016357422,216.307373046875,200.5753631591797,26.17726018740516,25.63064268253569,29.07934181587295,52.618072509765625,19.589431762695312,216.30760192871094,7.414455949492781,8.571937730853673,25.630663452344074,0.0,0.033793131510414944,0.284652709960923,0.014775594075520081,0.00011189778645832764,0.0,0.0,0.0,0.3333333333333164,0.0,0.0,0.0,0.0,5.086263020833075e-06,0.06315104166666345,0.27017720540363205
C:\Users\Fakhri\OneDrive\Documents\SM 6\Prak PC\klasifikasi_jenis_kain_glcm_knn\dataset\Silk\silk_083.png,Silk,31.985073874539058,12.37474863181117,3.716317147448807,0.8759442073080207,0.32054687785379,0.0603190709063656,0.09820732554493557,0.012272169266867406,0.5497126045548623,0.1745809371324318,0.009795284929203599,0.0024816259621850364,33.56343078613281,45.509765625,51.08473205566406,21.359076499211728,24.820702799176907,27.136132688899835,96.72781372070312,96.09635925292969,52.1378173828125,10.746807771419702,22.061253150133087,27.42264712270956,5.086263020833075e-06,0.0,7.629394531249611e-05,0.0987141927083283,0.22266642252603033,0.011871337890624396,0.0,0.0,0.02585856119791535,0.28591918945311046,0.021555582682290568,0.0,0.24192301432290433,0.08535257975259981,0.0058898925781247,0.00016784667968749146
C:\Users\Fakhri\OneDrive\Documents\SM 6\Prak PC\klasifikasi_jenis_kain_glcm_knn\dataset\Silk\silk_166.png,Silk,23.850396592054455,11.322910237725377,3.194593540718909,0.9019863885767706,0.3590836509288795,0.06803222634799985,0.10021472496895291,0.012134384377869626,0.757772449732827,0.115078951839956,0.010190234384832764,0.002470004046679861,67.91151428222656,42.36317443847656,62.96783447265625,30.26501240412517,25.581505784268852,36.12793045457622,157.2494354248047,107.09754943847656,69.32476806640625,7.802053053308891,23.627120752630866,32.996365812069435,5.086263020833075e-06,0.0,0.0,0.0,0.0,3.560384114583152e-05,0.15010579427082568,0.18318684895832402,0.009038289388020372,0.2434844970703001,0.08081054687499588,0.0,0.18318684895832402,0.1248881022135353,0.02501424153645706,0.00024414062499998756
C:\Users\Fakhri\OneDrive\Documents\SM 6\Prak PC\klasifikasi_jenis_kain_glcm_knn\dataset\Wool\wool_196.png,Wool,46.70244704277158,31.236121282003765,5.066930426235234,1.9816619189561455,0.2035153702357667,0.08763098944206059,0.04270480982235392,0.007874655925157683,0.6806267345168114,0.21313782610082835,0.001885710987903037,0.0007468281445358395,169.7787628173828,170.1825408935547,173.98297119140625,32.232642722354555,34.78352095206626,36.294268286558115,108.52058410644531,8.510208129882812,174.5798797607422,41.264990512728275,4.270181951574552,35.56444316673313,0.03350830078124829,0.004369099934895611,0.0019276936848957352,0.002929687499999851,0.1119995117187443,0.11036682128905688,0.040049235026039624,0.028182983398436064,0.3333333333333164,0.0,0.0,0.0,0.0,0.03058878580729011,0.19114685058592776,0.11159769694009848
C:\Users\Fakhri\OneDrive\Documents\SM 6\Prak PC\klasifikasi_jenis_kain_glcm_knn\dataset\Silk\silk_182.png,Silk,24.879955786657927,11.877647606305999,3.5482780628530137,0.9752883831452658,0.29369584145001537,0.06557647925384003,0.04853955944513363,0.006794893705630996,0.905615215448031,0.045171088088693113,0.002402259411598485,0.0006778148145726541,188.5655059814453,185.3710174560547,180.27552795410156,42.987957848672046,47.067930390703445,49.10241984628858,43.82872009277344,16.596649169921875,189.6932373046875,42.8478569898292,14.937946302897085,43.77982396598363,0.16239929199217923,0.06548563639322583,0.029693603515623487,0.015324910481770053,0.02527872721354038,0.013692220052082637,0.011662801106770239,0.0097961425781245,0.3332773844400872,5.594889322916382e-05,0.0,0.0,0.0,0.037251790364581434,0.12055460611978552,0.1755269368489494
C:\Users\Fakhri\OneDrive\Documents\SM 6\Prak PC\klasifikasi_jenis_kain_glcm_knn\dataset\Cotton\cotton_098.png,Cotton,18.871186696962894,10.799267268955827,3.2257284207762105,1.0285305490586716,0.28358128995256954,0.07729787057936924,0.06829543674760286,0.009722877134879513,0.6665549970928238,0.19063718194643559,0.004758801020325785,0.0013654308631342624,58.607879638671875,67.61952209472656,57.68510437011719,19.954360497196223,21.97713523218125,21.077874704215816,57.56260681152344,42.676025390625,67.61978149414062,7.6725682328296205,13.065316875303472,21.97690608735172,1.017252604166615e-05,0.008961995442707878,0.2882334391275895,0.035924275716144004,0.00020345052083332296,0.0,0.0,0.0,0.3044942220051928,0.028839111328123532,0.0,0.0,0.15551249186197125,0.1748504638671786,0.0029703776041665156,0.0
C:\Users\Fakhri\OneDrive\Documents\SM 6\Prak PC\klasifikasi_jenis_kain_glcm_knn\dataset\Denim\denim_101.png,Denim,11.610967462388118,6.282339407275035,2.040455362012064,0.624789246727348,0.47679064889391415,0.08002719390549777,0.16038620555710006,0.019949042723702962,0.7399908608090026,0.14050833497196813,0.026121699238596488,0.006435065903480047,25.536895751953125,29.909820556640625,32.55717468261719,17.48567388723777,19.12642052632446,21.237741957393435,96.79409790039062,57.861785888671875,32.828643798828125,16.28141942476309,19.64321658725912,21.04982103641069,0.003290812174478999,0.0014088948567707615,0.006561279296874666,0.04903157552083084,0.25093587239582055,0.021448771158853075,0.0005086263020833075,0.00014750162760415915,0.19808451334634408,0.13511657714843062,0.00013224283854165994,0.0,0.308207194010401,0.02308146158854049,0.002009073893229064,3.560384114583152e-05
C:\Users\Fakhri\OneDrive\Documents\SM 6\Prak PC\klasifikasi_jenis_kain_glcm_knn\dataset\Nylon\nylon_035.png,Nylon,43.68495074038329,25.312152609857318,4.168905994822627,1.3677371137461705,0.3274503915894675,0.07464861598786608,0.09039853128645108,0.014050665490859496,0.7585013407421105,0.13977156123661424,0.008369315659483506,0.002595198980070812,59.67242431640625,63.73222351074219,67.46934509277344,37.10052271165356,37.81531049699967,41.25875528800568,99.48208618164062,33.42039489746094,67.81257629394531,19.409327645518704,15.598745863052448,41.027317320510384,0.004063924153645627,0.003234863281249835,0.009160359700520367,0.03843688964843554,0.2230936686197803,0.05135599772135155,0.003153483072916506,0.0008341471354166242,0.3180033365885255,0.015329996744790885,0.0,0.0,0.19340006510415683,0.10822550455728616,0.026148478190102836,0.00555928548177055
C:\Users\Fakhri\OneDrive\Documents\SM 6\Prak PC\klasifikasi_jenis_kain_glcm_knn\dataset\Silk\silk_078.png,Silk,102.00125663012977,53.47602125301003,7.520893341934483,2.34558434935631,0.14846352148062167,0.05327757629857275,0.03345121842723683,0.004505753112229797,0.4687767881450154,0.27784298902863575,0.0011392858253750776,0.0003273922035099245,165.89964294433594,160.5819549560547,141.77169799804688,37.01513464443225,39.80087763520003,42.47940033595217,26.85406494140625,40.933135986328125,166.1944122314453,14.636522381745245,20.195066564119657,37.40811537422183,0.1184438069661398,0.19753011067707327,0.004933675130208082,0.0036621093749998135,0.0077616373697912714,0.0007781982421874604,0.00014241536458332608,8.13802083333292e-05,0.2894694010416519,0.04386393229166443,0.0,0.0,0.0,0.05286153157551814,0.19144694010415692,0.0890248616536413
C:\Users\Fakhri\OneDrive\Documents\SM 6\Prak PC\klasifikasi_jenis_kain_glcm_knn\dataset\Nylon\nylon_005.png,Nylon,6.8624169275773435,2.932334553253606,1.8793936938126425,0.45778447786864146,0.43147114735315206,0.0697769165920929,0.12154483535855147,0.012078265185743987,0.7816451460686459,0.09320576147283004,0.014919031492234535,0.003000478391362758,31.542282104492188,36.40107727050781,37.59919738769531,14.677372898844357,15.989300337404469,18.041246043562655,90.31254577636719,45.07508850097656,38.17707824707031,17.942988124283016,14.908844466726276,17.516797535706488,0.003992716471353963,0.0034688313802081565,0.018702189127603214,0.07884724934895432,0.21986389160155131,0.007980346679687094,0.0003306070963541498,0.00014750162760415915,0.2943776448567558,0.038955688476560515,0.0,0.0,0.301503499348943,0.031829833984373376,0.0,0.0
C:\Users\Fakhri\OneDrive\Documents\SM 6\Prak PC\klasifikasi_jenis_kain_glcm_knn\dataset\Wool\wool_005.png,Wool,21.942879950716332,10.166501649392663,3.3782106160022756,0.8882610756952392,0.28327024836972503,0.06530212929961916,0.05570508374658411,0.007274900762195517,0.7708395758959505,0.10618115168876463,0.003155980536313742,0.0008353598684197837,127.23637390136719,142.58026123046875,172.18846130371094,26.82666476097815,28.3077261432815,27.817202824622687,109.67855834960938,67.6572265625,172.18846130371094,1.8299624771393268,14.616866988516984,27.817202824622687,0.0,0.0,0.0,0.0,0.31893920898435874,0.0143941243489576,0.0,0.0,0.1303151448567642,0.20301818847655217,0.0,0.0,0.0,0.019673665364582333,0.22631327311196764,0.08734639485676639
C:\Users\Fakhri\OneDrive\Documents\SM 6\Prak PC\klasifikasi_jenis_kain_glcm_knn\dataset\Wool\wool_017.png,Wool,3.5157320941089534,1.8603056723944142,1.2957756998417553,0.3897610790337454,0.5354909939376968,0.08528501523304963,0.1320818210581573,0.017269761255928356,0.8586671367594496,0.07490615528046364,0.017743852107875848,0.004626254862871216,31.178878784179688,37.19206237792969,44.6962890625,12.793296157547404,14.193500885597846,17.19455241386986,105.81852722167969,77.70082092285156,44.715423583984375,6.505550355545397,16.52941630335995,17.16541845472394,0.00014750162760415915,1.017252604166615e-05,0.00014241536458332608,0.00425211588541645,0.3019816080729013,0.026662190755206976,0.00011698404947916071,2.03450520833323e-05,0.058593749999997016,0.2743886311848819,0.0003509521484374821,0.0,0.28555806477863127,0.047770182291664236,5.086263020833075e-06,0.0
C:\Users\Fakhri\OneDrive\Documents\SM 6\Prak PC\klasifikasi_jenis_kain_glcm_knn\dataset\Silk\silk_110.png,Silk,67.22323237806124,30.299605177765816,5.88937211814189,1.5752130016671353,0.19122677218584824,0.054295916003174384,0.05026631573471973,0.006843509041169293,0.4631390146327217,0.2414637516124778,0.0025735361135390974,0.0007132787914899811,63.448516845703125,71.74252319335938,87.573974609375,29.691789445407807,31.85353552541218,35.81325869647012,109.54786682128906,73.55830383300781,87.57431030273438,2.9610710767755233,17.50582667589729,35.81349404095257,0.0,0.0,0.0,9.663899739582841e-05,0.2894134521484228,0.043823242187497766,0.0,0.0,0.0845794677734332,0.24866231282550816,9.155273437499534e-05,0.0,0.10008748372395324,0.18620808919269885,0.04308064778645614,0.003957112630208132
C:\Users\Fakhri\OneDrive\Documents\SM 6\Prak PC\klasifikasi_jenis_kain_glcm_knn\dataset\Denim\denim_081.png,Denim,13.667908654940787,7.775384627439776,2.5328786931985556,0.7984168477735211,0.3753252666150601,0.08194067848938912,0.11053332518022506,0.014613063719842306,0.687480122283625,0.1775957281719886,0.012431157606677547,0.00328468387903252,29.93914794921875,37.93315124511719,46.13275146484375,16.77615151560095,19.022246391590247,22.15462913010127,104.32388305664062,92.40496826171875,46.145904541015625,4.908944538734485,19.479785376247264,22.13900429514938,5.086263020833075e-06,5.086263020833075e-06,2.03450520833323e-05,0.003194173177083171,0.3256683349609209,0.0044301350911456075,1.017252604166615e-05,0.0,0.026479085286456986,0.29742431640623485,0.00942993164062452,0.0,0.26790873209634053,0.06400553385416341,0.0014190673828124278,0.0
C:\Users\Fakhri\OneDrive\Documents\SM 6\Prak PC\klasifikasi_jenis_kain_glcm_knn\dataset\Cotton\cotton_118.png,Cotton,1.2987783506234531,0.6718671664589707,0.6846619831922361,0.21652581276069488,0.7139233098210981,0.06915308404862187,0.340668703065741,0.02808164380907051,0.8814139896704134,0.06185293941500239,0.11684374396751351,0.01920883058791081,241.2772216796875,248.25564575195312,247.39671325683594,11.11444169339766,9.141991176509816,6.132390575696934,78.09700012207031,8.5537109375,249.6029052734375,16.002767500051167,5.314479952586412,7.126460418229332,0.0,0.0,0.1206410725911397,0.107955932617182,0.10473632812499467,0.0,0.0,0.0,0.3333333333333164,0.0,0.0,0.0,0.0,0.0,0.0,0.3333333333333164
C:\Users\Fakhri\OneDrive\Documents\SM 6\Prak PC\klasifikasi_jenis_kain_glcm_knn\dataset\Wool\wool_192.png,Wool,26.178837743731734,17.57903385634463,3.6584970473750698,1.4463336689111972,0.2852370545887624,0.10636718272518951,0.06839201705388318,0.013467741374109537,0.6647010361036645,0.22465729380899357,0.0048588480544185485,0.002012796907888405,100.94111633300781,50.77996826171875,55.661346435546875,28.378028410347813,23.554224686550562,25.515197390837685,163.75640869140625,132.54522705078125,100.94111633300781,46.111473570192935,26.7824253665778,28.378028410347813,0.024597167968748748,0.0,0.0,0.0,0.0,0.0,0.0,0.3087361653645676,0.0012410481770832702,0.1434173583984302,0.18863932291665705,3.560384114583152e-05,0.022822062174478006,0.24650573730467495,0.06387329101562175,0.00013224283854165994
C:\Users\Fakhri\OneDrive\Documents\SM 6\Prak PC\klasifikasi_jenis_kain_glcm_knn\dataset\Nylon\nylon_007.png,Nylon,9.702490689956685,4.305286532054549,2.261621549633492,0.5659454058521951,0.3889745806684664,0.0671106552442117,0.11307475389768179,0.011901430129927972,0.7561395650558086,0.10802575674259425,0.01292754400815886,0.002743476438977045,33.27476501464844,36.69859313964844,38.42454528808594,16.749726390081385,17.92339014473298,20.05094405786513,91.98504638671875,37.145965576171875,38.85914611816406,25.021887191906377,15.474938438806277,19.664543123426622,0.011286417643228592,0.006413777669270507,0.018305460611978235,0.05351257324218477,0.2107747395833226,0.029871622721352645,0.002202351888020721,0.0009663899739582841,0.31497192382810896,0.0183614095052074,0.0,0.0,0.2866465250650896,0.04668680826822679,0.0,0.0
C:\Users\Fakhri\OneDrive\Documents\SM 6\Prak PC\klasifikasi_jenis_kain_glcm_knn\dataset\Nylon\nylon_186.png,Nylon,11.780099997728987,7.0453597657739895,2.6208624579176862,0.8544518437056337,0.3184287825481922,0.08492176983056818,0.0755874220287535,0.01081679931358834,0.7618528923429403,0.14261355572046205,0.005830461516343337,0.0016744571679336078,166.0085906982422,202.45115661621094,220.97799682617188,19.31634114445238,20.669043901406468,18.3083059134493,100.005615234375,63.9139404296875,220.97994995117188,2.0422849805546637,8.284398929636213,18.310979954964495,0.0,0.0,0.0,0.0003814697265624806,0.3329518636067539,0.0,0.0,0.0,0.15165710449217978,0.18167622884113657,0.0,0.0,0.0,0.0,0.027440388997394437,0.3058929443359219
C:\Users\Fakhri\OneDrive\Documents\SM 6\Prak PC\klasifikasi_jenis_kain_glcm_knn\dataset\Silk\silk_043.png,Silk,97.53171695683807,39.70554833465467,7.367190748223156,1.898340607030577,0.15379492120501362,0.05497173022999077,0.03526570305803044,0.0049519633722146725,0.44474238384374004,0.22531744578270646,0.001268191753416933,0.00040286256433456316,89.0802001953125,116.32005310058594,145.75558471679688,34.873510287668786,38.60614479575821,40.52269626137287,105.50697326660156,103.42713928222656,145.75570678710938,1.9953666928129472,25.455086469242886,40.52266235496542,2.03450520833323e-05,0.0,0.0,3.560384114583152e-05,0.333251953124983,2.543131510416537e-05,0.0,0.0,0.024785359700519573,0.2571105957031119,0.05143229166666405,5.086263020833075e-06,0.0009460449218749519,0.11456298828124417,0.17172241210936626,0.04610188802083098
C:\Users\Fakhri\OneDrive\Documents\SM 6\Prak PC\klasifikasi_jenis_kain_glcm_knn\dataset\Nylon\nylon_097.png,Nylon,7.203656991071568,5.177370071826614,1.9483374870748105,0.7973127886681344,0.41267178083619543,0.12439925028435826,0.11248533666247108,0.019380677956301745,0.6990771285918246,0.21625205296149513,0.013028561642115346,0.004666780719780748,38.60475158691406,46.04254150390625,52.50740051269531,12.966217090954917,14.00500692713285,14.941200678088624,103.74470520019531,69.7279052734375,52.50874328613281,3.570534009780242,13.66994852880176,14.939353407835352,1.017252604166615e-05,0.0,5.086263020833075e-06,0.0002950032552083183,0.33161417643227475,0.0014088948567707615,0.0,0.0,0.11406453450520253,0.21926879882811384,0.0,0.0,0.25780741373696603,0.07552591959635033,0.0,0.0
C:\Users\Fakhri\OneDrive\Documents\SM 6\Prak PC\klasifikasi_jenis_kain_glcm_knn\dataset\Nylon\nylon_051.png,Nylon,4.732591717911872,1.867383342875439,1.5510791764459837,0.3448717417209762,0.4860374468183055,0.06320499952319093,0.11534275009720552,0.00953303507342604,0.9616998787071062,0.01517788141099686,0.013394828757697576,0.0022266221517659025,211.9632110595703,215.33851623535156,175.49911499023438,30.1199451310134,30.998550139319324,38.24701034706361,32.92095947265625,49.43489074707031,215.38909912109375,2.0353345728780923,17.378307078885594,30.930942519477696,0.0,0.3330535888671705,0.0002797444661458191,0.0,0.0,0.0,0.0,0.0,0.2566782633463411,0.07665506998697526,0.0,0.0,0.0,0.0,0.08099873860676671,0.2523345947265497
C:\Users\Fakhri\OneDrive\Documents\SM 6\Prak PC\klasifikasi_jenis_kain_glcm_knn\dataset\Nylon\nylon_198.png,Nylon,59.894693533539844,29.788229116275016,5.682062315484675,1.657915036486561,0.1985895633307486,0.05724113576410253,0.04331140724176991,0.006537625200919109,0.6135660594739151,0.19202368415464796,0.0019186185405301317,0.0005825737076454265,82.63511657714844,88.620849609375,95.33287048339844,33.91921949684327,35.34617985417976,37.64602052251549,105.0797119140625,35.688323974609375,95.35591125488281,7.061594228768183,11.139937211347954,37.6226439631022,0.00022888183593748834,9.663899739582841e-05,0.0002695719401041529,0.00464884440104143,0.3036397298176929,0.024124145507811272,0.0003000895182291514,2.543131510416537e-05,0.3263397216796709,0.006993611653645477,0.0,0.0,0.08160400390624585,0.18414815266926146,0.06628926595051746,0.0012919108072916008
C:\Users\Fakhri\OneDrive\Documents\SM 6\Prak PC\klasifikasi_jenis_kain_glcm_knn\dataset\Silk\silk_037.png,Silk,60.01002804451332,23.749733694346002,5.644159969227612,1.3777240840019442,0.19273154115687455,0.0568204367155392,0.05254038951323484,0.0057808515286413495,0.26480677120855217,0.2900890832306487,0.0027939107745986323,0.000679134474151901,56.98890686035156,70.10195922851562,102.53507995605469,24.152645083224,25.61322099359066,29.738382934254055,111.35342407226562,117.56146240234375,102.53507995605469,1.5216134494661604,23.37524754338154,29.738382934254055,5.086263020833075e-06,0.0,0.0,0.0,0.2690785725911321,0.0642496744791634,0.0,0.0,0.007832845052082935,0.21850077311196803,0.10690816243489039,9.155273437499534e-05,0.023117065429686324,0.2451426188150917,0.0630340576171843,0.002039591471354063
C:\Users\Fakhri\OneDrive\Documents\SM 6\Prak PC\klasifikasi_jenis_kain_glcm_knn\dataset\Wool\wool_059.png,Wool,20.121429391488565,11.620107554382738,3.164513122654944,0.9909970909667725,0.3051894777509334,0.07525362501706263,0.05718093835348972,0.008737284194358071,0.8505690864477171,0.08627476600320111,0.003345999846078571,0.0010272445957928906,98.98548889160156,103.58334350585938,111.09745788574219,31.424732978564272,32.97816780329807,35.447027639006805,108.632080078125,27.627883911132812,111.10415649414062,6.6705057449925125,6.858730088000012,35.438365252190636,0.00022379557291665527,2.543131510416537e-05,0.000137329101562493,0.0013224283854165993,0.2629699707031116,0.06793212890624654,0.0006561279296874666,6.612141927082997e-05,0.3332875569661289,4.577636718749767e-05,0.0,0.0,0.02085876464843644,0.21548461914061404,0.08787027994791219,0.009119669596353703
C:\Users\Fakhri\OneDrive\Documents\SM 6\Prak PC\klasifikasi_jenis_kain_glcm_knn\dataset\Wool\wool_144.png,Wool,31.850801128134773,19.07895424237663,4.057467053798777,1.3984992097264202,0.25422634070521744,0.08087100951713182,0.058561734739085304,0.009262749986413008,0.6353525411294098,0.21818116166373466,0.0035152753129617837,0.0011116945881597428,52.94841003417969,66.76934814453125,104.582763671875,23.543973832652803,26.73230178372175,32.98642129753344,112.04209899902344,130.3661651611328,104.582763671875,1.5758843200252795,21.280056916454157,32.98642129753344,0.0,0.0,0.0,0.0,0.2131856282551975,0.12014770507811888,0.0,0.0,0.000956217447916618,0.15268961588540889,0.17967732747394918,1.017252604166615e-05,0.026906331380206962,0.22720845540363427,0.07627868652343361,0.002939860026041517
C:\Users\Fakhri\OneDrive\Documents\SM 6\Prak PC\klasifikasi_jenis_kain_glcm_knn\dataset\Denim\denim_064.png,Denim,13.213514450683101,7.096373929825256,2.506239718206202,0.7381831144454486,0.37748075152177996,0.07485123070686263,0.09821025275074663,0.012876042936623661,0.7597277745696648,0.12909797480603316,0.009811046227071308,0.002575813839286908,32.33612060546875,37.805511474609375,43.83851623535156,19.562555354831456,21.110934496521267,24.03458075444176,103.70736694335938,70.41206359863281,43.91778564453125,9.684624922437719,20.78413514635131,23.94428175959716,0.0004831949869791421,0.00016784667968749146,0.0012257893880207708,0.016342163085936667,0.28759256998696453,0.027353922526040273,0.00014241536458332608,2.543131510416537e-05,0.12269592285155625,0.20922851562498934,0.0014088948567707615,0.0,0.2695465087890488,0.06168619791666353,0.00210062662760406,0.0
C:\Users\Fakhri\OneDrive\Documents\SM 6\Prak PC\klasifikasi_jenis_kain_glcm_knn\dataset\Cotton\cotton_046.png,Cotton,7.671673731438052,5.976340584072674,1.9425145443565295,0.8404560886242307,0.4342584373263925,0.12444257111683892,0.11570734338086698,0.02347595396419532,0.8026177560930413,0.1538936911687838,0.013939309726786883,0.005887098149806428,227.54202270507812,233.89889526367188,213.63961791992188,16.970253565120288,16.92126546252867,23.956790331309776,41.520233154296875,22.721969604492188,233.89906311035156,6.0123610905482945,10.873885180034918,16.920646498601478,0.0,0.25359598795571625,0.07937622070312096,0.00036112467447914825,0.0,0.0,0.0,0.0,0.3332977294921705,3.560384114583152e-05,0.0,0.0,0.0,0.0,0.005050659179687242,0.3282826741536291
C:\Users\Fakhri\OneDrive\Documents\SM 6\Prak PC\klasifikasi_jenis_kain_glcm_knn\dataset\Cotton\cotton_007.png,Cotton,54.38734055407903,30.118813821281158,5.274424794689709,1.608939575729783,0.20441215848003633,0.05589788972773719,0.03493401017193181,0.004941627027862079,0.8636299776583994,0.0754811070452822,0.001244804744375132,0.0003539057385247627,124.76148986816406,127.90809631347656,134.26663208007812,56.10140731167814,56.307954013430304,58.07478731336976,110.61422729492188,21.374282836914062,134.3125457763672,13.916253914878222,11.426544590073023,58.059434249275206,0.0019276936848957352,0.00037129720052081445,0.0006357828776041343,0.0026041666666665342,0.2088063557942602,0.10679117838541123,0.010050455729166154,0.0021464029947915572,0.33222961425779557,0.001103719075520777,0.0,0.0,0.05364481608072644,0.09235636393228697,0.12008158365884805,0.06725056966145491
C:\Users\Fakhri\OneDrive\Documents\SM 6\Prak PC\klasifikasi_jenis_kain_glcm_knn\dataset\Wool\wool_068.png,Wool,20.79990447279384,10.541496266447707,3.1725768467265105,0.9181052243553898,0.30518384493951056,0.07467785259419167,0.06518442797276199,0.00958499356014614,0.7470115385951198,0.1280859406970027,0.00434088175168424,0.0013172740301469628,63.442230224609375,67.1143798828125,72.24165344238281,25.001243036596374,25.567396254346722,27.64547590233552,105.48445129394531,32.55924987792969,72.32588195800781,14.071773285679265,12.884866098018557,27.581216944185083,0.002273559570312384,0.001088460286458278,0.002120971679687392,0.01073710123697862,0.2412363688150919,0.07344055175780877,0.0018768310546874044,0.0005594889322916382,0.32710774739581666,0.006225585937499683,0.0,0.0,0.1350657145182223,0.18555704752603222,0.012232462565103543,0.000478108723958309
C:\Users\Fakhri\OneDrive\Documents\SM 6\Prak PC\klasifikasi_jenis_kain_glcm_knn\dataset\Cotton\cotton_152.png,Cotton,15.975465093072964,7.855377328623325,2.9837316126122015,0.811129978174595,0.29749062867265014,0.07272221222185792,0.07296874017291297,0.009638208343986467,0.6455109897230507,0.1743406643049933,0.005417332102504171,0.0015217541590095247,135.87022399902344,68.06486511230469,76.95925903320312,23.334609852201154,17.11633672328837,19.343062616197734,174.2478485107422,128.780517578125,135.87022399902344,17.698486882712277,13.44337340119614,23.334609852201154,0.0033874511718748274,0.0,0.0,0.0,0.0,0.0,0.0,0.32994588216144155,3.0517578124998445e-05,0.14965311686197155,0.1836496988932198,0.0,0.0,0.11912536621093144,0.21201578776040586,0.002192179361979055
C:\Users\Fakhri\OneDrive\Documents\SM 6\Prak PC\klasifikasi_jenis_kain_glcm_knn\dataset\Nylon\nylon_146.png,Nylon,5.206136181642186,2.9307178372975664,1.7429648007525065,0.5445181592500332,0.42080319343116396,0.09382029261969162,0.11770015664856696,0.015039529931212508,0.7105642788148478,0.1629410582979726,0.014079514335649038,0.0036219063639410295,54.69392395019531,58.34733581542969,57.81451416015625,11.324166482736189,12.14810753346508,12.769077305647127,82.04437255859375,18.60675048828125,58.88175964355469,20.025179829869742,6.999711356161756,12.382199287031327,0.005950927734374697,0.008117675781249587,0.04003397623697713,0.1270090738932227,0.14564005533853425,0.006057739257812191,0.0004069010416666459,0.00011698404947916071,0.3333333333333164,0.0,0.0,0.0,0.21241251627603086,0.12092081705728551,0.0,0.0
C:\Users\Fakhri\OneDrive\Documents\SM 6\Prak PC\klasifikasi_jenis_kain_glcm_knn\dataset\Wool\wool_105.png,Wool,23.57183658007268,13.701020588384775,3.53499550525863,1.144300823653389,0.2726582217278826,0.07654707820446531,0.046635196743983365,0.007429969778929431,0.854542326713954,0.08475890185255575,0.0022300460262658405,0.0007170614387426095,166.84042358398438,161.70370483398438,153.12890625,34.02159042369039,36.5719323229411,38.92532025881067,23.00848388671875,23.628982543945312,167.03375244140625,18.53299195533832,13.96298868281012,34.276708581066345,0.23717244466144627,0.0785064697265585,0.0072631835937496305,0.003295898437499832,0.0029805501302081817,0.0013020833333332671,0.001083374023437445,0.0017293294270832452,0.3328501383463372,0.0004831949869791421,0.0,0.0,0.0,0.04796346028645589,0.19650777180988582,0.08886210123697465
C:\Users\Fakhri\OneDrive\Documents\SM 6\Prak PC\klasifikasi_jenis_kain_glcm_knn\dataset\Nylon\nylon_145.png,Nylon,7.509736454401204,4.897362513180083,2.0514096258408077,0.7554248026077419,0.38546337851616275,0.11085208395604042,0.10065786187893822,0.01563858976214292,0.7087648530014561,0.1899963705942257,0.010376570647788002,0.003223319208753649,48.050048828125,51.48191833496094,50.45256042480469,13.759974986122234,14.470423860603942,15.022994922439102,77.43217468261719,19.781753540039062,51.776123046875,21.258564205294444,8.649080949480508,14.597893673928722,0.008911132812499546,0.01138305664062442,0.052149454752601514,0.1493835449218674,0.10527038574218214,0.005635579427083046,0.00044759114583331055,0.00015258789062499222,0.3332163492838372,0.00011698404947916071,0.0,0.0,0.25824483235675766,0.07508850097655867,0.0,0.0
C:\Users\Fakhri\OneDrive\Documents\SM 6\Prak PC\klasifikasi_jenis_kain_glcm_knn\dataset\Denim\denim_062.png,Denim,14.154092512189386,8.207213099075656,2.5393919291356744,0.8015095934939288,0.38195314688529597,0.07817598019448178,0.10512775899785436,0.014077358577606289,0.7528610478128744,0.14326609062530626,0.011250017736433452,0.003007328573094027,33.20989990234375,40.80686950683594,47.32293701171875,19.77361831060507,21.672153303505556,24.079425789543052,102.82675170898438,80.32431030273438,47.35292053222656,5.764935461847734,18.730934768702816,24.045873764962217,3.0517578124998445e-05,5.086263020833075e-06,0.00014241536458332608,0.006718953450520491,0.32284037272133775,0.0035807291666664844,1.017252604166615e-05,5.086263020833075e-06,0.06211344401041351,0.2701670328775904,0.0010528564453124464,0.0,0.26602681477863227,0.06366984049478842,0.0036315917968748153,5.086263020833075e-06
C:\Users\Fakhri\OneDrive\Documents\SM 6\Prak PC\klasifikasi_jenis_kain_glcm_knn\dataset\Nylon\nylon_196.png,Nylon,22.931261394697486,12.875143995169681,3.5188618198508834,1.1251796221206543,0.2726484786996808,0.0784630014164576,0.06648934499923854,0.009370311229235009,0.609700646262548,0.21907325782616094,0.0045086357309604965,0.0012690989793453606,48.40559387207031,56.99952697753906,75.40927124023438,19.96362655769337,21.96119144831949,24.964648628273807,110.52334594726562,95.27255249023438,75.40931701660156,2.592509235599392,19.948759306137323,24.96457178130534,0.0,0.0,0.0,1.017252604166615e-05,0.2646993001301949,0.068618774414059,5.086263020833075e-06,0.0,0.011708577473957737,0.2986348470051931,0.022989908854165495,0.0,0.11682128906249405,0.20617167154946867,0.01034037272135364,0.0
C:\Users\Fakhri\OneDrive\Documents\SM 6\Prak PC\klasifikasi_jenis_kain_glcm_knn\dataset\Nylon\nylon_157.png,Nylon,8.449573995794564,4.047702332095227,2.1572103509158187,0.5865387133380044,0.38174327278508974,0.07920970712263693,0.10478313538964133,0.011772610741158939,0.603136745506348,0.18984122792609634,0.01111809982574676,0.002510842943746251,32.955963134765625,38.864501953125,42.58848571777344,11.944293682536543,13.32034731102475,14.566037446364106,100.7911376953125,58.8214111328125,42.62971496582031,6.678966852542998,12.643604912234206,14.516950128027338,9.663899739582841e-05,0.0,0.00012207031249999378,0.01007588704427032,0.31700134277342135,0.006001790364583028,3.0517578124998445e-05,5.086263020833075e-06,0.21150716145832257,0.1218261718749938,0.0,0.0,0.3065694173176927,0.026763916015623637,0.0,0.0
C:\Users\Fakhri\OneDrive\Documents\SM 6\Prak PC\klasifikasi_jenis_kain_glcm_knn\dataset\Denim\denim_003.png,Denim,26.74231291464537,19.98882864647887,3.616137990561043,1.410253398451501,0.2851250038288529,0.08823489747046155,0.053567426725120604,0.009572861253206996,0.8718848919101307,0.09554798435996947,0.0029611088785243167,0.001086464335534577,67.80888366699219,78.171630859375,91.98072814941406,38.08759957671716,41.41851261080097,45.55645011178343,106.96551513671875,71.21865844726562,91.982177734375,3.4209564268319173,19.681343060235598,45.55431857586907,3.560384114583152e-05,0.0,5.086263020833075e-06,0.00036112467447914825,0.3236999511718585,0.009221394856770364,5.086263020833075e-06,5.086263020833075e-06,0.11747741699218152,0.2152201334635307,0.0006357828776041343,0.0,0.1008351643880157,0.16644287109374153,0.05281575520833064,0.013239542643228493
C:\Users\Fakhri\OneDrive\Documents\SM 6\Prak PC\klasifikasi_jenis_kain_glcm_knn\dataset\Wool\wool_021.png,Wool,5.1979523797819995,2.6192138135451373,1.5253188032194167,0.43967612330537703,0.5057912876047008,0.08025423156142493,0.1332251507962776,0.016696514645417965,0.8093834120555785,0.09605147418526155,0.018027714405995567,0.004510719255943295,30.051376342773438,35.71575927734375,42.849884033203125,13.472488070584065,14.81530846544977,17.974273590172384,105.70254516601562,77.05172729492188,42.87255859375,7.059519359736138,17.548175286285627,17.94505299242283,0.00020345052083332296,1.017252604166615e-05,0.0001576741536458253,0.0051879882812497355,0.2966562906900891,0.030980428059894257,0.00011698404947916071,2.03450520833323e-05,0.06644185384114246,0.26626586914061146,0.0006256103515624681,0.0,0.2870483398437354,0.04614766438801848,0.000137329101562493,0.0
C:\Users\Fakhri\OneDrive\Documents\SM 6\Prak PC\klasifikasi_jenis_kain_glcm_knn\dataset\Nylon\nylon_170.png,Nylon,4.097621594888909,2.2221179471680306,1.4959186108911313,0.45043550772503005,0.4742245774448464,0.09054484271822567,0.11659546174733389,0.01558363448758966,0.8077733920433093,0.10432139655418948,0.01383735136391679,0.0037508650299027447,91.99453735351562,44.56312561035156,49.937225341796875,15.089802818931998,12.061893332822558,14.08277929328141,170.51351928710938,133.5446319580078,91.99453735351562,31.848822646933304,16.552319178750885,15.089802818931998,0.011255900065103594,0.0,0.0,0.0,0.0,0.0,0.0,0.32207743326821275,0.0,0.13377888997395151,0.19955444335936484,0.0,0.00802612304687459,0.3238016764322752,0.00150553385416659,0.0
C:\Users\Fakhri\OneDrive\Documents\SM 6\Prak PC\klasifikasi_jenis_kain_glcm_knn\dataset\Wool\wool_055.png,Wool,33.00405699418065,15.030510417449852,4.050982368831774,1.0509674535404447,0.25454325633314295,0.05975880079732857,0.054113237890593184,0.00693011415263823,0.705375884222548,0.13399259035145453,0.0029762689971725258,0.0007748717665672729,95.39219665527344,98.57437133789062,104.56913757324219,29.07057504202718,29.990465178422394,31.63256811425747,109.18693542480469,22.783981323242188,104.60032653808594,11.293005133127222,7.698172080905282,31.615244535301954,0.0012359619140624371,0.00047302246093747593,0.0008697509765624558,0.003479003906249823,0.2171885172525931,0.10692850748697372,0.0028228759765623565,0.0003356933593749829,0.3333079020182122,2.543131510416537e-05,0.0,0.0,0.02191670735676972,0.24135335286457105,0.06550598144530917,0.0045572916666664345
C:\Users\Fakhri\OneDrive\Documents\SM 6\Prak PC\klasifikasi_jenis_kain_glcm_knn\dataset\Denim\denim_017.png,Denim,7.758290953976117,4.111753057654893,1.8043727806380134,0.5333346140755832,0.4713088463602479,0.08071339251192695,0.14164461003276135,0.017859747103429535,0.7533105320258117,0.13058069178256487,0.0203821661179315,0.005169974861644638,24.514358520507812,30.147262573242188,36.103363037109375,14.161159171713525,16.09357164309493,19.053748879299512,103.85585021972656,83.08822631835938,36.144866943359375,8.008669177707146,19.823264630436213,19.009442295360294,0.0003509521484374821,4.577636718749767e-05,0.00038655598958331364,0.009679158528645341,0.30518595377602614,0.017567952473957437,0.00010172526041666148,1.5258789062499222e-05,0.047851562499997564,0.2814381917317565,0.0040435791015622944,0.0,0.30559285481769277,0.026870727539061133,0.0008646647135416226,5.086263020833075e-06
C:\Users\Fakhri\OneDrive\Documents\SM 6\Prak PC\klasifikasi_jenis_kain_glcm_knn\dataset\Cotton\cotton_165.png,Cotton,3.0374960990046938,1.5231249550983248,1.2108717185998918,0.34833177316367747,0.549670992773991,0.08295661710184771,0.13729947132094703,0.017422086850852503,0.8384969233560549,0.08107149764426856,0.019154673935250197,0.004858968192397358,33.26951599121094,36.0003662109375,46.35713195800781,11.677699284053247,12.041369014235189,14.92860119516394,113.45832824707031,73.14254760742188,46.358306884765625,5.535896643598173,14.001241530943128,14.92618466770619,0.00012715657552082686,1.017252604166615e-05,1.017252604166615e-05,0.0003153483072916506,0.12019856770832721,0.21248372395832252,0.00018310546874999068,5.086263020833075e-06,0.07580057779947531,0.2575124104817577,2.03450520833323e-05,0.0,0.293884277343735,0.03944905598958132,0.0,0.0
C:\Users\Fakhri\OneDrive\Documents\SM 6\Prak PC\klasifikasi_jenis_kain_glcm_knn\dataset\Wool\wool_173.png,Wool,17.656391041330945,10.41684132071765,2.9895279448758636,1.006257643111082,0.3216291247236813,0.08875941969542593,0.0670720678552627,0.011153089595126552,0.755799463515542,0.14408584465705623,0.004623053693897883,0.0015648372529528383,175.3337860107422,182.9542999267578,187.06423950195312,23.055668155403403,24.345654826686857,25.14872860181183,99.20426940917969,15.975067138671875,187.1553955078125,7.557981489066886,4.6285539483954645,25.045670397378476,0.0003255208333333168,0.00022379557291665527,0.001083374023437445,0.0164082845052075,0.31326293945310907,0.0019429524739582344,7.120768229166304e-05,1.5258789062499222e-05,0.3333333333333164,0.0,0.0,0.0,0.0,0.004511515299478937,0.18126932779946994,0.14755249023436748
C:\Users\Fakhri\OneDrive\Documents\SM 6\Prak PC\klasifikasi_jenis_kain_glcm_knn\dataset\Denim\denim_112.png,Denim,16.363482704080734,8.622472765350492,2.490178067602344,0.7471766847499184,0.4161972659888004,0.0787264956114828,0.12666677532881804,0.016968769176290612,0.7018266437133316,0.15698796758729175,0.016332411099559498,0.0043370377645625575,29.163909912109375,32.65666198730469,37.48834228515625,19.84846280761615,20.97441706302141,23.527797764811044,104.12763977050781,58.94627380371094,37.58967590332031,16.34259194505121,20.858441513394126,23.435438377674117,0.0037078857421873113,0.001083374023437445,0.0036417643229164813,0.01659647623697832,0.2368570963541546,0.06983947753905895,0.0013020833333332671,0.00030517578124998444,0.18886820475259455,0.1443583170572843,0.00010681152343749457,0.0,0.29702250162758903,0.032694498697915,0.0035400390624998196,7.629394531249611e-05
C:\Users\Fakhri\OneDrive\Documents\SM 6\Prak PC\klasifikasi_jenis_kain_glcm_knn\dataset\Cotton\cotton_154.png,Cotton,12.245466881240944,7.289323783187904,2.6065644751332413,0.8447223665529617,0.3291258742918917,0.08560353082663852,0.0791239331951976,0.01175652417666297,0.7259646719063088,0.16310018468448606,0.006398812664994552,0.001927719954448749,139.84576416015625,71.845947265625,82.30467224121094,23.09435620878346,16.917659243190336,19.866837888833697,175.05799865722656,125.2562255859375,139.84576416015625,8.064935878302244,11.886740867827339,23.09435620878346,0.0006815592447916319,0.0,0.0,0.0,0.0,0.0,0.0,0.33265177408852475,0.0,0.18103027343749079,0.15230305989582557,0.0,0.0,0.10296122233072393,0.2265675862630093,0.0038045247395831396
C:\Users\Fakhri\OneDrive\Documents\SM 6\Prak PC\klasifikasi_jenis_kain_glcm_knn\dataset\Denim\denim_158.png,Denim,35.8850646879075,26.00024880505836,4.3268268844915445,1.6153832994140154,0.23585048550400534,0.07339697490309657,0.03970819805103665,0.006769584162205356,0.878559565323043,0.0878562175690148,0.0016225682621895318,0.000566008334010698,102.90425109863281,114.44453430175781,128.3076934814453,46.709522398105605,49.15073803898862,50.59612354624578,106.20146179199219,55.07432556152344,128.30813598632812,2.9488568175068046,16.900383722667375,50.59613306729526,0.0,0.0,0.0,0.00010172526041666148,0.32924397786456655,0.00398763020833313,0.0,0.0,0.22604370117186348,0.10728963216145287,0.0,0.0,0.029622395833331826,0.14674886067707585,0.11088053385416102,0.046081542968747655
C:\Users\Fakhri\OneDrive\Documents\SM 6\Prak PC\klasifikasi_jenis_kain_glcm_knn\dataset\Nylon\nylon_138.png,Nylon,4.46756128549597,3.705711633281289,1.5836077008690832,0.7292914027568094,0.45567435437877374,0.14167875451028814,0.09513975753134957,0.01827932499929742,0.9242604440524316,0.0630263975858123,0.009385707185553925,0.003594670166352094,66.56346130371094,94.86599731445312,138.6261749267578,17.144141895260898,21.961518770507304,33.05582276257477,108.06480407714844,133.27392578125,138.6261749267578,1.0949615017771182,6.044434974301078,33.05582276257477,0.0,0.0,0.0,0.0,0.3333333333333164,0.0,0.0,0.0,0.0,0.04470316569010189,0.2886301676432145,0.0,0.0022888183593748833,0.12134297688801465,0.20632425944009367,0.0033772786458331613
C:\Users\Fakhri\OneDrive\Documents\SM 6\Prak PC\klasifikasi_jenis_kain_glcm_knn\dataset\Wool\wool_183.png,Wool,10.760495462471631,5.14910409107138,2.3195708493042937,0.6539440310918055,0.3913189197739871,0.08046786949231205,0.12566423529463797,0.016454443858632976,0.5582878426369958,0.21140224654782624,0.016062248754883036,0.004221140248495668,26.72015380859375,29.206298828125,34.79835510253906,13.182978354184224,13.903120719632918,16.447185845027576,109.72431945800781,60.822113037109375,34.83204650878906,13.130094737351406,18.908759112359718,16.41826026905076,0.001973470052083233,0.00013224283854165994,0.0004526774088541436,0.0063578287760413426,0.18544006347655306,0.13526916503905562,0.00314331054687484,0.0005645751953124713,0.18104553222655329,0.15188090006509644,0.0004069010416666459,0.0,0.3115132649739425,0.021809895833332222,1.017252604166615e-05,0.0
C:\Users\Fakhri\OneDrive\Documents\SM 6\Prak PC\klasifikasi_jenis_kain_glcm_knn\dataset\Wool\wool_041.png,Wool,8.984561902568945,4.650378907916874,2.1789174004812937,0.6370326553004163,0.38510457893430156,0.08363907961551395,0.10033855039887325,0.013041089762623238,0.6263290915618223,0.19344586394923907,0.010237894718344026,0.002709669186385675,37.95747375488281,43.775146484375,46.99446105957031,13.076434562184797,14.031471061664332,15.331402250906875,99.44612121582031,50.68971252441406,47.13214111328125,9.486023714106018,14.64887671433754,15.224578008686711,0.00046793619791664283,0.00012715657552082686,0.0011444091796874417,0.02586364746093618,0.2926788330077976,0.012797037760416016,0.0002187093098958222,3.560384114583152e-05,0.2700093587239446,0.06332397460937178,0.0,0.0,0.2842458089192564,0.0490722656249975,1.5258789062499222e-05,0.0
C:\Users\Fakhri\OneDrive\Documents\SM 6\Prak PC\klasifikasi_jenis_kain_glcm_knn\dataset\Cotton\cotton_057.png,Cotton,26.498245206415334,17.08919276316655,3.8824951692872687,1.393309617638296,0.23902641907692782,0.0818005130587496,0.049529735384747614,0.008280874498309495,0.7629990914556112,0.15280464347056752,0.002521767569739873,0.0008504590078768107,159.5761260986328,159.0659942626953,146.95457458496094,28.18338996560801,30.42649102045724,31.86574998110971,30.905380249023438,23.240875244140625,160.6337432861328,8.786003167993352,10.949294382568002,29.179079786820378,0.0379994710286439,0.26866658528644466,0.025095621744790388,0.0014902750651040908,6.612141927082997e-05,5.086263020833075e-06,0.0,1.017252604166615e-05,0.3329823811848789,0.0003509521484374821,0.0,0.0,0.0,0.046320597330726805,0.232487996419259,0.05452473958333056
C:\Users\Fakhri\OneDrive\Documents\SM 6\Prak PC\klasifikasi_jenis_kain_glcm_knn\dataset\Silk\silk_013.png,Silk,111.98014838872781,45.94026302790725,8.067370753727772,2.0581745588397684,0.13558468464057233,0.04605250263108062,0.0332881757092517,0.003875387796039859,0.3448119725521881,0.26830750867050407,0.00112312127261971,0.00029079431050579093,157.59017944335938,157.06655883789062,160.50892639160156,36.031190931809604,37.23271723913094,38.350156967858936,107.86634826660156,8.328842163085938,161.2496337890625,44.48430028184164,4.552100671361152,37.789001929901204,0.03760782877603975,0.010126749674478651,0.004404703776041442,0.004653930664062263,0.06714884440103824,0.1312103271484308,0.05075581868489325,0.027425130208331937,0.3333333333333164,0.0,0.0,0.0,0.0,0.07242329915364215,0.18355814615884483,0.0773518880208294
C:\Users\Fakhri\OneDrive\Documents\SM 6\Prak PC\klasifikasi_jenis_kain_glcm_knn\dataset\Silk\silk_080.png,Silk,103.93247465274719,57.02436241110152,7.610871189916593,2.4797883219530137,0.14956166874470447,0.05707887005766242,0.032130630063908684,0.004614085441333599,0.49296847770616675,0.2774196790522607,0.001053667172763679,0.0003272150077870288,172.52317810058594,167.1393585205078,153.68460083007812,38.57527011871088,41.043909190897665,43.16198218599415,26.988449096679688,31.202056884765625,172.89915466308594,20.935834769366313,16.78203030562313,39.004269980103146,0.18352762858071983,0.1251627604166603,0.0048116048177080884,0.0033213297526039974,0.011337280273436922,0.0035298665364581535,0.0010426839192707801,0.0006001790364583028,0.32450866699217096,0.008824666341145385,0.0,0.0,0.0,0.04910786946614333,0.1704254150390538,0.1138000488281192
C:\Users\Fakhri\OneDrive\Documents\SM 6\Prak PC\klasifikasi_jenis_kain_glcm_knn\dataset\Wool\wool_172.png,Wool,41.54180932626573,26.541712222159507,4.668277337462902,1.6805510751572603,0.22322657858174366,0.07960614199686655,0.04650517610242814,0.008135301180596582,0.6837512894021439,0.2020376428939224,0.00222891452961687,0.0008268748361074319,90.63520812988281,89.69110107421875,96.75051879882812,31.643331751678005,32.35800435301033,34.81824778414811,124.09596252441406,20.25244140625,96.82684326171875,18.729900315471202,7.824638625871039,34.74129613475298,0.004155476888020621,0.0003967285156249798,0.0003306070963541498,0.0005544026692708051,0.028778076171873536,0.23052469889321742,0.060526529947913583,0.008066813151041257,0.3332722981770664,6.103515624999689e-05,0.0,0.0,0.059005737304684495,0.20785522460936443,0.0649414062499967,0.0015309651692707554
C:\Users\Fakhri\OneDrive\Documents\SM 6\Prak PC\klasifikasi_jenis_kain_glcm_knn\dataset\Silk\silk_063.png,Silk,32.60361622628626,13.810626551364955,3.8885094584141418,0.9731601294745902,0.300719715439901,0.061342650125858995,0.07849722958111131,0.010514011436216967,0.607754099317726,0.16662410238199393,0.006272359488390598,0.0016984645123784136,70.06137084960938,52.39201354980469,90.22744750976562,27.07385302378772,24.729481148077475,34.27108620487014,136.1702880859375,112.33702087402344,90.82389831542969,11.162527219706044,18.152918801053676,33.758208142347065,5.086263020833075e-06,0.0,0.0,0.0,0.0,0.1546732584635338,0.17072041829426213,0.007934570312499596,0.003972371419270631,0.26091003417967423,0.06845092773437152,0.0,0.07483418782551703,0.20864359537759355,0.04659525553385179,0.003260294596354001
C:\Users\Fakhri\OneDrive\Documents\SM 6\Prak PC\klasifikasi_jenis_kain_glcm_knn\dataset\Cotton\cotton_184.png,Cotton,44.785538444378055,23.880187816632866,4.839444534873843,1.4560958624354379,0.21621305864115725,0.06129277838496,0.04379657179797741,0.006525949790781497,0.7487107829942427,0.13416020451213673,0.001960727721927191,0.0005980652783781964,81.67314147949219,100.31608581542969,127.14335632324219,35.3699079133394,38.64625083878637,42.37618794848492,107.64385986328125,94.54022216796875,127.14338684082031,2.529856173709995,24.419336922234415,42.37615111712571,1.017252604166615e-05,0.0,5.086263020833075e-06,0.0,0.32746887207029585,0.00582377115885387,2.543131510416537e-05,0.0,0.034673055013019066,0.27812194824217334,0.020538330078123956,0.0,0.016021728515624185,0.16002400716145018,0.13061523437499334,0.026672363281248643
C:\Users\Fakhri\OneDrive\Documents\SM 6\Prak PC\klasifikasi_jenis_kain_glcm_knn\dataset\Denim\denim_007.png,Denim,15.475896369710439,8.628176172322764,2.794910338142514,0.854241179890572,0.3306128636372354,0.07725721339395682,0.07930870040760478,0.010811623116695783,0.7127611794661801,0.1599282275681967,0.00640676115476068,0.0017602302759255456,39.721588134765625,49.043792724609375,61.83247375488281,18.803783578625055,21.15282032691046,24.05168617646546,107.33235168457031,94.63975524902344,61.83287048339844,3.1247120178789816,19.4895437451467,24.05119345209428,1.5258789062499222e-05,0.0,0.0,9.155273437499534e-05,0.3210856119791503,0.012125651041666049,1.017252604166615e-05,5.086263020833075e-06,0.02140808105468641,0.2998758951822764,0.012049357096353554,0.0,0.19300842285155267,0.1358184814453056,0.004414876302083108,9.155273437499534e-05
C:\Users\Fakhri\OneDrive\Documents\SM 6\Prak PC\klasifikasi_jenis_kain_glcm_knn\dataset\Denim\denim_105.png,Denim,11.021675269433304,5.705856379536068,2.0191212466077078,0.5855951418703995,0.4686126311683596,0.07617431205870748,0.15177850653022643,0.018446835242141617,0.7061429784110848,0.15187975848705423,0.02337700077499669,0.005719460992216998,25.470977783203125,30.1942138671875,33.965576171875,15.978725021597237,17.508194251113665,19.73177001957822,100.13674926757812,65.34518432617188,34.11328125,13.45289047156662,20.658108207054845,19.61094482946939,0.002120971679687392,0.0006408691406249674,0.0028279622395831895,0.029179890950519347,0.27757263183592334,0.02056376139322812,0.0003509521484374821,7.629394531249611e-05,0.1457824707031176,0.1873677571614488,0.00018310546874999068,0.0,0.3081207275390468,0.023849487304686286,0.0013631184895832639,0.0
C:\Users\Fakhri\OneDrive\Documents\SM 6\Prak PC\klasifikasi_jenis_kain_glcm_knn\dataset\Nylon\nylon_089.png,Nylon,6.215910914655048,4.230936063011241,1.8063328409228194,0.6963599461261905,0.4314944131320666,0.11682575600185391,0.12349226456320449,0.01904954996510485,0.6720260380651681,0.22295364492204503,0.015613224760821517,0.004886088165859591,33.85137939453125,41.1719970703125,47.022796630859375,11.3399631270243,12.517962709501726,13.516436675079108,103.02543640136719,73.17466735839844,47.02577209472656,3.918275624975169,13.699234668341441,13.511357634958829,0.0,0.0,0.0,0.0008036295572916258,0.3312377929687331,0.0012868245442707678,5.086263020833075e-06,0.0,0.08000183105468342,0.25333150227863294,0.0,0.0,0.2933858235676934,0.03994750976562297,0.0,0.0
C:\Users\Fakhri\OneDrive\Documents\SM 6\Prak PC\klasifikasi_jenis_kain_glcm_knn\dataset\Nylon\nylon_070.png,Nylon,2.611872648740921,0.7655560417596201,1.1428338858130196,0.1996721924604794,0.5548642493775272,0.05509794435086964,0.10190878240717628,0.00900447603769416,0.9665271002311197,0.009884914062793898,0.01046648052042661,0.0018821640991477193,97.89242553710938,106.84461975097656,113.12673950195312,23.68801391365531,25.324027673501682,27.4923210663514,101.69158935546875,34.16522216796875,113.14848327636719,5.16554324112211,7.083045955951293,27.47262934259409,2.543131510416537e-05,5.086263020833075e-06,2.543131510416537e-05,0.004765828450520591,0.3257344563801918,0.0027567545572915264,2.03450520833323e-05,0.0,0.3333333333333164,0.0,0.0,0.0,0.0002390543619791545,0.23700968424477958,0.09579976399739096,0.00028483072916665216
C:\Users\Fakhri\OneDrive\Documents\SM 6\Prak PC\klasifikasi_jenis_kain_glcm_knn\dataset\Cotton\cotton_115.png,Cotton,3.052181108184811,1.8920883626679683,1.2629613591749773,0.4268168466387782,0.5256600866088786,0.0982416268970905,0.11664327344751922,0.017334463603017203,0.8955062777761356,0.06501971012645537,0.013906136868957072,0.004146527443881876,42.20164489746094,51.33306884765625,66.80564880371094,13.575215376333915,15.493171306575954,19.01208976741389,108.99539184570312,95.17536926269531,66.80569458007812,2.6182326747507996,11.970550947298658,19.011975064223414,1.017252604166615e-05,0.0,0.0,5.086263020833075e-06,0.3086496988932135,0.024642944335936244,2.543131510416537e-05,0.0,0.0012003580729166056,0.3311055501301915,0.001027425130208281,0.0,0.1481221516927008,0.1850941975911364,0.00011698404947916071,0.0
C:\Users\Fakhri\OneDrive\Documents\SM 6\Prak PC\klasifikasi_jenis_kain_glcm_knn\dataset\Silk\silk_102.png,Silk,23.95116117701207,13.052296866046223,3.678497428982481,1.0902172624029345,0.25320198714532344,0.06507699547738492,0.04737026554561278,0.006965219659561452,0.8648408936399999,0.07360876494060517,0.0022924563427678102,0.0006778144693589286,94.61495971679688,119.07156372070312,162.5487518310547,31.254068068572664,40.72274306160074,39.924264207693525,109.34532165527344,109.05462646484375,162.5491485595703,3.6724692538154113,15.519928180713174,39.925106448796704,0.0,0.0,0.0,5.086263020833074e-05,0.2596944173176951,0.07358805338541292,0.0,0.0,0.0027872721354165247,0.30051167805988055,0.030034383138019306,0.0,0.0,0.07442728678385038,0.16994222005207468,0.0889638264973913
C:\Users\Fakhri\OneDrive\Documents\SM 6\Prak PC\klasifikasi_jenis_kain_glcm_knn\dataset\Denim\denim_122.png,Denim,47.822687518496735,34.4075175985632,5.094633125296024,2.004596850277074,0.203643603978383,0.07927309645620988,0.03814797689983164,0.00709145759569336,0.7740140324368521,0.16242857791919937,0.001505556912381606,0.0005919166208403556,102.99310302734375,114.58250427246094,127.58912658691406,39.76541911216365,41.61397296903357,42.2605988180455,105.70916748046875,52.922698974609375,127.58992004394531,2.9176124389679665,16.7580330300244,42.2605891937557,0.0,0.0,1.5258789062499222e-05,0.00015258789062499222,0.3306274414062332,0.0025227864583332047,1.5258789062499222e-05,0.0,0.2474060058593624,0.08592732747395396,0.0,0.0,0.016871134440103307,0.15845235188801277,0.13036092122395168,0.02764892578124859
C:\Users\Fakhri\OneDrive\Documents\SM 6\Prak PC\klasifikasi_jenis_kain_glcm_knn\dataset\Silk\silk_069.png,Silk,32.07502313240044,13.419003090686942,3.802492716532191,0.942324999605326,0.30113162722804404,0.06133505957426317,0.08435404857235794,0.010659022717056935,0.5869096280010795,0.17331986780950398,0.007229220275830456,0.0018436389273550934,37.495147705078125,53.22662353515625,72.06295776367188,21.879817569719282,25.93037075731642,30.283699429133375,105.49948120117188,128.05477905273438,72.06338500976562,5.309408542086894,23.69406748474092,30.28377613247179,3.0517578124998445e-05,0.0,0.0,0.00010681152343749457,0.3078867594400885,0.025309244791665377,0.0,0.0,0.004542032877603935,0.13684082031249303,0.19193013509113607,2.03450520833323e-05,0.16014099121092934,0.15393066406249217,0.018554687499999056,0.0007069905598957974
C:\Users\Fakhri\OneDrive\Documents\SM 6\Prak PC\klasifikasi_jenis_kain_glcm_knn\dataset\Denim\denim_172.png,Denim,55.02910762344914,38.08256533705491,5.472267011314103,2.0769058787462606,0.1937616352775192,0.06586287292487591,0.03351211689074416,0.005679730968325389,0.830829943368138,0.11698566191635963,0.001155321322371454,0.00038879611340753164,111.65974426269531,121.72705078125,137.73382568359375,50.05195750693774,51.344052757907576,51.90609990768769,108.33387756347656,54.06144714355469,137.73385620117188,2.5487957224759383,20.30387345078766,51.90608536573576,0.0,0.0,0.0,5.086263020833075e-06,0.31765747070310885,0.015670776367186702,0.0,0.0,0.2238769531249886,0.10945638020832776,0.0,0.0,0.022806803385415506,0.12925720214843092,0.11794026692707733,0.06332906087239261
C:\Users\Fakhri\OneDrive\Documents\SM 6\Prak PC\klasifikasi_jenis_kain_glcm_knn\dataset\Silk\silk_141.png,Silk,41.963503596156166,19.149567355419617,4.52851808968491,1.215711530585837,0.25116751922735786,0.060749947726922604,0.052350692692482596,0.007253361456487226,0.722465432241621,0.1265727892079376,0.0027932062778012047,0.0007905670855885828,64.83236694335938,92.39683532714844,76.95223999023438,31.315808243358642,36.44000424057197,35.727037967503186,72.72027587890625,82.70780944824219,92.39692687988281,3.5195206224956372,20.969421591780055,36.44016487565584,0.0,0.0,0.019449869791665676,0.313842773437484,4.06901041666646e-05,0.0,0.0,0.0,0.05148824055989321,0.27655537923175677,0.005289713541666397,0.0,0.08811950683593302,0.18989562988280284,0.05209350585937235,0.003224690755208169
C:\Users\Fakhri\OneDrive\Documents\SM 6\Prak PC\klasifikasi_jenis_kain_glcm_knn\dataset\Wool\wool_148.png,Wool,35.94717678119199,25.423505220658054,4.298064008612502,1.7499209711028982,0.2501130204605461,0.10004721316178553,0.055727423798444385,0.01143512796967848,0.6523077072545712,0.2458344975733172,0.003236307914894349,0.0014223411611006913,53.24122619628906,66.92413330078125,104.52091979980469,25.240826579204867,29.059632332548695,36.95463117118003,112.10060119628906,129.94444274902344,104.52091979980469,1.6876796431835477,21.707954796644707,36.95463117118003,0.0,0.0,0.0,0.0,0.20779927571613524,0.12552897135416027,5.086263020833075e-06,0.0,0.0009765624999999502,0.15769449869790864,0.17466227213540778,0.0,0.042622884114581164,0.20109558105467726,0.08560180664062064,0.004013061523437295
C:\Users\Fakhri\OneDrive\Documents\SM 6\Prak PC\klasifikasi_jenis_kain_glcm_knn\dataset\Cotton\cotton_078.png,Cotton,12.654939949140568,8.409050074931987,2.645689249733539,0.9745225736236619,0.3282457935566849,0.10034850507692206,0.07210443620410972,0.012326289875913346,0.7903301184002912,0.1398463969392245,0.005350987142417572,0.0018941349420354748,215.02212524414062,216.32452392578125,183.8397979736328,19.841314564486186,22.02446219997569,28.587047497972524,31.9478759765625,40.111053466796875,216.9691619873047,3.171263854338982,14.633985450460523,21.069030899768272,5.086263020833074e-05,0.33227030436196225,0.0010121663411457819,0.0,0.0,0.0,0.0,0.0,0.31009419759113005,0.023239135742186317,0.0,0.0,0.0,0.0,0.04306538899739364,0.29026794433592273
C:\Users\Fakhri\OneDrive\Documents\SM 6\Prak PC\klasifikasi_jenis_kain_glcm_knn\dataset\Nylon\nylon_068.png,Nylon,4.915900349671288,1.5860970577104294,1.6883695429272196,0.3089020760248489,0.4295472257505068,0.058591853165879046,0.07578531180608727,0.007365695298239478,0.9460821882602054,0.017501263343055934,0.005797666952772379,0.0011702426209924345,104.55526733398438,115.5186767578125,132.73562622070312,25.544135646584955,27.194418440973877,30.980843675783444,108.23934936523438,54.46372985839844,132.73562622070312,2.520259602380904,7.402888735160123,30.980843675783444,0.0,0.0,0.0,0.0,0.3181762695312338,0.015157063802082562,0.0,0.0,0.2992197672525889,0.03411356608072743,0.0,0.0,0.0,0.15340677897134636,0.1716817220051996,0.008244832356770414
C:\Users\Fakhri\OneDrive\Documents\SM 6\Prak PC\klasifikasi_jenis_kain_glcm_knn\dataset\Silk\silk_035.png,Silk,13.743016706694794,6.491735352833705,2.6827112352689078,0.7469128429766712,0.3407596800201618,0.08522831933284561,0.1094540435888865,0.015145169303116083,0.6914256018538398,0.14569907548958808,0.012209563811177914,0.003645949846959795,223.04319763183594,231.3467254638672,236.50328063964844,19.349228665649335,19.58575923167331,15.411436642114026,98.32518005371094,15.239959716796875,236.95025634765625,10.460016389521357,6.058132076489399,15.81194504592834,5.086263020833075e-06,1.017252604166615e-05,0.0033162434895831643,0.05661010742187212,0.26830546061196553,0.005086263020833075,0.0,0.0,0.3333333333333164,0.0,0.0,0.0,0.0,1.017252604166615e-05,0.005055745442708076,0.3282674153645666
C:\Users\Fakhri\OneDrive\Documents\SM 6\Prak PC\klasifikasi_jenis_kain_glcm_knn\dataset\Cotton\cotton_061.png,Cotton,8.952902285951483,7.083170059556742,2.1038487037217517,0.8993233582663867,0.4109817085903365,0.11776748412582297,0.07401397891613748,0.01511666070859899,0.9399743437662242,0.04734757887971025,0.005706582505977345,0.0024108277875336407,198.29373168945312,206.8433380126953,210.20220947265625,35.054364008626656,34.678219336542824,33.23946502143973,94.22566223144531,15.7071533203125,210.7438201904297,10.977688221612263,11.091334248504088,33.28030689255019,0.00012715657552082686,0.00023396809895832142,0.011622111002603575,0.059651692708330296,0.26151529947915336,0.00018310546874999068,0.0,0.0,0.3330841064452955,0.00024922688802082063,0.0,0.0,0.0,0.0037027994791664783,0.08936055501301628,0.2402699788411336
C:\Users\Fakhri\OneDrive\Documents\SM 6\Prak PC\klasifikasi_jenis_kain_glcm_knn\dataset\Nylon\nylon_123.png,Nylon,12.220802527795668,7.798869843762444,2.491516233664563,0.8693056622827241,0.3577037609197811,0.09290385640627258,0.0660035106486797,0.011296010147987971,0.8924596032864143,0.06862508794559911,0.004484063263213821,0.0015400117984143158,78.44216918945312,80.97769165039062,77.37416076660156,29.169228385415,30.908598347379918,30.774783734460815,68.47930908203125,27.41497802734375,83.13093566894531,36.13279095079094,20.935765530408574,32.163477420853454,0.04819234212239338,0.06958516438801729,0.020294189453123966,0.037170410156248106,0.144276936848951,0.011362711588541088,0.0016581217447915822,0.0007934570312499596,0.3033091227213387,0.03001403808593597,1.017252604166615e-05,0.0,0.10099792480468235,0.196075439453115,0.03616841634114399,9.155273437499534e-05
C:\Users\Fakhri\OneDrive\Documents\SM 6\Prak PC\klasifikasi_jenis_kain_glcm_knn\dataset\Cotton\cotton_122.png,Cotton,1.9685224762627833,1.0684160458713312,0.8351310290391538,0.2662557997621004,0.6801703990546139,0.07043308577955452,0.3292541353685046,0.024977431126736616,0.8581062606213304,0.07818862713783487,0.10903215772295242,0.01649527064842585,239.8251953125,247.20849609375,245.9313201904297,12.592128412619525,10.04805584934455,8.035962215152662,77.43862915039062,8.690673828125,248.2027130126953,15.155113906368378,5.1671926675452875,8.845207785540628,0.0,0.0,0.12086486816405635,0.11471048990884833,0.09775797526041169,0.0,0.0,0.0,0.3333333333333164,0.0,0.0,0.0,0.0,0.0,5.086263020833075e-06,0.3333282470702955
C:\Users\Fakhri\OneDrive\Documents\SM 6\Prak PC\klasifikasi_jenis_kain_glcm_knn\dataset\Cotton\cotton_172.png,Cotton,5.1110656805711585,2.3508248364727993,1.6064040341297623,0.4207722188175014,0.4697350117470862,0.07775872739986518,0.1157949426917043,0.013911301111257544,0.7658887693502341,0.10767238777414012,0.013601993051583161,0.00330038692890352,37.016876220703125,38.14891052246094,48.153045654296875,12.65787468767648,13.10014025326163,15.332935857097779,117.04161071777344,61.737396240234375,48.15562438964844,7.614237737706757,14.580152607428749,15.328842615697768,0.000411987304687479,3.560384114583152e-05,4.577636718749767e-05,0.00034077962239581597,0.05706787109374709,0.2727508544921736,0.0025126139322915386,0.00016784667968749146,0.17519632975259525,0.15812683105467945,1.017252604166615e-05,0.0,0.281667073567694,0.05166625976562237,0.0,0.0
C:\Users\Fakhri\OneDrive\Documents\SM 6\Prak PC\klasifikasi_jenis_kain_glcm_knn\dataset\Cotton\cotton_064.png,Cotton,5.4204135805124345,3.2109708064682354,1.5863713296273083,0.5272170899590846,0.49231817873639244,0.0914800775082977,0.11669975805303251,0.015566228028482518,0.9204849574225977,0.04718652331822718,0.013861140984671038,0.0036731946721180356,220.7108154296875,225.178955078125,228.66384887695312,23.52160410322775,23.773287698384706,22.05822006622403,94.49266052246094,9.571441650390625,229.2722625732422,21.589385578728326,9.515164377026782,22.462138900947767,0.005472819010416388,0.0024464925130207086,0.035878499348956504,0.03925069173176884,0.21950276692707216,0.028864542643227697,0.0015309651692707554,0.00038655598958331364,0.3333180745442539,1.5258789062499222e-05,0.0,0.0,0.0,0.0,0.025039672851561223,0.30829366048175516
C:\Users\Fakhri\OneDrive\Documents\SM 6\Prak PC\klasifikasi_jenis_kain_glcm_knn\dataset\Denim\denim_079.png,Denim,18.41254185926265,10.243678395202162,2.9171107519432007,0.9144453430343334,0.34984436985030326,0.07879142518744181,0.09695302957275598,0.013664808191496184,0.7012039220819198,0.16630131616510022,0.00958661692624608,0.0027341240197928216,34.66046142578125,42.03285217285156,50.43023681640625,20.44297286555965,22.536429611323225,25.20616137633605,105.32449340820312,83.74687194824219,50.440582275390625,5.203273569078734,22.00486835324851,25.193465480789882,5.594889322916382e-05,0.0,5.086263020833074e-05,0.0024414062499998755,0.31776428222654635,0.013000488281249337,2.03450520833323e-05,0.0,0.06117757161458022,0.26624043782550727,0.005915323893228865,0.0,0.24917093912759147,0.08042399088541258,0.0037384033203123096,0.0
C:\Users\Fakhri\OneDrive\Documents\SM 6\Prak PC\klasifikasi_jenis_kain_glcm_knn\dataset\Nylon\nylon_144.png,Nylon,8.61047118890946,4.5000096542629295,2.1380053792246323,0.6294754990865163,0.38724796831208,0.08652303681557132,0.10144344971530411,0.01408470335351779,0.6708853937814415,0.17223687267123255,0.010489152358698031,0.0030193719246791413,59.51628112792969,60.258514404296875,60.18299865722656,14.251648190143042,14.521797501528454,14.788103083711922,68.97056579589844,10.58544921875,61.20799255371094,47.119165879430675,7.474349329132647,14.634216979472422,0.07661946614582943,0.039647420247393816,0.0320790608723942,0.033869425455727444,0.0825805664062458,0.04877726236978918,0.012929280598957675,0.006830851236978819,0.3333333333333164,0.0,0.0,0.0,0.19577534993488585,0.1375274658203055,3.0517578124998445e-05,0.0
C:\Users\Fakhri\OneDrive\Documents\SM 6\Prak PC\klasifikasi_jenis_kain_glcm_knn\dataset\Silk\silk_023.png,Silk,39.990158939494215,15.679734760567063,4.733985009933428,1.1512807773526694,0.21131597736296934,0.0633066465945696,0.057229454027542516,0.0069385126417412304,0.3967014025547659,0.2358158954228904,0.0033233533659702045,0.0008858714561279725,115.1572265625,60.832000732421875,66.69709777832031,26.77667729656487,21.70225188635426,22.54437088432445,168.85215759277344,123.53895568847656,115.1572265625,35.94788160065681,20.3740048952505,26.77667729656487,0.014490763346353429,0.0,0.0,0.0,0.0,0.0,1.017252604166615e-05,0.3188323974609213,0.0025075276692707055,0.18950907389321953,0.14131673177082613,0.0,0.0008544921874999565,0.22894287109373834,0.10153198242186982,0.002003987630208231
C:\Users\Fakhri\OneDrive\Documents\SM 6\Prak PC\klasifikasi_jenis_kain_glcm_knn\dataset\Denim\denim_082.png,Denim,18.604793215393595,10.506762267991549,2.9231873158825645,0.9378049056779192,0.35204378346659065,0.08144770434348857,0.10185421084374151,0.014482672197042109,0.7064068256230113,0.16563196078928788,0.010584028060568322,0.002988187344162385,35.040191650390625,42.85185241699219,52.637939453125,20.676041444300417,22.891297130155092,25.31564982914175,106.36589050292969,90.087646484375,52.64042663574219,4.034922381802474,21.24592697013569,25.312660847072337,5.086263020833075e-06,0.0,5.086263020833075e-06,0.0006306966145833012,0.32000223795571286,0.01269022623697852,0.0,0.0,0.04051717122395627,0.2840576171874855,0.008758544921874554,0.0,0.2440999348958209,0.08399963378905823,0.00516255696614557,7.120768229166304e-05
C:\Users\Fakhri\OneDrive\Documents\SM 6\Prak PC\klasifikasi_jenis_kain_glcm_knn\dataset\Silk\silk_140.png,Silk,67.27125493471313,31.00027291163569,5.922367008941122,1.6084035882411725,0.194980678941875,0.053219943891322785,0.037649133197172495,0.0052721968077905825,0.6677439974004012,0.1532581324893124,0.0014452532896785126,0.0004110110219690334,133.0167999267578,160.1139678955078,174.29483032226562,39.723904951852,40.97490124393178,39.22087723170762,100.09013366699219,63.13407897949219,174.32974243164062,3.001140582202849,17.82697416312449,39.28746708530638,0.0,0.0,2.543131510416537e-05,0.0038045247395831396,0.32944234212237905,5.594889322916382e-05,5.086263020833075e-06,0.0,0.15346781412759636,0.17986551920572,0.0,0.0,0.0,0.04345194498697695,0.17240905761717873,0.11747233072916069
C:\Users\Fakhri\OneDrive\Documents\SM 6\Prak PC\klasifikasi_jenis_kain_glcm_knn\dataset\Denim\denim_077.png,Denim,13.146195214647735,7.243637370476604,2.4990409744543762,0.7677180538173848,0.37914401697645045,0.08063935583649733,0.1078068734282188,0.014547409817883165,0.6967006317072313,0.1672211942584247,0.01183394909077743,0.003234217461799664,30.116668701171875,38.09251403808594,46.390106201171875,16.846998229687948,18.941009533642074,21.765267652593362,104.43032836914062,92.84220886230469,46.401580810546875,4.849652841210353,21.7549858190674,21.75081490796434,5.086263020833075e-06,5.086263020833075e-06,1.017252604166615e-05,0.002929687499999851,0.3258361816406084,0.004547119140624768,0.0,0.0,0.03292846679687332,0.2826995849609231,0.01770528157551993,0.0,0.26865132649738216,0.06378682454426758,0.0008951822916666211,0.0
C:\Users\Fakhri\OneDrive\Documents\SM 6\Prak PC\klasifikasi_jenis_kain_glcm_knn\dataset\Wool\wool_193.png,Wool,25.12562913181407,13.75612936917696,3.775932188698066,1.1765713907578115,0.2435448843624605,0.07421377717162046,0.05638213336695163,0.007775044193812666,0.6703592726751101,0.18043812377563268,0.0032393962752244603,0.000896324704067125,145.63868713378906,146.7639923095703,149.68458557128906,22.999044472334507,25.174273758782856,26.617125319905508,100.63273620605469,8.734695434570312,150.1930694580078,41.15165154401315,4.838026087376181,26.014311180034195,0.0373229980468731,0.007151285807291303,0.004440307617187274,0.008941650390624546,0.14215087890624276,0.08882141113280798,0.027140299479165284,0.017364501953124115,0.3333333333333164,0.0,0.0,0.0,0.0,0.06976826985676728,0.24170939127602936,0.021855672200519722
C:\Users\Fakhri\OneDrive\Documents\SM 6\Prak PC\klasifikasi_jenis_kain_glcm_knn\dataset\Silk\silk_084.png,Silk,103.84924379146663,49.46115056966643,7.504698261679621,2.187079149706934,0.15897241805074583,0.05789960318295664,0.04045268480497451,0.005951976648898968,0.3496976803801352,0.3089146631890631,0.001671845733959655,0.0005205502319085474,60.90472412109375,80.31541442871094,80.99948120117188,32.63743549511958,37.389970225705525,37.194863287215085,90.96949768066406,77.45318603515625,84.37289428710938,10.548534321042576,23.866505454751422,38.29914704601586,0.00010681152343749457,0.0,6.612141927082997e-05,0.1776936848958243,0.1510009765624923,0.004465738932291439,0.0,0.0,0.08866882324218299,0.2366231282551963,0.00804138183593709,0.0,0.1191202799479106,0.16564432779947072,0.046096801757810155,0.0024719238281248742
C:\Users\Fakhri\OneDrive\Documents\SM 6\Prak PC\klasifikasi_jenis_kain_glcm_knn\dataset\Denim\denim_083.png,Denim,17.911061320751593,10.236674360709035,2.898469112227805,0.9207448797510605,0.345078533418767,0.07893141923070779,0.09327613833708837,0.013067659469583645,0.7266939362625546,0.1561045973695108,0.008871201707092644,0.00248235840760129,34.284332275390625,41.63038635253906,49.78080749511719,20.93918987770736,23.22438125972156,26.232835458328548,105.00238037109375,83.32279968261719,49.79530334472656,5.711527453099156,21.01234370176519,26.216353586063192,0.00010681152343749457,2.543131510416537e-05,3.0517578124998445e-05,0.0035247802734373205,0.31656901041665053,0.013010660807291003,6.612141927082997e-05,0.0,0.05619812011718464,0.2721761067708195,0.004959106445312248,0.0,0.25070190429686223,0.07850138346353767,0.004063924153645627,6.612141927082997e-05
C:\Users\Fakhri\OneDrive\Documents\SM 6\Prak PC\klasifikasi_jenis_kain_glcm_knn\dataset\Silk\silk_181.png,Silk,9.067997352711572,4.3990884455225165,1.9213995574504488,0.5266134351371337,0.4515006949803237,0.07861019533226116,0.10053271865204196,0.011801153452801078,0.9752696181205348,0.012011203479537744,0.010246094742387184,0.0024151869439653713,126.64460754394531,120.21049499511719,111.8594970703125,51.495640772660934,54.68688632771796,58.87966443658378,29.466781616210938,39.90425109863281,127.05404663085938,34.17828427556262,23.508555109261707,52.11479523544148,0.2647705078124865,0.022491455078123855,0.01067097981770779,0.005945841471353864,0.008153279622395418,0.008021036783853758,0.007929484049478764,0.005350748697916395,0.2788187662760275,0.05451456705728889,0.0,0.0,0.0,0.22082010904946792,0.05852254231770535,0.05399068196614308
C:\Users\Fakhri\OneDrive\Documents\SM 6\Prak PC\klasifikasi_jenis_kain_glcm_knn\dataset\Denim\denim_071.png,Denim,27.018259574923842,15.72731679549452,3.726267497899101,1.1790950499330932,0.2700287946308699,0.06947723950751813,0.06475542191948637,0.008854308446582177,0.7013423192342622,0.17363317221819446,0.004271663446037911,0.0011741222710466793,49.793212890625,56.31239318847656,62.85182189941406,25.93161454931731,27.007710062246737,28.640820003483956,104.11917114257812,57.64500427246094,62.87727355957031,6.295589675465158,20.982651592507338,28.62221834386661,0.00010172526041666148,2.03450520833323e-05,0.00018819173177082375,0.005335489908853895,0.31454467773435896,0.013010660807291003,0.00012715657552082686,5.086263020833075e-06,0.2016855875650939,0.1315765380859308,7.120768229166304e-05,0.0,0.1946411132812401,0.12817891438801432,0.010406494140624471,0.00010681152343749457
C:\Users\Fakhri\OneDrive\Documents\SM 6\Prak PC\klasifikasi_jenis_kain_glcm_knn\dataset\Cotton\cotton_103.png,Cotton,19.342113163000583,11.270006944830818,3.2027311414722406,1.0362522365422915,0.29608298294033547,0.07742308467795068,0.0646636526311813,0.009793389725303771,0.7385251816318813,0.1524944805646091,0.004277298453917767,0.0013011799434831293,60.56793212890625,67.32814025878906,61.10072326660156,23.18639165606276,24.88860139923475,24.39286270994756,61.96473693847656,31.185211181640625,67.33505249023438,11.174805332376648,11.278399691507586,24.888078609427968,0.0004323323567708113,0.013468424479165981,0.21324666341144746,0.10261027018228644,0.003479003906249823,7.120768229166304e-05,1.017252604166615e-05,1.5258789062499222e-05,0.32792154947915,0.005411783854166391,0.0,0.0,0.15588378906249206,0.1723734537760329,0.0050760904947914085,0.0
C:\Users\Fakhri\OneDrive\Documents\SM 6\Prak PC\klasifikasi_jenis_kain_glcm_knn\dataset\Nylon\nylon_006.png,Nylon,9.104445112104079,3.94870531337911,2.252671453537768,0.5477639477489538,0.3731361316598407,0.06704339454263253,0.10653126692132807,0.011386443924277461,0.7371260646177645,0.11393507067966435,0.01147856193710396,0.0024710577072537946,34.24635314941406,40.54237365722656,43.286376953125,15.514012864495761,16.87153299541972,18.591807966031624,97.53689575195312,55.95176696777344,43.43608093261719,8.174162773234428,14.500815814711654,18.477395034032526,0.00014750162760415915,3.0517578124998445e-05,0.0006968180338541312,0.032368977864581684,0.29585266113279746,0.004221598307291452,1.5258789062499222e-05,0.0,0.23302205403644646,0.10031127929686989,0.0,0.0,0.27368164062498607,0.059651692708330296,0.0,0.0
C:\Users\Fakhri\OneDrive\Documents\SM 6\Prak PC\klasifikasi_jenis_kain_glcm_knn\dataset\Denim\denim_099.png,Denim,13.191762591201373,7.743970171699501,2.1557086205996545,0.7157355410024382,0.45158563723957795,0.09049798991198904,0.13634927775018246,0.01990136442770444,0.7630862789453378,0.13884620219153118,0.018987189849080707,0.0055631750236537,27.679153442382812,32.24485778808594,36.7794189453125,19.849250498526644,21.192231682894874,23.536478917797417,102.94905090332031,67.01460266113281,36.85418701171875,10.361714421222908,19.33212439725659,23.47214906617706,0.0009002685546874541,0.00010681152343749457,0.0009206136067707864,0.017059326171874133,0.28639729817706877,0.027770996093748584,0.0001627604166666584,1.5258789062499222e-05,0.1342976888020765,0.19843546549478155,0.0006001790364583028,0.0,0.3032938639322762,0.025833129882811185,0.0037078857421873113,0.0004984537760416413
C:\Users\Fakhri\OneDrive\Documents\SM 6\Prak PC\klasifikasi_jenis_kain_glcm_knn\dataset\Nylon\nylon_077.png,Nylon,3.6730889906437305,1.3523081605855138,1.3840858174515136,0.28565812372187244,0.5001372929019426,0.062326269939809706,0.09879047911065784,0.009276651007240025,0.9392212041905211,0.022348798868423326,0.00984561501682345,0.001896241787670946,73.96527099609375,83.59335327148438,96.5743408203125,21.615618645632075,21.77236905927037,24.611023571865825,107.10002136230469,61.584930419921875,96.5743408203125,3.044839464212342,11.71819482882749,24.611023571865825,0.0,0.0,0.0,0.0,0.32261657714842107,0.010716756184895287,0.0,0.0,0.206008911132802,0.12732442220051435,0.0,0.0,0.02411905924479044,0.268534342447903,0.040679931640622925,0.0
C:\Users\Fakhri\OneDrive\Documents\SM 6\Prak PC\klasifikasi_jenis_kain_glcm_knn\dataset\Nylon\nylon_155.png,Nylon,16.659909711930563,5.072686673734607,3.10020170420562,0.559335768043762,0.28899685260004593,0.050114372322300316,0.10596414896825128,0.006954784757893218,0.1594652713360751,0.2554358503347118,0.011276769897594371,0.0015213531847375773,30.628555297851562,34.592529296875,38.83656311035156,12.094940314083164,12.675942496051494,13.15700874367571,105.55229187011719,56.947509765625,38.85099792480469,7.837564087385759,17.76366465244912,13.158296907555282,0.00020853678385415606,1.5258789062499222e-05,0.00011189778645832764,0.003204345703124837,0.2807617187499857,0.04817708333333088,0.0007273356119791297,0.00012715657552082686,0.21494038899738488,0.11826578776041065,0.00012715657552082686,0.0,0.31710306803383803,0.016220092773436674,1.017252604166615e-05,0.0
C:\Users\Fakhri\OneDrive\Documents\SM 6\Prak PC\klasifikasi_jenis_kain_glcm_knn\dataset\Cotton\cotton_180.png,Cotton,3.591413953216638,1.772852076544273,1.3134967903754842,0.36812273200181084,0.5302446435607808,0.08045722121997362,0.16395569989377193,0.018691481545680073,0.7535384295821567,0.12165460087612961,0.027230843010029097,0.006232464065319586,21.195770263671875,24.79412841796875,26.958908081054688,9.919714229772257,10.9144626110944,12.672509773478444,97.64498901367188,56.509796142578125,27.179244995117188,16.78168295273834,18.959775290960405,12.490116581632295,0.003941853841145633,0.0008850097656249549,0.004572550455728934,0.04484049479166438,0.24570719401040417,0.0321706136067692,0.0010681152343749456,0.00014750162760415915,0.21241251627603086,0.12035624186197304,0.0005645751953124713,0.0,0.3306477864583165,0.0026855468749998634,0.0,0.0
C:\Users\Fakhri\OneDrive\Documents\SM 6\Prak PC\klasifikasi_jenis_kain_glcm_knn\dataset\Silk\silk_112.png,Silk,68.27381035537313,31.28217683416722,5.972056279065492,1.6140768443477607,0.19372874558504224,0.054219094227332086,0.04747786722349969,0.0071303380101465745,0.5861065553781982,0.18951696740153023,0.0023049895962312062,0.0007003702737992189,67.45890808105469,74.65312194824219,88.921630859375,34.14303958036722,36.57478622641039,40.96949368099411,109.91917419433594,65.09446716308594,88.92236328125,3.7905700643533247,17.157756647835292,40.969553176490805,1.5258789062499222e-05,0.0,2.03450520833323e-05,0.00015258789062499222,0.2640482584635282,0.06897989908853816,0.00011698404947916071,0.0,0.15539042154947125,0.17792256673176177,2.03450520833323e-05,0.0,0.11159261067707765,0.16203308105467926,0.053461710611976444,0.006245930989583016
C:\Users\Fakhri\OneDrive\Documents\SM 6\Prak PC\klasifikasi_jenis_kain_glcm_knn\dataset\Cotton\cotton_036.png,Cotton,12.426576928216022,7.21971317098709,2.2944272304534885,0.7579577250038398,0.4199727134755038,0.08612104899101185,0.11938614759782962,0.01750955306896558,0.7308379084018769,0.1562180218197683,0.014559636686925675,0.004234471904804453,29.17022705078125,32.44134521484375,35.27644348144531,18.267762179749052,19.2655871932153,21.303826830410987,99.51078796386719,47.61601257324219,35.46910095214844,19.313410320056043,18.64579849020305,21.153555781517134,0.005727132161458042,0.00157165527343742,0.005813598632812204,0.03498331705728989,0.23210144042967568,0.05098978678385157,0.0018259684244790737,0.0003204345703124837,0.26781717936196553,0.06528218587239251,0.00023396809895832142,0.0,0.2989654541015473,0.03320821126301914,0.0011138916015624432,4.577636718749767e-05
C:\Users\Fakhri\OneDrive\Documents\SM 6\Prak PC\klasifikasi_jenis_kain_glcm_knn\dataset\Cotton\cotton_031.png,Cotton,12.17590437486362,6.7163985734347085,2.234604139749783,0.7078296869009515,0.42185850267309405,0.08716163101576599,0.12523391325049846,0.018061508511245557,0.6756670934126329,0.17851032911761142,0.016009751117735168,0.004642487953974434,27.845230102539062,31.437164306640625,34.310546875,16.445059737200427,17.458628221605665,19.08184363312961,100.93907165527344,50.92405700683594,34.440216064453125,15.114201352913227,17.50708519714384,18.985066123007567,0.0028940836588540195,0.0005900065104166366,0.002532958984374871,0.026957194010415294,0.2568613688150911,0.04201761881510203,0.0013224283854165993,0.0001576741536458253,0.25155131022134136,0.08171590169270417,6.612141927082997e-05,0.0,0.3113606770833175,0.02082824707031144,0.0011240641276041095,2.03450520833323e-05
C:\Users\Fakhri\OneDrive\Documents\SM 6\Prak PC\klasifikasi_jenis_kain_glcm_knn\dataset\Denim\denim_149.png,Denim,42.27429833924362,27.46885798287169,4.647254729173345,1.64299458062752,0.23163739206449718,0.06784048531336946,0.05096271002703001,0.007908560047156047,0.7121821687293354,0.1868478915735996,0.0026597431353186183,0.000830934682096733,62.733184814453125,73.15690612792969,86.08958435058594,32.21618073060314,34.76743401507656,37.23286628700501,106.49166870117188,74.58000183105469,86.09089660644531,3.1090791981796775,22.69797630883294,37.23227214068629,5.086263020833075e-06,1.5258789062499222e-05,1.017252604166615e-05,0.00018819173177082375,0.32624308268227503,0.006861368815103817,1.017252604166615e-05,0.0,0.10767618815103619,0.2227528889973845,0.0029042561848956856,0.0,0.10890197753905695,0.17403157552082446,0.04829915364583087,0.00210062662760406
C:\Users\Fakhri\OneDrive\Documents\SM 6\Prak PC\klasifikasi_jenis_kain_glcm_knn\dataset\Denim\denim_018.png,Denim,9.577297061944689,5.46190466753992,2.0403821537272857,0.6549822171327239,0.4360547897809189,0.08917671764141821,0.1262801776353734,0.01814977799864511,0.728053527721951,0.154832485514252,0.016276097705021562,0.00476101372047506,28.171127319335938,33.62115478515625,41.24188232421875,14.930289372874343,17.065064639115036,19.986236292373558,106.89004516601562,81.42681884765625,41.2528076171875,6.836948212632435,19.23366141515973,19.973985722501062,0.0003255208333333168,1.5258789062499222e-05,0.00011189778645832764,0.0027262369791665277,0.29019165039061023,0.0398457845052063,0.00011189778645832764,5.086263020833075e-06,0.05327351888020562,0.27807617187498584,0.001983642578124899,0.0,0.29304504394529757,0.038752237955727194,0.0014902750651040908,4.577636718749767e-05
C:\Users\Fakhri\OneDrive\Documents\SM 6\Prak PC\klasifikasi_jenis_kain_glcm_knn\dataset\Silk\silk_060.png,Silk,85.79793197405547,39.764301017988686,6.983713818853075,1.8958695753224677,0.15214736709685728,0.04915400949395625,0.03691461500765265,0.004340442028770633,0.4322577099405738,0.2627844761892585,0.0013815282381683322,0.00033942944355659383,136.708740234375,83.40927124023438,79.70863342285156,38.68264299927145,33.71381943042873,32.646994556776434,38.419891357421875,112.45338439941406,136.708740234375,70.50297588042015,24.917109160949718,38.68264299927145,0.265213012695299,0.0,0.0,0.0,0.0,0.0,0.0,0.06812032063801736,0.0117797851562494,0.232487996419259,0.08906555175780796,0.0,0.00036621093749998135,0.1433410644531177,0.15972900390624187,0.029897054036456813
C:\Users\Fakhri\OneDrive\Documents\SM 6\Prak PC\klasifikasi_jenis_kain_glcm_knn\dataset\Denim\denim_191.png,Denim,34.154333429219456,23.73454833298012,4.254255328175538,1.5886023844414952,0.23589156990037338,0.0750596005746701,0.042124533786375734,0.00728382698010798,0.8298974713541473,0.11820063379419793,0.0018275304821956594,0.0006298417521043183,101.296630859375,111.80970764160156,129.6856689453125,38.45401415287101,40.493082819478765,42.46464068996124,108.95584106445312,59.0528564453125,129.6856689453125,2.016019386836066,14.839551680789212,42.46464068996124,0.0,0.0,0.0,0.0,0.3189951578775879,0.014338175455728436,0.0,0.0,0.21538289388019738,0.11793518066405649,1.5258789062499222e-05,0.0,0.014378865559895102,0.15332539876301302,0.1349283854166598,0.030700683593748435
C:\Users\Fakhri\OneDrive\Documents\SM 6\Prak PC\klasifikasi_jenis_kain_glcm_knn\dataset\Nylon\nylon_163.png,Nylon,9.73500347074261,6.004011454440357,2.0818157635283776,0.7180676627163973,0.4332806115479541,0.09239992042163657,0.11226219857396114,0.016820423959602235,0.814624275560606,0.11434631045820037,0.012885727890840241,0.0038228163646111834,36.53346252441406,40.62522888183594,43.98272705078125,19.7587711285204,20.560829626835094,22.305569449172687,101.39054870605469,46.00535583496094,44.0670166015625,11.308785286763223,14.15693288748146,22.217391445713606,0.001368204752604097,0.00020853678385415606,0.0013631184895832639,0.01980590820312399,0.29285176595050594,0.01750691731770744,0.0002187093098958222,1.017252604166615e-05,0.2914632161458185,0.04187011718749787,0.0,0.0,0.27369181315102775,0.05884806315103867,0.0007934570312499596,0.0
C:\Users\Fakhri\OneDrive\Documents\SM 6\Prak PC\klasifikasi_jenis_kain_glcm_knn\dataset\Wool\wool_029.png,Wool,8.244866651817887,5.1573712076358005,1.9757258093252945,0.6797533874953401,0.42906808671217994,0.09287296019500968,0.07178201376661265,0.011230424194683602,0.9407983196327515,0.03702159749098234,0.005278779927982702,0.0016421629502141315,79.66525268554688,61.38624572753906,57.7655029296875,47.11225412168096,29.429986653218705,27.95689677933273,52.01530456542969,70.51728820800781,82.3165283203125,53.725931664091235,46.65275118691183,46.16935337347754,0.17949930826822003,0.004399617513020609,0.005477905273437221,0.015080769856770065,0.09235127766926612,0.015858968098957527,0.00542704264322889,0.01523844401041589,0.17841084798176174,0.10052490234374488,0.05439758300780973,0.0,0.13266499837238907,0.1433563232421802,0.04964701334635164,0.007664998372395443
C:\Users\Fakhri\OneDrive\Documents\SM 6\Prak PC\klasifikasi_jenis_kain_glcm_knn\dataset\Nylon\nylon_085.png,Nylon,5.093852673876024,3.7010726432244585,1.6591890347947844,0.6724113342671663,0.44748115174533015,0.12344237975351373,0.10631764160604303,0.018756114946969903,0.8305383086155307,0.1232427272324019,0.011655232764574962,0.004168494758548783,43.16062927246094,50.78021240234375,57.90629577636719,14.582044359232968,15.588059937059827,17.213171330353557,104.20297241210938,66.9931640625,57.90777587890625,3.4427030513147483,12.3841265922774,17.210085745054077,0.0,0.0,5.086263020833075e-06,0.0003967285156249798,0.3316497802734206,0.0012817382812499347,0.0,0.0,0.14477539062499262,0.18855794270832374,0.0,0.0,0.21113586425780176,0.12218729654947294,1.017252604166615e-05,0.0
C:\Users\Fakhri\OneDrive\Documents\SM 6\Prak PC\klasifikasi_jenis_kain_glcm_knn\dataset\Cotton\cotton_003.png,Cotton,37.532473241971516,20.612866455657905,4.472462774985336,1.362262495821649,0.22646521467684347,0.0626852807755827,0.051986373681447894,0.006902525453685009,0.6568699984499797,0.18825203922739994,0.002750227906185908,0.000740582282514418,75.66561889648438,79.41259765625,82.35536193847656,29.964663833942303,29.760766745753557,27.871887574063702,91.02740478515625,28.830902099609375,83.34544372558594,30.233402151696616,18.63055789926163,28.575983449940253,0.015472412109374212,0.025105794270832055,0.020024617513019812,0.027750651041665252,0.20123291015623976,0.040522257486977104,0.0023752848307290455,0.0008494059244791234,0.3229929606119627,0.01034037272135364,0.0,0.0,0.08910624186197463,0.21603902180988482,0.028015136718748574,0.00017293294270832453
C:\Users\Fakhri\OneDrive\Documents\SM 6\Prak PC\klasifikasi_jenis_kain_glcm_knn\dataset\Nylon\nylon_009.png,Nylon,8.39424496435838,3.793073899524551,2.1700000316277186,0.555762069733959,0.3734199711573663,0.0794613055459085,0.10896607805930913,0.012165397098960544,0.6320397180255396,0.16620277645106524,0.012021603054202844,0.00277331216785233,30.563613891601562,35.27552795410156,37.691741943359375,12.3806760736312,13.7786676203547,15.402870569935747,97.55335998535156,48.70787048339844,37.87078857421875,13.999974605056586,15.1026184340032,15.253944681072788,0.0025227864583332047,0.0007883707682291265,0.0035654703776039852,0.03460693359374824,0.27308654785154857,0.018010457356769916,0.0005950927734374698,0.0001576741536458253,0.27814229329425666,0.05519104003905969,0.0,0.0,0.31074015299477586,0.022593180338540516,0.0,0.0
C:\Users\Fakhri\OneDrive\Documents\SM 6\Prak PC\klasifikasi_jenis_kain_glcm_knn\dataset\Cotton\cotton_139.png,Cotton,20.825634846732328,12.818203167289939,3.2957262762565467,1.1106819926806244,0.2884685699182459,0.07923129333855905,0.052975046510216874,0.00846184916630642,0.8700773563232441,0.07991972742381603,0.002877958444072961,0.000916255715230709,125.03305053710938,115.17558288574219,117.30487060546875,34.257145360467895,36.59566441435289,36.10502915899456,105.99003601074219,25.083480834960938,125.15538024902344,75.84324828721972,12.675440141512542,34.44470975987487,0.11798604329426482,0.005671183268228878,0.0011749267578124402,0.0009918212890624495,0.0024973551432290395,0.003097534179687342,0.02668762207031114,0.17522684733072025,0.33280944824217057,0.0005238850911458067,0.0,0.0,0.0015920003255207522,0.1926574707031152,0.12294006347655624,0.016143798828124178
C:\Users\Fakhri\OneDrive\Documents\SM 6\Prak PC\klasifikasi_jenis_kain_glcm_knn\dataset\Silk\silk_066.png,Silk,81.86176847987977,37.95665327070159,6.721965070611929,1.860517464461196,0.16826256838548329,0.055096243498478234,0.043601419719712764,0.006489862758703659,0.46135225364473387,0.2492133133038435,0.001943202120201366,0.0005968268230732535,55.66143798828125,75.03167724609375,65.87065124511719,30.06814413997718,37.54427404273041,34.527611452496885,76.47128295898438,69.78514099121094,75.19630432128906,7.77890232151356,21.763494955574895,37.58156525493159,1.5258789062499222e-05,0.00010681152343749457,0.02256774902343635,0.28567504882811046,0.0248667399088529,0.00010172526041666148,0.0,0.0,0.12067667643228552,0.2114359537760309,0.0012156168619791047,5.086263020833075e-06,0.14840698242186745,0.14903259277342992,0.03502400716145655,0.0008697509765624558
C:\Users\Fakhri\OneDrive\Documents\SM 6\Prak PC\klasifikasi_jenis_kain_glcm_knn\dataset\Wool\wool_127.png,Wool,3.6443196920822523,1.2926996017527506,1.2932108837298923,0.2773785760338862,0.5404210048571235,0.06425538784716578,0.17719976551246394,0.016962579849685237,0.6952018171032542,0.108308384579776,0.03168748601282915,0.006137078405968539,20.719696044921875,23.722061157226562,25.495651245117188,9.068277401721037,9.908252477739046,11.10622700143108,97.19105529785156,50.34608459472656,25.744232177734375,20.079916473990558,19.27959256422021,10.983076650632627,0.006678263346353827,0.0012257893880207708,0.00595601399739553,0.04731241861978926,0.2241261800130094,0.045684814453122675,0.0019632975260415668,0.00038655598958331364,0.24840291341144569,0.08473205566405818,0.0001983642578124899,0.0,0.33225504557289975,0.0010782877604166117,0.0,0.0
C:\Users\Fakhri\OneDrive\Documents\SM 6\Prak PC\klasifikasi_jenis_kain_glcm_knn\dataset\Denim\denim_025.png,Denim,2.889683415302103,1.5218653635704418,1.1100500091325978,0.3331782628388804,0.5892709524103305,0.0800081111358805,0.21663155507142987,0.023729937486081442,0.6143583098502553,0.20336098889620832,0.04749234058575932,0.010427092941848903,16.364547729492188,20.1873779296875,20.763687133789062,7.127813047801258,7.766176137996608,8.740720545688344,90.80458068847656,60.886322021484375,21.293975830078125,15.989707623690595,21.25141779902951,8.487176769687528,0.0033823649088539944,0.0009663899739582841,0.009201049804687032,0.09913126627603662,0.20723470052082277,0.01288859049479101,0.0004526774088541436,7.629394531249611e-05,0.17842102050780342,0.15358479817707552,0.0013275146484374323,0.0,0.3331197102864414,0.00021362304687498913,0.0,0.0
C:\Users\Fakhri\OneDrive\Documents\SM 6\Prak PC\klasifikasi_jenis_kain_glcm_knn\dataset\Denim\denim_068.png,Denim,8.887637854366647,4.4366356453329425,1.9287848228103053,0.5424832421613691,0.4527124480968767,0.07822510696636033,0.1323316742752789,0.016431453257674408,0.7392962626921896,0.12996642377526524,0.01778166467265765,0.004416885563883189,24.893234252929688,29.425811767578125,34.060028076171875,15.277298285245475,16.560875370270153,19.454083438956243,101.72198486328125,70.30123901367188,34.214569091796875,13.719397632626391,22.5475622172481,19.305588054340042,0.0017852783203124091,0.0005798339843749705,0.0034434000651039913,0.028498331705727714,0.26276143391925744,0.035700480143227346,0.000478108723958309,8.646647135416227e-05,0.11647033691405657,0.21503702799478072,0.0018259684244790737,0.0,0.30989074707029673,0.022511800130207187,0.0008697509765624558,6.103515624999689e-05
C:\Users\Fakhri\OneDrive\Documents\SM 6\Prak PC\klasifikasi_jenis_kain_glcm_knn\dataset\Nylon\nylon_189.png,Nylon,11.708658923423434,5.817858400373706,2.5679504111409925,0.7180737650975261,0.3326909180725211,0.07663155453448779,0.09134535363070924,0.010478569708223535,0.5496713703075564,0.22361948094808295,0.008453774053049423,0.00197889528353697,41.57325744628906,51.4625244140625,70.80746459960938,13.165625075906503,14.71535649987282,16.245635206829572,109.90055847167969,107.96038818359375,70.80746459960938,2.06148967456637,16.800491601801543,16.245635206829572,0.0,0.0,0.0,0.0,0.2979227701822765,0.03541056315103986,0.0,0.0,0.0004628499348958098,0.28524780273436046,0.04762268066406008,0.0,0.11657206217447323,0.21625264485675982,0.0005086263020833075,0.0
C:\Users\Fakhri\OneDrive\Documents\SM 6\Prak PC\klasifikasi_jenis_kain_glcm_knn\dataset\Wool\wool_131.png,Wool,6.21078884408776,2.078368424081001,1.4944984584102603,0.31471208404101036,0.5424412741165326,0.061015712395930094,0.19480687667351337,0.01889931816730215,0.5729278370002084,0.14260701655359626,0.03830690342647838,0.007482932059178314,18.750198364257812,21.270980834960938,22.849655151367188,10.348878998729006,10.757761899718693,11.958486371788817,96.58892822265625,51.255706787109375,23.140838623046875,22.8107192846026,22.15175476205723,11.833035212637292,0.008712768554687056,0.0019531249999999005,0.008310953776041243,0.052383422851559835,0.20053609212238563,0.056869506835934606,0.003763834635416475,0.0008036295572916258,0.2362111409505088,0.09614054361978677,0.0009816487630207834,0.0,0.32944742838539987,0.0038452148437498044,4.06901041666646e-05,0.0
C:\Users\Fakhri\OneDrive\Documents\SM 6\Prak PC\klasifikasi_jenis_kain_glcm_knn\dataset\Cotton\cotton_128.png,Cotton,18.107668314814486,11.54448326498667,2.9410518317470764,0.9739481288679678,0.32509330742647574,0.07913693838604718,0.055984565444325445,0.00849758028340861,0.9175821952780944,0.05245193646143146,0.0032064804386629335,0.000977168579863103,78.92222595214844,83.32778930664062,89.81768798828125,40.64859527106944,41.96495309253019,44.69285945925005,106.93925476074219,32.54510498046875,89.84443664550781,9.326553839683392,10.05641941735567,44.669106284654056,0.0008290608723957911,0.00025939941406248677,0.0005187988281249735,0.00445048014322894,0.27032979329425705,0.056020100911455484,0.0008036295572916258,0.00012207031249999378,0.3308003743489415,0.002532958984374871,0.0,0.0,0.0992838541666616,0.17794799804686595,0.042653401692706164,0.013448079427082649
C:\Users\Fakhri\OneDrive\Documents\SM 6\Prak PC\klasifikasi_jenis_kain_glcm_knn\dataset\Silk\silk_050.png,Silk,85.56134611164714,29.216705981033073,5.985847165027015,1.2499098915324112,0.2432186542119308,0.04571583828700325,0.06630100771665975,0.007366281225664329,0.4106696319475678,0.20103380098456403,0.0044500857233401485,0.0010120823505714788,58.764373779296875,84.83688354492188,93.92498779296875,33.450516199218576,34.2264796414443,36.2097549108658,97.4461669921875,103.17561340332031,93.92753601074219,2.744390355486166,26.942486539924886,36.21028200015182,5.594889322916382e-05,0.0,0.0,0.0006663004557291327,0.33259073893227475,2.03450520833323e-05,0.0,0.0,0.03166707356770672,0.2425181070963418,0.059148152669267824,0.0,0.062276204427080165,0.21951802571613466,0.042561848958331164,0.008977254231770376
C:\Users\Fakhri\OneDrive\Documents\SM 6\Prak PC\klasifikasi_jenis_kain_glcm_knn\dataset\Cotton\cotton_002.png,Cotton,41.611314523117244,22.3255084792221,4.657798427960267,1.4035662589764406,0.22181146927477702,0.06176027889000575,0.051015165778126176,0.00684159411049896,0.6811689890511717,0.17101377927250205,0.0026493545493425103,0.0007156612862594209,77.66055297851562,83.87467956542969,85.92996215820312,32.315407046096716,32.69705503853455,30.709521073174574,89.969482421875,32.75077819824219,87.23153686523438,21.458493275802468,18.3399866293065,31.588376676713448,0.0025939941406248677,0.015446980794270046,0.030731201171873435,0.05770874023437206,0.21902974446613468,0.0075073242187496175,0.00022379557291665527,9.155273437499534e-05,0.31739807128904635,0.01593526204427002,0.0,0.0,0.08268229166666245,0.2109731038411351,0.03840637207031054,0.0012715657552082686
C:\Users\Fakhri\OneDrive\Documents\SM 6\Prak PC\klasifikasi_jenis_kain_glcm_knn\dataset\Nylon\nylon_059.png,Nylon,3.3068867762521568,1.2319565446483216,1.3627637553262237,0.29134577463947553,0.49528163663614017,0.06620023418311248,0.07870029836536961,0.00771174943193065,0.9728609999146043,0.010128829625230837,0.006253208042099082,0.0012435973199969735,184.87498474121094,124.04316711425781,126.49559020996094,33.05110159464299,30.503894214653986,32.01707878344008,114.07345581054688,86.60922241210938,184.87498474121094,85.01796311660513,14.263283510449,33.05110159464299,0.11983744303384807,0.0,0.0,0.0,0.0,0.0,0.0,0.2134958902994683,0.02038065592447813,0.3129323323567549,2.03450520833323e-05,0.0,0.0,0.019790649414061494,0.16079203287759597,0.15275065104165889
C:\Users\Fakhri\OneDrive\Documents\SM 6\Prak PC\klasifikasi_jenis_kain_glcm_knn\dataset\Denim\denim_108.png,Denim,10.785944446161006,5.711593267149513,2.1523778003949823,0.6583358917254191,0.4257456437464369,0.08595948957711706,0.1267707931161952,0.01760034401867098,0.694881456637634,0.16169284973616116,0.016380606096884732,0.004614531751671574,25.173141479492188,30.158447265625,34.76298522949219,15.727212734370655,16.781610380242128,19.89083728406926,101.20704650878906,73.50445556640625,34.918914794921875,10.922686387057093,20.916094577489616,19.739368953022847,0.0004831949869791421,0.00014241536458332608,0.002054850260416562,0.03133138020833174,0.27836608886717334,0.02086385091145727,9.155273437499534e-05,0.0,0.09741210937499505,0.23344421386717562,0.0024770100911457073,0.0,0.3061523437499844,0.02609252929687367,0.0010732014973957786,1.5258789062499222e-05
C:\Users\Fakhri\OneDrive\Documents\SM 6\Prak PC\klasifikasi_jenis_kain_glcm_knn\dataset\Denim\denim_110.png,Denim,11.783306777493744,6.239489780171846,2.0795070498811103,0.620317097442469,0.4619119868690528,0.08002059334292257,0.1531823877936159,0.019107037004194454,0.6910954566585265,0.16345665343196086,0.023829922793233385,0.005911391720396391,24.950286865234375,30.907546997070312,34.79313659667969,16.28404638114306,17.594733832006078,19.693260315252317,99.70965576171875,76.20610046386719,34.91368103027344,8.410742556993148,19.424384674599406,19.60136504327369,0.0001576741536458253,2.03450520833323e-05,0.0004628499348958098,0.02642313639322782,0.3007863362630055,0.0054524739583330555,3.0517578124998445e-05,0.0,0.07770284016926687,0.2546641031900912,0.0009663899739582841,0.0,0.30765279134113016,0.023981730143227947,0.0016784667968749146,2.03450520833323e-05
C:\Users\Fakhri\OneDrive\Documents\SM 6\Prak PC\klasifikasi_jenis_kain_glcm_knn\dataset\Denim\denim_180.png,Denim,13.563090882719932,7.192556456965721,2.5942833269920857,0.7539215344014238,0.3563487429830832,0.0753320558224313,0.08903214475391795,0.011604988428394962,0.7331284987850486,0.14134223679029026,0.008061398555905779,0.002118333861990807,34.987945556640625,42.243988037109375,51.633880615234375,18.32565490341769,20.453974208002652,23.652658677273752,106.25907897949219,84.59603881835938,51.64500427246094,5.908174519565617,22.38159271178299,23.643213757198126,0.00016784667968749146,2.03450520833323e-05,8.646647135416227e-05,0.0025024414062498725,0.30740356445310935,0.023040771484373827,7.629394531249611e-05,3.560384114583152e-05,0.05340576171874728,0.2734425862630069,0.0064849853515621695,0.0,0.24462381998696672,0.08621215820312061,0.0024515787760415416,4.577636718749767e-05
C:\Users\Fakhri\OneDrive\Documents\SM 6\Prak PC\klasifikasi_jenis_kain_glcm_knn\dataset\Silk\silk_012.png,Silk,56.4850159436704,19.1559208455367,4.606937083520362,0.9574653142775044,0.30823499483237937,0.052505047244767934,0.09202033641713663,0.010532104613764385,0.5052667416730242,0.16785841616327032,0.008578667541918278,0.002001252027041063,35.296417236328125,53.81806945800781,56.889251708984375,27.88247479140329,31.066754692163155,33.18620391185321,93.64561462402344,109.20121765136719,57.07147216796875,3.8151094098341254,27.448471772451548,33.07853352634426,1.5258789062499222e-05,0.0,0.0,0.03658040364583147,0.2966918945312349,4.577636718749767e-05,0.0,0.0,0.02313232421874882,0.21914672851561384,0.09101359049478704,4.06901041666646e-05,0.23227437337238402,0.0845947265624957,0.014663696289061754,0.0018005371093749083
C:\Users\Fakhri\OneDrive\Documents\SM 6\Prak PC\klasifikasi_jenis_kain_glcm_knn\dataset\Silk\silk_188.png,Silk,82.65733008627684,36.66852021501862,6.562677925329699,1.7781351824421516,0.19106812310649457,0.053793163742917795,0.03535128193213306,0.004979701153768598,0.7325841801743357,0.11874419930012844,0.0012745105578260017,0.00037636041721911826,169.81613159179688,133.36257934570312,153.176513671875,45.362113595801134,51.45625927423141,54.58151170339585,162.36343383789062,61.51141357421875,169.9080352783203,9.751578752177988,28.64794148145844,45.50033011326729,0.0005798339843749705,1.5258789062499222e-05,5.086263020833075e-06,0.0,5.086263020833075e-06,2.543131510416537e-05,0.08212280273437082,0.25057983398436223,0.18961079915363618,0.14342753092447186,0.0002950032552083183,0.0,0.0,0.07869974772135016,0.13063557942707668,0.12399800618488951
C:\Users\Fakhri\OneDrive\Documents\SM 6\Prak PC\klasifikasi_jenis_kain_glcm_knn\dataset\Denim\denim_184.png,Denim,49.066179814241416,35.47300943344,4.968587461595615,1.8957862291904617,0.22468221076428765,0.07166500735193033,0.04454260279342593,0.007469585314332813,0.787926101550183,0.15330291486988978,0.0020398381683810122,0.0006958750587490715,75.44725036621094,84.43905639648438,97.422607421875,40.706491966612184,43.614098806882254,46.26668523342104,107.65643310546875,62.20796203613281,97.42437744140625,4.120688753431158,20.507801594284903,46.26501571043703,1.5258789062499222e-05,0.0,1.5258789062499222e-05,0.0003356933593749829,0.3036295572916512,0.029261271158852676,7.629394531249611e-05,0.0,0.17398071289061615,0.1592102050781169,0.00014241536458332608,0.0,0.08855183919270382,0.16447448730467912,0.06519063313801751,0.015116373697915898
C:\Users\Fakhri\OneDrive\Documents\SM 6\Prak PC\klasifikasi_jenis_kain_glcm_knn\dataset\Cotton\cotton_112.png,Cotton,3.040911197639261,2.050953425280912,0.949603170882388,0.3628706218412541,0.686618396111809,0.07095593961254908,0.41848188372199885,0.01883855822225135,0.9165068166233707,0.056710280145090025,0.17548197827940573,0.01570264846054738,236.47181701660156,242.53488159179688,243.130615234375,18.921904008970344,16.862007739360987,13.09558292706406,78.91184997558594,9.171966552734375,245.01449584960938,19.35306602348827,6.97419553316501,14.015164597598913,0.0,0.0,0.15367635091145052,0.05225118001301817,0.12720235188801435,0.00020345052083332296,0.0,0.0,0.3333333333333164,0.0,0.0,0.0,0.0,0.0,0.0018005371093749083,0.33153279622394144
C:\Users\Fakhri\OneDrive\Documents\SM 6\Prak PC\klasifikasi_jenis_kain_glcm_knn\dataset\Cotton\cotton_173.png,Cotton,3.2795095640256426,1.7616984336539367,1.2791854138025007,0.3976622243415884,0.5306276788750653,0.09271997471598298,0.17191871367183864,0.021792659452598662,0.6296527750101102,0.19891225922559935,0.030030964116596583,0.0076303698863200336,20.506134033203125,25.52294921875,27.51092529296875,7.289089226277633,8.63384952444172,10.058741790089469,96.468505859375,65.68827819824219,27.714584350585938,11.013884362208744,16.74972435354053,9.869290635507424,0.000956217447916618,0.00021362304687498913,0.0018615722656249052,0.04489135742187272,0.27597045898436096,0.00924682617187453,0.00017293294270832453,2.03450520833323e-05,0.13324483235676404,0.19991048177082316,0.0001780192057291576,0.0,0.3329722086588372,0.00036112467447914825,0.0,0.0
C:\Users\Fakhri\OneDrive\Documents\SM 6\Prak PC\klasifikasi_jenis_kain_glcm_knn\dataset\Cotton\cotton_138.png,Cotton,17.501933301082104,10.791464076614409,3.056172289708188,1.0163150067600097,0.30081932624134733,0.07995556160261945,0.052685821938857604,0.008273559100826071,0.8939187917877213,0.06539245934059071,0.0028442476135678726,0.0008927860280354163,132.39303588867188,121.96388244628906,124.02885437011719,34.92378267071807,37.11494150473656,36.51798848813928,109.55313110351562,25.285720825195312,132.52261352539062,74.14917308196668,12.006374495527576,35.10854108455529,0.1086781819661403,0.009272257486978694,0.0009663899739582841,0.000615437825520802,0.0015563964843749209,0.0038503011067706375,0.029673258463540155,0.17872111002603255,0.3331349690755039,0.0001983642578124899,0.0,0.0,0.0006866455078124651,0.1639760335286375,0.14520772298176343,0.02346293131510297
C:\Users\Fakhri\OneDrive\Documents\SM 6\Prak PC\klasifikasi_jenis_kain_glcm_knn\dataset\Nylon\nylon_071.png,Nylon,3.2337578514959975,1.0825518531075662,1.350344260672535,0.2602795482084096,0.4961941385302135,0.060520815571096225,0.0832738574984727,0.007714212950532055,0.9710632819701807,0.009706690092205318,0.006994044424122094,0.0013245741695604581,113.604736328125,120.71920776367188,128.78497314453125,28.908260352876578,29.978147268939004,32.24695988990299,105.70260620117188,30.234115600585938,128.78721618652344,4.248290303479427,5.751938155673136,32.24385940401888,0.0,0.0,0.0,0.0005187988281249735,0.3188730875650879,0.01393127441406179,1.017252604166615e-05,0.0,0.3333333333333164,0.0,0.0,0.0,0.00020853678385415606,0.17882792154947005,0.14547220865884675,0.008824666341145385
C:\Users\Fakhri\OneDrive\Documents\SM 6\Prak PC\klasifikasi_jenis_kain_glcm_knn\dataset\Wool\wool_143.png,Wool,29.82046909774715,19.381775030330576,3.9672394265353588,1.5037821840215282,0.2558597221263442,0.09235976800449655,0.06344460447476162,0.010796114475847987,0.5767729192310062,0.2748183181163109,0.004141773924734557,0.0014140456078565377,50.43780517578125,63.43653869628906,100.50820922851562,20.9906328268542,24.043901365576207,29.63622102546625,112.31712341308594,130.87896728515625,100.50820922851562,1.5108465270097466,19.530528099356403,29.63622102546625,0.0,0.0,0.0,0.0,0.1949666341145734,0.13836669921874295,0.0,0.0,0.0005238850911458067,0.14775594075520082,0.18505350748696975,0.0,0.025751749674477856,0.242390950520821,0.06462097167968421,0.0005696614583333043
C:\Users\Fakhri\OneDrive\Documents\SM 6\Prak PC\klasifikasi_jenis_kain_glcm_knn\dataset\Silk\silk_144.png,Silk,28.9042281165168,12.569314372865554,3.6226716474019565,0.9054050687761269,0.3124932276061583,0.05932641210673737,0.0672769799671711,0.007559508371056138,0.8594196092765127,0.061097998062162394,0.00458333820031521,0.0010385279633862632,64.1185302734375,91.04898071289062,79.4649658203125,36.46433077790045,42.3933787181806,42.14634196770341,76.51455688476562,85.00386047363281,91.05430603027344,4.064482900862395,24.334053907133512,42.40205167539021,0.0,0.0,0.003260294596354001,0.32916768391925405,0.0009053548177082872,0.0,0.0,0.0,0.07500203450520451,0.24943033854165397,0.00890096028645788,0.0,0.12057495117186887,0.13191731770832663,0.07899475097655848,0.0018463134765624059
C:\Users\Fakhri\OneDrive\Documents\SM 6\Prak PC\klasifikasi_jenis_kain_glcm_knn\dataset\Silk\silk_135.png,Silk,78.01675398038736,29.318587152940196,5.693076807967093,1.3080546995946636,0.2429793341172487,0.052431632063732234,0.05759324329337561,0.007557934766041833,0.4414495338267502,0.20965081980940609,0.0033741040509776975,0.0009042517015191326,68.05796813964844,70.41033935546875,72.18934631347656,33.419902819520615,33.23824180504764,34.744710923538626,89.94097900390625,24.018264770507812,73.46177673339844,36.445394499053684,14.354944791169673,34.531270382035096,0.023117065429686324,0.02408854166666544,0.027715047200519424,0.04066467285156043,0.13402303059895151,0.06235758463541349,0.014485677083332595,0.00688171386718715,0.32937622070310824,0.003957112630208132,0.0,0.0,0.15297953287759639,0.15355428059895052,0.022989908854165495,0.0038096110026039727
C:\Users\Fakhri\OneDrive\Documents\SM 6\Prak PC\klasifikasi_jenis_kain_glcm_knn\dataset\Wool\wool_070.png,Wool,8.076752526959686,4.808698951312356,2.062979181530871,0.6713953515473698,0.3965880938588913,0.09053377787070688,0.05572973887223697,0.008840285043201243,0.9635668616965812,0.021722534373566995,0.0031839544344127685,0.0010080017413739894,113.21568298339844,119.40582275390625,128.5406036376953,44.25490673399518,42.077416548869266,38.254207594824855,99.33992004394531,38.47074890136719,128.9076385498047,26.526391645956487,33.24376188013407,38.25335318357611,0.015645345052082538,0.00954691569010368,0.005549112955728884,0.00929768880208286,0.258753458658841,0.029871622721352645,0.0031127929687498417,0.0015563964843749209,0.22520446777342604,0.10798136393228616,0.00014750162760415915,0.0,0.014450073242186764,0.14974466959634655,0.15341695149738802,0.015721638997395034
C:\Users\Fakhri\OneDrive\Documents\SM 6\Prak PC\klasifikasi_jenis_kain_glcm_knn\dataset\Cotton\cotton_155.png,Cotton,9.861599562973163,5.667056082121679,2.358021441042109,0.7462616604613072,0.3509927317052675,0.08612286793447042,0.08278821891616621,0.012298608376929315,0.7559613055635808,0.140268765376382,0.007005144959320134,0.002086141047128824,136.54769897460938,69.99351501464844,79.90269470214844,23.250031138724353,15.571111292870684,18.333646568485527,174.99075317382812,125.20433044433594,136.54769897460938,10.049446232222488,10.528861070941558,23.250031138724353,0.0010782877604166117,0.0,0.0,0.0,0.0,0.0,0.0,0.33225504557289975,0.0,0.19276428222655267,0.14056905110676368,0.0,0.0,0.12367757161457704,0.20782470703123943,0.0018310546874999068
C:\Users\Fakhri\OneDrive\Documents\SM 6\Prak PC\klasifikasi_jenis_kain_glcm_knn\dataset\Cotton\cotton_158.png,Cotton,11.740703367002984,5.539005996883612,2.5411341790387776,0.6740138904596488,0.33922693786115815,0.07234504146106399,0.08220640591655502,0.01002625536321724,0.6891118792382889,0.14661316030446864,0.006858418970325856,0.001694973768686689,47.775177001953125,52.74424743652344,60.26896667480469,16.39547798240193,17.546399465565017,18.8543846978218,108.00575256347656,54.514068603515625,60.27427673339844,5.76640941384876,13.855206658038727,18.84893853948569,8.646647135416227e-05,3.560384114583152e-05,6.612141927082997e-05,0.0010426839192707801,0.2747701009114443,0.05708312988280959,0.0002187093098958222,3.0517578124998445e-05,0.24720255533852908,0.08613077799478729,0.0,0.0,0.19685363769530248,0.13621520996093056,0.00026448567708331987,0.0
C:\Users\Fakhri\OneDrive\Documents\SM 6\Prak PC\klasifikasi_jenis_kain_glcm_knn\dataset\Cotton\cotton_130.png,Cotton,20.615460907390126,11.234761609671095,3.3650565876998275,1.0230752621338906,0.273929887633994,0.07428439206473818,0.06398215204473941,0.008611297456338205,0.6962386462798467,0.1660226364072367,0.004167870224157689,0.0011330583163717868,216.30868530273438,211.57244873046875,221.8682098388672,21.76612740030339,24.524092062969718,22.333044422455387,130.60841369628906,12.885513305664062,222.1381378173828,18.83425070567172,5.318556988175314,22.19606748869283,0.0014292399088540939,0.000544230143229139,0.0029856363932290147,0.0038655598958331366,0.021911621093748883,0.15273030598957554,0.14025878906249287,0.009607950846353677,0.3333333333333164,0.0,0.0,0.0,0.0,5.594889322916382e-05,0.03358968098958162,0.29968770345050555
C:\Users\Fakhri\OneDrive\Documents\SM 6\Prak PC\klasifikasi_jenis_kain_glcm_knn\dataset\Silk\silk_149.png,Silk,63.718277079661725,23.576800745910866,5.215441240925963,1.1579370122464643,0.2561194032708693,0.05075947254363141,0.06751745708321409,0.008122378065779324,0.5442430626632283,0.16878692840202553,0.0046245800364271075,0.0011249978935576593,95.16108703613281,112.92875671386719,79.80241394042969,33.712975297826524,33.40697952831159,33.357278745746676,46.10700988769531,79.98353576660156,112.92889404296875,2.0010622623698517,20.51043332772646,33.40745050309769,5.086263020833075e-06,0.06200663248697601,0.2713216145833195,0.0,0.0,0.0,0.0,0.0,0.07128906249999636,0.2620239257812367,2.03450520833323e-05,0.0,0.0,0.2436065673828001,0.07805887858072519,0.011667887369791073
C:\Users\Fakhri\OneDrive\Documents\SM 6\Prak PC\klasifikasi_jenis_kain_glcm_knn\dataset\Silk\silk_020.png,Silk,91.18372786348954,31.62816390048427,6.517122879523908,1.3434713547962818,0.20902718537610465,0.040466124754928244,0.047421607791606785,0.005186504373269241,0.565343396577486,0.15098830083248466,0.002275708713154922,0.0005090740487978929,130.53604125976562,130.81336975097656,133.56869506835938,40.293909395564114,41.16805758022436,42.44895126339141,101.31700134277344,8.225311279296875,134.02391052246094,44.721426987050975,4.826903437019663,42.096451506441106,0.04173278808593538,0.010599772135416127,0.006408691406249674,0.008153279622395418,0.09498087565103683,0.11187235514322347,0.04222106933593535,0.017364501953124115,0.3333333333333164,0.0,0.0,0.0,0.0,0.1789245605468659,0.11617024739582742,0.03823852539062305
C:\Users\Fakhri\OneDrive\Documents\SM 6\Prak PC\klasifikasi_jenis_kain_glcm_knn\dataset\Wool\wool_140.png,Wool,10.554791147628448,4.3879046719089185,2.3748053183455613,0.566155519150504,0.35989879066894065,0.06907087809950394,0.08650498594711774,0.009951988156219086,0.6912173819041221,0.12821164023654377,0.007582154661972562,0.0018004649605027152,63.07745361328125,64.30776977539062,98.14698791503906,15.916385966870225,16.286328965216434,19.930363948655256,118.99884033203125,93.478759765625,98.14698791503906,1.7708970992210635,14.57987937510726,19.930363948655256,0.0,0.0,0.0,0.0,0.00013224283854165994,0.3332010904947747,0.0,0.0,0.004903157552083083,0.3226064046223794,0.00582377115885387,0.0,0.014007568359374287,0.2966461181640474,0.022679646809894677,0.0
C:\Users\Fakhri\OneDrive\Documents\SM 6\Prak PC\klasifikasi_jenis_kain_glcm_knn\dataset\Nylon\nylon_026.png,Nylon,8.4275647668352,4.670938249109312,2.2187979941079776,0.6731221292795436,0.35822408565510105,0.08603353118441175,0.10244362644880073,0.012723443099377497,0.6065788400696603,0.21809411110295981,0.010656582604284521,0.0026785681762384376,72.08854675292969,99.45918273925781,100.60279846191406,11.561303756729647,13.610764548244601,14.687692946054883,91.05642700195312,73.52999877929688,101.08749389648438,2.4379986623920824,6.550389940608265,14.433513039974994,0.0,0.0,0.0,0.08723449707030806,0.2460988362630083,0.0,0.0,0.0,0.01930745442708235,0.314025878906234,0.0,0.0,3.0517578124998445e-05,0.3183339436848796,0.014968872070311738,0.0
C:\Users\Fakhri\OneDrive\Documents\SM 6\Prak PC\klasifikasi_jenis_kain_glcm_knn\dataset\Denim\denim_127.png,Denim,65.02372505116476,45.93334638589366,5.781087775546676,2.220052144801004,0.18968833631344484,0.07019058526231642,0.0339741849094336,0.005937131322312938,0.7855811824524012,0.15126359727112512,0.0011894947685987753,0.0004329446177992827,107.15901184082031,113.29898071289062,122.01921081542969,48.41604803725119,49.37723426451313,50.11476800434995,107.59230041503906,35.31187438964844,122.02153015136719,4.287887751073423,14.804788814450133,50.113162747112305,2.03450520833323e-05,0.0,3.0517578124998445e-05,0.0004933675130208082,0.29995727539060973,0.0327707926432275,5.086263020833074e-05,1.017252604166615e-05,0.31414286295571314,0.01919047037760319,0.0,0.0,0.04346211751301862,0.14474995930988846,0.10720825195311955,0.037913004557289735
C:\Users\Fakhri\OneDrive\Documents\SM 6\Prak PC\klasifikasi_jenis_kain_glcm_knn\dataset\Nylon\nylon_047.png,Nylon,7.128955345412938,3.0019571525661624,1.929790050089995,0.43719859814575135,0.42669836794843014,0.06065681017583048,0.11168520833755291,0.009117391772973214,0.9314153055682929,0.029022353067296284,0.01255671259414448,0.002082729611062834,216.27635192871094,220.25350952148438,184.0386962890625,27.732863622497476,28.41089666962464,35.11958241151683,33.67189025878906,43.62139892578125,220.27906799316406,2.15435143514723,14.912754979550762,28.372686249885753,0.0,0.3325398763020664,0.0007934570312499596,0.0,0.0,0.0,0.0,0.0,0.3035024007161304,0.02983093261718598,0.0,0.0,0.0,0.0,0.0666351318359341,0.26669820149738227
C:\Users\Fakhri\OneDrive\Documents\SM 6\Prak PC\klasifikasi_jenis_kain_glcm_knn\dataset\Silk\silk_116.png,Silk,89.71941279730642,39.583018217439424,6.6792545788739055,1.7594630680342476,0.20237898837858337,0.05079671270071395,0.05431591140524358,0.008190023682548953,0.5154923997909425,0.21349083048387477,0.0030172947197029828,0.0009096375386541338,63.61358642578125,69.90760803222656,82.75094604492188,36.41670619663127,38.7015604905658,42.73715479941609,110.13972473144531,63.923553466796875,82.75222778320312,4.356681691801726,19.452377073200722,42.73661240763082,1.017252604166615e-05,0.0,2.03450520833323e-05,0.0003153483072916506,0.25097656249998723,0.08188374837239167,0.00012715657552082686,0.0,0.16746012369790814,0.16583760579426238,3.560384114583152e-05,0.0,0.14296468098957604,0.13564554850259725,0.04853820800781003,0.006184895833333018
C:\Users\Fakhri\OneDrive\Documents\SM 6\Prak PC\klasifikasi_jenis_kain_glcm_knn\dataset\Silk\silk_146.png,Silk,56.004850191794795,25.964515528995975,5.443717496732897,1.4952956132784698,0.2107260619782574,0.05271785893544802,0.04026819797420273,0.005239584111723868,0.6688647467935586,0.15353537201363152,0.001648981009753414,0.0004349439628772605,104.96707153320312,150.87786865234375,145.92759704589844,33.05343346478576,38.549647922226725,39.037152605809645,86.57089233398438,80.27302551269531,150.96365356445312,2.2817670988487184,15.420959633228737,38.594516104241755,0.0,0.0,0.0,0.3063964843749844,0.026936848958331962,0.0,0.0,0.0,0.04415893554687275,0.2891743977864436,0.0,0.0,1.5258789062499222e-05,0.10464477539061967,0.17125956217447044,0.05741373697916374
C:\Users\Fakhri\OneDrive\Documents\SM 6\Prak PC\klasifikasi_jenis_kain_glcm_knn\dataset\Cotton\cotton_097.png,Cotton,22.84673167911463,16.011336068651715,3.545778160831397,1.3681366783676143,0.2673898407775474,0.09398697037436961,0.0645593440087749,0.011170336790724636,0.624856944263538,0.2624296098062657,0.004292685322861557,0.0015841684981647212,57.61506652832031,66.27171325683594,56.15118408203125,20.720540391566704,22.814086056948465,21.485522720805072,55.9591064453125,43.662109375,66.27195739746094,7.335026822627808,13.587337831934954,22.813705254739233,4.06901041666646e-05,0.014139811197915946,0.2969258626301932,0.02213541666666554,9.155273437499534e-05,0.0,0.0,0.0,0.29968261718748473,0.03365071614583162,0.0,0.0,0.16061909993488765,0.1705932617187413,0.002115885416666559,5.086263020833075e-06
C:\Users\Fakhri\OneDrive\Documents\SM 6\Prak PC\klasifikasi_jenis_kain_glcm_knn\dataset\Cotton\cotton_182.png,Cotton,38.873995448654235,21.237818251188745,4.4911381891853726,1.37305771261742,0.23101804844115606,0.06541069721874941,0.054475708586375855,0.00795931227927452,0.6397457894980937,0.19662535325566424,0.003030953477946755,0.0009136393473714117,76.84423828125,96.319091796875,126.96990966796875,27.023745228188965,30.239571569814746,33.908040316208286,108.21330261230469,102.22962951660156,126.96990966796875,2.1079467197995503,23.213259737349368,33.908040316208286,0.0,0.0,0.0,0.0,0.32940673828123324,0.0039265950520831336,0.0,0.0,0.023727416992186293,0.2722676595051945,0.0373382568359356,0.0,0.004613240559895598,0.17647298177082435,0.13799540201822214,0.014251708984374275
C:\Users\Fakhri\OneDrive\Documents\SM 6\Prak PC\klasifikasi_jenis_kain_glcm_knn\dataset\Wool\wool_060.png,Wool,20.603450962691813,11.839400223245974,3.2427755022293905,1.0157393924361342,0.2960220809156878,0.07450780971783492,0.052593409560337506,0.008112394153793454,0.8782994866705901,0.07002663714522805,0.002831877668087903,0.0008794199093833619,104.8223876953125,107.90060424804688,115.27352905273438,35.70434997573175,36.83807625187174,39.62848380255928,110.79634094238281,23.009963989257812,115.29203796386719,11.18313105005824,7.123366312230842,39.609998239469135,0.0014801025390624245,0.00025939941406248677,0.00037129720052081445,0.002258300781249885,0.18794759114582377,0.13737996419270135,0.0032450358072915013,0.00039164225260414674,0.3333282470702955,5.086263020833075e-06,0.0,0.0,0.02307637532551966,0.1972757975260316,0.09739685058593255,0.01558430989583254
C:\Users\Fakhri\OneDrive\Documents\SM 6\Prak PC\klasifikasi_jenis_kain_glcm_knn\dataset\Silk\silk_129.png,Silk,44.69359362889654,27.508826682096235,4.549558559278245,1.5851429607753191,0.2639627984007389,0.07492063782359389,0.041538058067806555,0.007169233077650429,0.8851262627437183,0.07075660845001469,0.0017768081709661464,0.0006058871057153877,151.71836853027344,154.91822814941406,171.6589813232422,54.097536082140635,57.00136989949565,54.46368676343067,114.09916687011719,33.2471923828125,171.7313690185547,9.77721227758522,12.993096195976952,54.56975238943764,2.03450520833323e-05,1.5258789062499222e-05,0.0025685628255207025,0.006632486979166329,0.09993489583332825,0.22393290201821775,0.00022888183593748834,0.0,0.3310445149739415,0.0022888183593748833,0.0,0.0,0.0011749267578124402,0.09143066406249535,0.10252380371093228,0.1382039388020763
C:\Users\Fakhri\OneDrive\Documents\SM 6\Prak PC\klasifikasi_jenis_kain_glcm_knn\dataset\Denim\denim_192.png,Denim,37.14742314165154,25.72534475628429,4.481630548988803,1.6713766727581776,0.22430122983438286,0.07199681899273828,0.03711819456944659,0.006512987107951877,0.8633045733419321,0.09461332457263126,0.001420179369163641,0.0004949561658944831,108.98695373535156,119.20606994628906,136.0176544189453,44.935716930834275,46.99392206790649,49.31555345389902,108.60887145996094,54.30949401855469,136.017822265625,2.4475429191627005,15.900851865204979,49.315942786125724,0.0,0.0,0.0,3.560384114583152e-05,0.3165639241536297,0.016733805338540814,0.0,0.0,0.24358113606769594,0.08975219726562043,0.0,0.0,0.022989908854165495,0.1285654703775976,0.12931823730468092,0.05245971679687233
C:\Users\Fakhri\OneDrive\Documents\SM 6\Prak PC\klasifikasi_jenis_kain_glcm_knn\dataset\Nylon\nylon_088.png,Nylon,3.629252535531801,2.206317418372624,1.4087069630174434,0.4800314981905651,0.4901185080023743,0.10255594367122334,0.10806622727440877,0.016809796718758905,0.8867676860089272,0.06894778416493409,0.011960878743050166,0.0037129674022764684,44.202117919921875,50.3341064453125,57.69789123535156,15.337113879879581,15.895396863176714,18.3220904440088,105.7384033203125,61.36302185058594,57.70317077636719,4.418252274769357,11.772476027598103,18.31153706952853,5.086263020833075e-06,0.0,1.017252604166615e-05,0.0013275146484374323,0.32379659016925433,0.008193969726562082,0.0,0.0,0.19825236002603158,0.1350809733072848,0.0,0.0,0.20150756835936473,0.13182576497395163,0.0,0.0
C:\Users\Fakhri\OneDrive\Documents\SM 6\Prak PC\klasifikasi_jenis_kain_glcm_knn\dataset\Silk\silk_108.png,Silk,53.16028563180789,27.28874227229676,5.401585939331485,1.6140675334952337,0.19002508060791767,0.062251671607966595,0.03860204751239756,0.005996001928250923,0.7396959912265672,0.1337054069237131,0.0015260701112729883,0.0004963114299656832,95.24490356445312,116.2095947265625,152.33143615722656,35.69016947693166,42.93304606950754,41.70974305045555,109.00294494628906,99.23396301269531,152.33322143554688,3.980065131541793,20.357022137300003,41.71373322302561,0.0,0.0,0.0,0.00024922688802082063,0.2631835937499866,0.06990051269530895,0.0,0.0,0.01871236165364488,0.297907511393214,0.016713460286457482,0.0,0.001032511393229114,0.10130818684895318,0.16454060872394996,0.06645202636718411
C:\Users\Fakhri\OneDrive\Documents\SM 6\Prak PC\klasifikasi_jenis_kain_glcm_knn\dataset\Denim\denim_093.png,Denim,7.410081647189222,4.69892462826487,1.8067076329862441,0.6654892537683567,0.4667109916998853,0.10418637464736318,0.1462093554623035,0.02289796198666472,0.6688476807792988,0.21024020444938854,0.021901492287844954,0.0069025054803975895,23.83428955078125,28.555770874023438,33.304931640625,11.810309238323619,13.55824777486596,16.491577887099357,101.99214172363281,71.01119995117188,33.406280517578125,13.433845883619199,20.059109040969208,16.377945438456987,0.0023600260416665464,0.0006663004557291327,0.002466837565104041,0.02013142903645731,0.28090922037758986,0.026331583658852825,0.00037129720052081445,9.663899739582841e-05,0.10127766927082818,0.23177083333332152,0.00028483072916665216,0.0,0.3169453938801922,0.01608276367187418,0.0003000895182291514,5.086263020833075e-06
C:\Users\Fakhri\OneDrive\Documents\SM 6\Prak PC\klasifikasi_jenis_kain_glcm_knn\dataset\Wool\wool_146.png,Wool,29.41693709848423,20.713069398100682,3.952344940265404,1.6098365275443982,0.2585937129569482,0.10582501613339709,0.06545456483579186,0.012947941775598309,0.5890240782291764,0.288862303136053,0.0044519492540671625,0.0019024426996580182,51.47230529785156,64.49224853515625,100.79518127441406,20.922663285545184,24.20875425724571,30.482758127568513,112.19070434570312,128.13221740722656,100.79518127441406,1.6160953489038612,18.572717940218627,30.482758127568513,0.0,0.0,0.0,0.0,0.20302836100259383,0.13030497233072252,0.0,0.0,0.000411987304687479,0.16197204589842926,0.17094930013019963,0.0,0.0268046061197903,0.23652648925780045,0.06951904296874646,0.0004831949869791421
C:\Users\Fakhri\OneDrive\Documents\SM 6\Prak PC\klasifikasi_jenis_kain_glcm_knn\dataset\Wool\wool_137.png,Wool,9.448781542839756,3.8721711569850923,2.2370981380687307,0.52127527011259,0.3766835452847596,0.0672163627649334,0.08119660567853852,0.009396037371369828,0.7898923793615661,0.08625644819843836,0.006681174292000252,0.001575890778850955,65.91534423828125,68.52792358398438,103.53697204589844,18.217134466956214,18.379339585338652,24.507478286329686,117.88740539550781,94.30116271972656,103.53697204589844,1.6277403483242299,12.199068622613812,24.507478286329686,0.0,0.0,0.0,0.0,0.0003967285156249798,0.3329366048176914,0.0,0.0,0.002039591471354063,0.3289998372395666,0.0022939046223957164,0.0,0.012222290039061877,0.26087951660154923,0.06022644042968443,5.086263020833075e-06
C:\Users\Fakhri\OneDrive\Documents\SM 6\Prak PC\klasifikasi_jenis_kain_glcm_knn\dataset\Wool\wool_199.png,Wool,28.437202225541352,15.927249419965513,3.988452632794979,1.2641645966951565,0.23684548362176136,0.07212945143133602,0.0554468926618639,0.00803420386538774,0.6858863872611565,0.17582620226897788,0.0031389063376068694,0.0009173547479378527,81.14071655273438,81.40107727050781,96.30258178710938,25.454129811993766,27.012657500162387,30.157852380899627,120.20193481445312,43.26373291015625,96.30268859863281,4.779369260066767,8.214944647261433,30.157807037157795,1.017252604166615e-05,0.0,5.086263020833075e-06,0.0,0.010228474934895312,0.3217264811197753,0.0013478597005207647,1.5258789062499222e-05,0.3255564371744626,0.007776896158853771,0.0,0.0,0.04283650716145615,0.23691304524738377,0.053014119466143136,0.0005696614583333043
C:\Users\Fakhri\OneDrive\Documents\SM 6\Prak PC\klasifikasi_jenis_kain_glcm_knn\dataset\Cotton\cotton_028.png,Cotton,66.14078350998689,39.63663977270476,5.988467005716689,2.04391737171658,0.17797022663291986,0.06332751601728114,0.03191422761893576,0.005429060556656454,0.7642246456382656,0.14149248784820515,0.0010479926230410853,0.00037251775955589317,152.0255584716797,158.20712280273438,176.2802734375,47.124980603063335,48.327643901677625,46.42446538836127,114.61624145507812,40.62541198730469,176.93673706054688,14.406126325863042,21.756720980428828,46.11474556783618,0.0001576741536458253,0.0,0.0004882812499999751,0.003021240234374846,0.19706726074217745,0.10697937011718205,0.010391235351561971,0.015228271484374225,0.27235921223956944,0.0609741210937469,0.0,0.0,0.00028483072916665216,0.056966145833330435,0.13747660319009716,0.1386057535807221
C:\Users\Fakhri\OneDrive\Documents\SM 6\Prak PC\klasifikasi_jenis_kain_glcm_knn\dataset\Nylon\nylon_148.png,Nylon,5.364142302293125,2.8490352738010674,1.740780785202917,0.5120864428589138,0.42747287006764023,0.0873946465709563,0.09774526525935989,0.013587638647652672,0.8409290366314006,0.08466159534957893,0.009738760804641812,0.00272998136169311,54.94853210449219,55.94789123535156,55.94691467285156,16.216724964074377,16.35730564256962,17.365662324493513,70.36201477050781,11.864303588867188,56.8497314453125,45.02607178622634,8.937054604529548,16.831379963935767,0.06582132975260081,0.03823852539062305,0.037170410156248106,0.039733886718747974,0.08721415201822473,0.05045064290364326,0.010136922200520317,0.004567464192708101,0.3331502278645664,0.00018310546874999068,0.0,0.0,0.20859781901040605,0.12473551432291032,0.0,0.0
C:\Users\Fakhri\OneDrive\Documents\SM 6\Prak PC\klasifikasi_jenis_kain_glcm_knn\dataset\Denim\denim_168.png,Denim,50.631068530186575,37.22602541337059,5.19647309042199,2.034333648115891,0.20546284198706274,0.07297487694995573,0.03416955226801006,0.006250125079104469,0.8493791122392668,0.11072468478520185,0.0012066223657007217,0.0004568923926960482,115.55526733398438,125.23023986816406,144.04273986816406,50.9495932343631,52.28965618343649,52.25271340743762,109.86654663085938,56.06779479980469,144.04383850097656,2.8890114183936286,20.712602410529488,52.254956907671826,0.0,0.0,0.0,0.00018819173177082375,0.27720133463540253,0.055943806966142984,0.0,0.0,0.2082519531249894,0.12507629394530614,5.086263020833075e-06,0.0,0.014877319335936742,0.12451171874999366,0.121271769205723,0.07267252604166297
C:\Users\Fakhri\OneDrive\Documents\SM 6\Prak PC\klasifikasi_jenis_kain_glcm_knn\dataset\Nylon\nylon_178.png,Nylon,14.739368967626534,10.518431008370312,2.8760300604924187,1.174415364259833,0.30388745559330005,0.11517828458048716,0.07246098482050664,0.012987898828409233,0.7372803906158508,0.18760347796851617,0.005419279837134687,0.0019900753955279294,185.8071746826172,168.95851135253906,122.77740478515625,18.989555405942152,22.33799989943938,22.1578631223246,22.066162109375,87.63238525390625,185.8071746826172,1.690089164475295,14.921940151167238,18.989555405942152,0.20161437988280223,0.13171895345051413,0.0,0.0,0.0,0.0,0.0,0.0,0.02427164713541543,0.3090565999348801,5.086263020833075e-06,0.0,0.0,3.560384114583152e-05,0.20659383138019782,0.12670389811197272
C:\Users\Fakhri\OneDrive\Documents\SM 6\Prak PC\klasifikasi_jenis_kain_glcm_knn\dataset\Silk\silk_185.png,Silk,50.62563245897285,19.003252004986148,4.657879268983558,1.0478854766848447,0.2747831845315603,0.053313322645700066,0.06895784623478181,0.008186016541184374,0.6921272105932285,0.11555822769811464,0.004822195424152354,0.0011575184023294713,128.92813110351562,90.00955200195312,112.28312683105469,33.29498128044124,36.892186809361235,41.858952072585346,162.3086395263672,83.15802001953125,129.16578674316406,6.892276929049587,25.72883151974951,33.80312381892198,4.577636718749767e-05,0.0,0.0,0.0,0.0,0.0,0.07480875651041285,0.25847880045571603,0.08802286783853719,0.24293518066405012,0.0023752848307290455,0.0,0.0,0.19898986816405237,0.11192830403645264,0.02241516113281136
C:\Users\Fakhri\OneDrive\Documents\SM 6\Prak PC\klasifikasi_jenis_kain_glcm_knn\dataset\Cotton\cotton_030.png,Cotton,9.754449909388768,5.11112429502283,1.8690509746722974,0.563620767280866,0.4989855545382597,0.077013308581382,0.1744157048523669,0.021242186038909497,0.7115488937234621,0.15084385142520093,0.0308720685668596,0.00746653878761234,21.510086059570312,25.6090087890625,27.144882202148438,15.18503193615565,16.68941609270821,18.245865588565753,93.23887634277344,58.09320068359375,27.506072998046875,18.44515507085228,20.77175708720857,18.035787644837647,0.005574544270833049,0.001576741536458253,0.009577433268228679,0.06602986653645497,0.23094177246092573,0.01871236165364488,0.0007781982421874604,0.00014241536458332608,0.19392903645832346,0.1387583414713471,0.0006459554036458004,0.0,0.3166046142577964,0.01629130045572834,0.0004374186197916444,0.0
C:\Users\Fakhri\OneDrive\Documents\SM 6\Prak PC\klasifikasi_jenis_kain_glcm_knn\dataset\Nylon\nylon_173.png,Nylon,5.832096125120779,3.033891438385408,1.778979924344067,0.5161039825225768,0.4316347556172732,0.08405652011668939,0.11636306312186102,0.014807364681626684,0.6912806373729391,0.1605569235141929,0.013759620507916901,0.003540399192632205,75.09718322753906,32.944244384765625,36.68318176269531,13.790124804164304,11.6331287924082,13.121422795934578,163.82398986816406,146.37205505371094,75.09718322753906,46.5797149128152,21.48360693996814,13.790124804164304,0.025024414062498727,0.0,0.0,0.0,0.0,0.0,0.0,0.30830891927081766,3.0517578124998445e-05,0.06996154785155893,0.26305643717446575,0.00028483072916665216,0.07471211751301703,0.2586161295572785,5.086263020833075e-06,0.0
C:\Users\Fakhri\OneDrive\Documents\SM 6\Prak PC\klasifikasi_jenis_kain_glcm_knn\dataset\Silk\silk_178.png,Silk,33.346457203163475,16.00625698031121,3.8846026887870813,1.0450070077372127,0.3007238027955947,0.062101205222247866,0.07159703456914947,0.008527198774466142,0.8929745870019682,0.05140275788804,0.00519884847803524,0.0012480536647621816,86.78872680664062,84.01724243164062,94.69255065917969,49.08876945137685,49.37279411180757,55.85449637285736,129.86083984375,29.431472778320312,94.8931884765625,21.818819759129532,10.02128947493632,55.675540526971645,0.005940755208333031,0.00036621093749998135,0.00014241536458332608,0.00010172526041666148,0.004725138346353926,0.20480346679686456,0.0956064860025993,0.021647135416665565,0.33299255371092057,0.00034077962239581597,0.0,0.0,0.1376190185546805,0.10430908203124468,0.06481424967447587,0.02659098307291531
C:\Users\Fakhri\OneDrive\Documents\SM 6\Prak PC\klasifikasi_jenis_kain_glcm_knn\dataset\Silk\silk_046.png,Silk,85.56256823093571,29.325266297093417,5.995461850207307,1.2552381929812513,0.24312289531641,0.045926104865473494,0.06639104578357086,0.007310850321450963,0.4124668414505341,0.20113549030970898,0.00446121949265886,0.001005640945660167,59.08570861816406,85.14311218261719,94.27999877929688,33.49439832050877,34.253356490850216,36.27768003470289,97.4725341796875,102.90708923339844,94.28286743164062,2.688358787897285,26.989995520397205,36.27834673504159,4.06901041666646e-05,0.0,0.0,0.000752766927083295,0.33253479003904557,5.086263020833075e-06,0.0,0.0,0.03187052408854004,0.24344889322915428,0.058013916015622044,0.0,0.06212361653645517,0.2185262044270722,0.04366048177083111,0.009023030598957874
C:\Users\Fakhri\OneDrive\Documents\SM 6\Prak PC\klasifikasi_jenis_kain_glcm_knn\dataset\Nylon\nylon_190.png,Nylon,35.34526467484017,20.864898287964916,4.029785366662599,1.423163065894765,0.2756117540287692,0.0917664130655944,0.07993890630703165,0.013345525265604168,0.47452817002751296,0.30930182014067886,0.006568331786179263,0.0022870365565248875,50.4788818359375,60.69110107421875,81.48243713378906,21.739494776206488,23.38050904662941,26.229340998981122,110.11248779296875,100.9102783203125,81.48245239257812,2.0101394741204888,19.61622858495351,26.229329374281633,0.0,0.0,0.0,5.086263020833075e-06,0.29963684082029723,0.033691406249998286,0.0,0.0,0.013992309570311787,0.294799804687485,0.024541219075519583,0.0,0.08112080891926671,0.2302703857421758,0.0209604899088531,0.0009816487630207834
C:\Users\Fakhri\OneDrive\Documents\SM 6\Prak PC\klasifikasi_jenis_kain_glcm_knn\dataset\Denim\denim_053.png,Denim,15.975713165806448,8.39864695080638,2.158357218156955,0.6372813868860343,0.48891323519336294,0.07480169969094069,0.16828669926951687,0.020274042291490796,0.7086523760609649,0.15281642066836285,0.028731449941865977,0.0069366236516448625,24.384017944335938,29.408279418945312,31.3951416015625,19.94205565650344,21.0234181457047,22.6492551880995,95.51118469238281,64.98843383789062,31.704238891601562,11.13523945695864,20.34166972281123,22.4699514054312,0.0005086263020833075,0.00019327799479165682,0.0027770996093748586,0.06355285644530927,0.2587687174479035,0.007405598958332957,9.663899739582841e-05,3.0517578124998445e-05,0.14560953776040925,0.18700663248696964,0.0007171630859374635,0.0,0.31014506022133836,0.019454956054686508,0.0034637451171873235,0.0002695719401041529
C:\Users\Fakhri\OneDrive\Documents\SM 6\Prak PC\klasifikasi_jenis_kain_glcm_knn\dataset\Denim\denim_155.png,Denim,31.165821744074666,20.497198241442753,4.040601766260007,1.4168620704816075,0.24628069862941557,0.07236079523514001,0.042349131348795345,0.006828441190664862,0.8670863819408275,0.08740484816827794,0.001840076535091889,0.0005951285559651417,103.15208435058594,111.77462768554688,127.35821533203125,42.26659057199638,43.592253497439785,44.85129450784147,109.38446044921875,52.44447326660156,127.35832214355469,2.3081513116430736,15.333651854141722,44.85135540243519,0.0,0.0,0.0,2.03450520833323e-05,0.30517578124998446,0.028132120768227735,5.086263020833075e-06,0.0,0.25603739420571614,0.07729593912760023,0.0,0.0,0.017181396484374126,0.16295878092447086,0.1189371744791606,0.03425598144531076
C:\Users\Fakhri\OneDrive\Documents\SM 6\Prak PC\klasifikasi_jenis_kain_glcm_knn\dataset\Silk\silk_200.png,Silk,143.8822696010809,105.10160663697614,8.536646417081338,3.8609870277629263,0.15803801532348352,0.08314495673207746,0.03809530960308307,0.008686893323789751,0.5475097539946762,0.3302971850406058,0.0015267147293736563,0.0006933733536303197,97.97706604003906,95.14152526855469,93.73138427734375,49.08470407976318,50.558622927340835,52.91871906771965,49.48524475097656,22.255050659179688,98.95416259765625,56.237454619290446,15.518848318755433,50.541547594102084,0.19127909342446942,0.04193115234374786,0.0035959879557289835,0.001368204752604097,0.01854960123697822,0.034454345703123244,0.01689147949218664,0.02526346842447788,0.3286539713541499,0.004679361979166428,0.0,0.0,0.10114034016926568,0.13602701822915975,0.0772450764973919,0.018920898437499035
C:\Users\Fakhri\OneDrive\Documents\SM 6\Prak PC\klasifikasi_jenis_kain_glcm_knn\dataset\Denim\denim_030.png,Denim,3.130273262611436,1.6422719129141288,1.1903722637013876,0.3564927980813638,0.5637313065630889,0.08357772380702135,0.2060312007996349,0.023300157512923247,0.5677259939872692,0.22679326528742424,0.04299175304306652,0.009910581808039822,19.227020263671875,23.5321044921875,24.990631103515625,6.91314258591298,7.713555521547975,8.76808107397921,95.31181335449219,61.27870178222656,25.272598266601562,12.782063633377186,18.184020668296004,8.593331871894398,0.00157165527343742,0.00028483072916665216,0.0028432210286456886,0.05963134765624696,0.2554066975911328,0.013193766276040995,0.0003204345703124837,8.13802083333292e-05,0.16973876953124137,0.16345214843749167,0.00014241536458332608,0.0,0.333099365234358,0.00023396809895832142,0.0,0.0
C:\Users\Fakhri\OneDrive\Documents\SM 6\Prak PC\klasifikasi_jenis_kain_glcm_knn\dataset\Cotton\cotton_170.png,Cotton,2.821021928418308,1.2406679427655252,1.1415290110981648,0.29196045876816257,0.569680358695722,0.07336120287552658,0.1757431459068316,0.018947743435763827,0.7163154541059543,0.12478702424249466,0.031244670314537436,0.006802189027230305,28.774520874023438,31.6160888671875,40.429290771484375,8.231482880305437,8.816265883403712,11.100666537117668,112.47714233398438,73.32905578613281,40.43263244628906,6.33464141627665,15.03821370979346,11.09356883396343,0.00018819173177082375,2.543131510416537e-05,8.13802083333292e-05,0.0006968180338541312,0.15296427408853389,0.17905680338540755,0.00031026204427081754,1.017252604166615e-05,0.07318115234374627,0.26014709472654923,5.086263020833075e-06,0.0,0.32692464192706666,0.006408691406249674,0.0,0.0
C:\Users\Fakhri\OneDrive\Documents\SM 6\Prak PC\klasifikasi_jenis_kain_glcm_knn\dataset\Cotton\cotton_083.png,Cotton,12.514830961862621,8.631258874784363,2.57888729308725,0.978402911102534,0.3422759666102984,0.1007848880504838,0.07103958427151126,0.01197639636478319,0.8729600137470069,0.08787392010599439,0.00519005660335554,0.0017598229543782304,213.23361206054688,215.29156494140625,191.85667419433594,26.30973990615964,28.084004621263556,33.967853100571375,34.33699035644531,29.654678344726562,215.74468994140625,5.4358392645850975,14.241972164790832,27.456707019892928,2.543131510416537e-05,0.31478373209633814,0.018508911132811556,1.5258789062499222e-05,0.0,0.0,0.0,0.0,0.3261922200520667,0.007141113281249637,0.0,0.0,0.0,1.017252604166615e-05,0.06888834635416316,0.2644348144531115
C:\Users\Fakhri\OneDrive\Documents\SM 6\Prak PC\klasifikasi_jenis_kain_glcm_knn\dataset\Denim\denim_103.png,Denim,14.742682541195704,7.855611163257808,2.3255542935929303,0.7084241669113274,0.4414423917928498,0.07940177308378213,0.1413374753516368,0.018336731041699708,0.7512114163944629,0.1323794595131654,0.020312517644070174,0.005227255064663061,27.415390014648438,32.281982421875,35.87586975097656,20.679790371810963,21.786614466183785,24.269659571965963,99.75848388671875,66.00120544433594,36.043365478515625,10.909012344759688,20.625665422192146,24.145770447814517,0.0006205240885416351,0.00014750162760415915,0.0017293294270832452,0.03515624999999821,0.28007507324217323,0.015477498372395045,0.00011698404947916071,1.017252604166615e-05,0.1457112630208259,0.18659464518228217,0.001027425130208281,0.0,0.29988606770831805,0.029062906901040186,0.0041809082031247875,0.00020345052083332296
C:\Users\Fakhri\OneDrive\Documents\SM 6\Prak PC\klasifikasi_jenis_kain_glcm_knn\dataset\Denim\denim_036.png,Denim,35.94967423083631,24.241189439682838,4.323227321999921,1.5182945505120724,0.23563900599895007,0.07029128476094014,0.049922992426632784,0.007713399744051802,0.7499664086791222,0.16852472675884672,0.002551801708441173,0.0008073741115905993,65.70448303222656,76.7705078125,90.28843688964844,31.86981080495524,34.48012167692289,36.6589220618148,106.46665954589844,74.56413269042969,90.28858947753906,2.9748219954065616,20.056025977601756,36.65885842534857,0.0,0.0,0.0,4.577636718749767e-05,0.3259328206380042,0.007349650065103792,5.086263020833075e-06,0.0,0.09677124023437007,0.2350107828775922,0.0015513102213540876,0.0,0.08479817708332901,0.19598897298176085,0.04908752441406,0.0034586588541664904
C:\Users\Fakhri\OneDrive\Documents\SM 6\Prak PC\klasifikasi_jenis_kain_glcm_knn\dataset\Nylon\nylon_095.png,Nylon,5.295824362755584,3.5364319668000386,1.707528921001412,0.6366981170710616,0.4369948045216161,0.11291538374608635,0.11378320039927735,0.017887047117553265,0.7461438389255529,0.16940283861724173,0.013266563147687677,0.004159632040969331,40.84303283691406,46.830963134765625,54.81935119628906,12.19684404844759,12.965816103558058,13.973504361448084,107.10067749023438,66.81291198730469,54.81944274902344,3.0270229918767932,12.251281119398607,13.973301342979088,0.0,0.0,0.0,2.543131510416537e-05,0.32196553548175444,0.011342366536457756,0.0,0.0,0.1354522705078056,0.19788106282551077,0.0,0.0,0.24311828613280012,0.09021504720051624,0.0,0.0
C:\Users\Fakhri\OneDrive\Documents\SM 6\Prak PC\klasifikasi_jenis_kain_glcm_knn\dataset\Cotton\cotton_127.png,Cotton,18.068548167040344,12.63361208727902,2.938529615905884,1.0518552287160814,0.32827348240358145,0.08379351953831923,0.059929049852368084,0.009519764686399462,0.9132709830363716,0.06088324643130031,0.0036821169358920384,0.0011821692953967314,72.85029602050781,77.60810852050781,84.18710327148438,39.46836112330505,40.97273428018839,43.889334093298956,106.94938659667969,36.273193359375,84.19998168945312,7.472002915251189,10.314810011529067,43.876597846937216,0.00036621093749998135,7.120768229166304e-05,0.00024922688802082063,0.0025634765624998695,0.28539530436196464,0.04409790039062275,0.0005137125651041405,7.629394531249611e-05,0.3277231852213375,0.005610148111978881,0.0,0.0,0.12283833821613958,0.16139729817707513,0.0373382568359356,0.011759440104166068
C:\Users\Fakhri\OneDrive\Documents\SM 6\Prak PC\klasifikasi_jenis_kain_glcm_knn\dataset\Wool\wool_038.png,Wool,5.631361771879953,2.414045439539686,1.6648737713023438,0.41041640592996176,0.4630467550774984,0.07357627454670614,0.12295337452995662,0.014031505239339258,0.7082730560304272,0.12499478069113779,0.015314415447585392,0.003535403598815047,37.637847900390625,40.645355224609375,44.0623779296875,11.667922770760413,12.557013135685317,13.855834370519261,103.72254943847656,37.955078125,44.207000732421875,18.612083151214772,14.14024286754904,13.761209158469176,0.004547119140624768,0.0013224283854165993,0.0035451253255206526,0.020558675130207288,0.21956380208332216,0.07735697428385023,0.005060831705728909,0.0013783772786457632,0.3216807047525878,0.011652628580728573,0.0,0.0,0.30493164062498446,0.028345743815102725,5.594889322916382e-05,0.0
C:\Users\Fakhri\OneDrive\Documents\SM 6\Prak PC\klasifikasi_jenis_kain_glcm_knn\dataset\Silk\silk_005.png,Silk,90.93552341479625,38.55811710169703,7.123873448515699,1.8785476667458956,0.1559453241660584,0.05275486182746808,0.03843904450607721,0.004740475677658315,0.3299781324076058,0.2834663540499236,0.0015000322521906554,0.0004129076484992171,116.85771179199219,153.7622528076172,173.11233520507812,32.652797309818695,33.868739750715115,31.110110966308323,100.13308715820312,85.24432373046875,173.114990234375,2.3670882746780464,21.708322828717645,31.115834413838815,5.086263020833075e-06,0.0,0.0,0.0004323323567708113,0.3328908284505039,0.0,5.086263020833075e-06,0.0,0.052307128906247335,0.27745056152342334,0.0035756429036456513,0.0,0.0,0.020914713541665603,0.21688842773436395,0.0955301920572868
C:\Users\Fakhri\OneDrive\Documents\SM 6\Prak PC\klasifikasi_jenis_kain_glcm_knn\dataset\Nylon\nylon_152.png,Nylon,8.448205883030651,5.373216011131836,2.1146543025590296,0.7532062086667564,0.3922371171875263,0.1027594629255077,0.09505042827373268,0.015057207201660596,0.7935202678606353,0.1313930742857552,0.009261303403733741,0.00292767186976933,40.67018127441406,45.35911560058594,49.29112243652344,17.51977640933908,18.116243850043062,19.627918070204974,102.33364868164062,47.15283203125,49.338165283203125,8.507161826163667,13.861224088779627,19.56577011162403,0.0005187988281249735,0.00010172526041666148,0.0005900065104166366,0.010940551757811943,0.3093312581380051,0.011789957682291066,6.103515624999689e-05,0.0,0.28574625651040214,0.04758707682291424,0.0,0.0,0.25368245442707044,0.07961018880207928,4.06901041666646e-05,0.0
C:\Users\Fakhri\OneDrive\Documents\SM 6\Prak PC\klasifikasi_jenis_kain_glcm_knn\dataset\Cotton\cotton_095.png,Cotton,23.776601444937466,16.20300791476749,3.568867820088681,1.3390827583316798,0.2701024573841146,0.09001667938161395,0.06242661892889389,0.010751351244439386,0.6894499577903758,0.21152057589919301,0.004012674304474642,0.0014361200299290936,58.69114685058594,65.12545776367188,59.07011413574219,23.551759737000936,25.31637595898115,24.780757657846305,61.20594787597656,31.267379760742188,65.13560485839844,11.800701289596871,11.902222411051934,25.313787546724594,0.0009104410807291203,0.01943969726562401,0.21159871419269755,0.09794108072916168,0.003199259440104004,0.00017293294270832453,4.577636718749767e-05,2.543131510416537e-05,0.32745869954425416,0.005874633789062201,0.0,0.0,0.17308044433592867,0.1556294759114504,0.004623413085937265,0.0
C:\Users\Fakhri\OneDrive\Documents\SM 6\Prak PC\klasifikasi_jenis_kain_glcm_knn\dataset\Nylon\nylon_119.png,Nylon,12.762980377692315,7.996041173491318,2.5637267580184795,0.8819305834926424,0.3478202610399419,0.09011441804013509,0.0640454983895538,0.010685091740176194,0.8906380244496663,0.06845767164047419,0.004215997049462322,0.001397557993356271,82.19229125976562,84.85469055175781,81.07044982910156,28.993997609189133,31.382224470660926,32.09079443900798,68.08837890625,27.696014404296875,86.88435363769531,36.36187614556185,22.218615395673186,32.23725639716388,0.046463012695310134,0.07622782389322529,0.019154866536457357,0.03294372558593582,0.14342244466145104,0.012852986653645178,0.0014750162760415915,0.0007934570312499596,0.30039469401040136,0.03276570638020666,0.00017293294270832453,0.0,0.08064778645832922,0.21240234374998918,0.03997802734374797,0.00030517578124998444
C:\Users\Fakhri\OneDrive\Documents\SM 6\Prak PC\klasifikasi_jenis_kain_glcm_knn\dataset\Silk\silk_087.png,Silk,36.89019520761989,14.648948691437202,4.070152633681862,0.9765148725676261,0.2887058673837628,0.05930413981122313,0.08056839922518293,0.010197057350509986,0.5745072335477523,0.16957673026654296,0.006595246932318047,0.0016957599946160948,41.39356994628906,56.34062194824219,74.77796936035156,23.82829650628633,27.20334075613999,31.39904112894818,105.61854553222656,119.60655212402344,74.77864074707031,5.599861115722681,24.023953864666865,31.399606180184996,1.5258789062499222e-05,0.0,0.0,0.0001780192057291576,0.2988077799479015,0.03433227539062325,0.0,0.0,0.009002685546874542,0.1884765624999904,0.1358540852864514,0.0,0.1541697184244713,0.15389506022134633,0.023895263671873782,0.0013732910156249302
C:\Users\Fakhri\OneDrive\Documents\SM 6\Prak PC\klasifikasi_jenis_kain_glcm_knn\dataset\Cotton\cotton_089.png,Cotton,23.486115185857802,16.898135299478668,3.5175817466053476,1.3609891705813246,0.2734742346342601,0.09181849639368767,0.05936868018297936,0.010774782913226316,0.7041135474151238,0.212717599936322,0.0036407361334960396,0.0013916293111726125,114.21989440917969,121.95220947265625,117.29463195800781,23.64329639028204,25.6969930945566,26.47821645288538,70.08763122558594,17.095306396484375,122.00045776367188,12.806471126977627,4.040480280829686,25.739635562708084,0.00028483072916665216,0.008000691731770426,0.1205342610677022,0.18454488118488643,0.01990763346354065,5.086263020833074e-05,0.0,1.017252604166615e-05,0.3333333333333164,0.0,0.0,0.0,0.0009206136067707864,0.19928487141926068,0.1312510172525975,0.0018768310546874044
C:\Users\Fakhri\OneDrive\Documents\SM 6\Prak PC\klasifikasi_jenis_kain_glcm_knn\dataset\Wool\wool_181.png,Wool,7.905250840859311,3.7366599148549486,1.9627182651845716,0.5554157670557531,0.43508924577247304,0.08388252805686303,0.14050470257822736,0.018188136817050605,0.5630697550414535,0.2060878485637667,0.020072379767471882,0.005194119743779422,22.47100830078125,26.760971069335938,31.194610595703125,10.94141874258165,12.118370280329733,14.443170102311404,103.52149963378906,72.48603820800781,31.258956909179688,10.133979268404808,19.179956888139646,14.380316103818727,0.0007171630859374635,0.00012715657552082686,0.00047302246093747593,0.015111287434895064,0.28102620442706905,0.03547159830728986,0.0003560384114583152,5.086263020833074e-05,0.09533691406249514,0.2365976969400921,0.0013987223307290954,0.0,0.3255310058593584,0.007802327473957936,0.0,0.0
C:\Users\Fakhri\OneDrive\Documents\SM 6\Prak PC\klasifikasi_jenis_kain_glcm_knn\dataset\Denim\denim_165.png,Denim,50.364203465965375,39.86367624777822,5.205379312816697,2.1735319240684645,0.20286206528560516,0.0798035486566296,0.03729466358807496,0.006952112901480373,0.8287171042777494,0.13551491353216813,0.0014392238059426146,0.0005595473509832877,102.96804809570312,116.82809448242188,133.71896362304688,46.57943652573068,49.295798651145255,49.50491738173933,106.44589233398438,64.481201171875,133.71896362304688,2.662074651897504,20.796765251930523,49.50491738173933,0.0,0.0,0.0,0.0,0.3310496012369623,0.0022837320963540503,0.0,0.0,0.1642405192057208,0.16904195149738724,5.086263020833074e-05,0.0,0.01698811848958247,0.14722696940103416,0.11498514811197331,0.05413309733072641
C:\Users\Fakhri\OneDrive\Documents\SM 6\Prak PC\klasifikasi_jenis_kain_glcm_knn\dataset\Nylon\nylon_064.png,Nylon,1.7232039595478152,0.5241909677102254,0.9290358746342369,0.168517751592935,0.61100710945153,0.05185327253711706,0.0868406182373045,0.006454405955485725,0.9942833121371787,0.001739272048773705,0.007582952332075473,0.001145475746102074,187.30511474609375,128.86691284179688,130.74256896972656,52.81339896801468,47.56500730205511,48.92928519159554,105.89556884765625,85.36689758300781,187.30511474609375,86.96031013884105,19.778866668891286,52.81339896801468,0.1355590820312431,0.0,0.0,0.0,0.0,0.0,0.0,0.19777425130207327,0.06127421061197605,0.2718912760416528,0.00016784667968749146,0.0,0.0,0.07101949055989222,0.07174682617187135,0.19056701660155279
C:\Users\Fakhri\OneDrive\Documents\SM 6\Prak PC\klasifikasi_jenis_kain_glcm_knn\dataset\Wool\wool_039.png,Wool,3.8786805982239123,1.5990115457347491,1.306662528792004,0.3144075449768285,0.54458996435964,0.06792463428551472,0.16634947578802584,0.017243671842158758,0.7428510782577096,0.106178709257815,0.027969492313551062,0.005836048248015466,28.081222534179688,30.479324340820312,32.63287353515625,10.329855374354212,11.13043284906705,12.306650970114395,99.81199645996094,37.83518981933594,32.87986755371094,25.290619946553594,16.05831243540509,12.158006679662712,0.010599772135416127,0.00287882486979152,0.007731119791666273,0.034088134765623265,0.19177754720051107,0.07560729980468366,0.00823974609374958,0.0024108886718748773,0.3121337890624841,0.021199544270832253,0.0,0.0,0.3279418945312333,0.005391438802083059,0.0,0.0
C:\Users\Fakhri\OneDrive\Documents\SM 6\Prak PC\klasifikasi_jenis_kain_glcm_knn\dataset\Wool\wool_020.png,Wool,5.094058872962093,2.7717936087270636,1.5767687221927753,0.479514329717273,0.4817140720796886,0.08587671835452138,0.10758218236151433,0.014606527067769496,0.8786871675245648,0.06611031885280752,0.011787276594647608,0.003202218069891809,38.579315185546875,43.96891784667969,50.959381103515625,17.16223183424916,18.3242664999764,21.712547546388286,105.62777709960938,62.80116271972656,50.99848937988281,9.248528436320278,16.43928869754601,21.658433715632185,0.0007273356119791297,0.00012207031249999378,0.0006103515624999689,0.007598876953124613,0.2813771565755065,0.04237874348958118,0.0004526774088541436,6.612141927082997e-05,0.17056783040363716,0.16274007161457504,2.543131510416537e-05,0.0,0.2446695963541542,0.08799235026041219,0.0006713867187499658,0.0
C:\Users\Fakhri\OneDrive\Documents\SM 6\Prak PC\klasifikasi_jenis_kain_glcm_knn\dataset\Wool\wool_026.png,Wool,17.366450487197707,7.713669207663538,2.8081699242320872,0.7267840267146688,0.3557050738140355,0.06869758201410879,0.07187532262340472,0.009610799345339448,0.8253438817386826,0.07748051358338322,0.005258429466274893,0.001420766526382851,51.9306640625,57.577117919921875,61.4505615234375,27.108391366312706,28.386804014914887,30.00855382898929,100.34141540527344,43.204498291015625,61.58514404296875,10.928708681081423,15.2316851160329,29.94451016815992,0.0009358723958332857,0.0004984537760416413,0.0019429524739582344,0.022669474283853012,0.2917175292968601,0.014968872070311738,0.0003763834635416475,0.00022379557291665527,0.29727172851560985,0.03605143229166483,1.017252604166615e-05,0.0,0.1945800781249901,0.1281941731770768,0.010055541992186988,0.0005035400390624744
C:\Users\Fakhri\OneDrive\Documents\SM 6\Prak PC\klasifikasi_jenis_kain_glcm_knn\dataset\Nylon\nylon_025.png,Nylon,9.72292728701122,5.540320239230554,2.3669088937382887,0.7563181954269039,0.3431279255124131,0.0927378689830688,0.0892533381823193,0.012475001409759254,0.6999403538800152,0.17136332876347574,0.008121784036860952,0.0023017816801143777,64.555908203125,92.81340026855469,92.90890502929688,14.745435701554658,16.581861045155865,17.563654705051313,90.04652404785156,80.74595642089844,93.700439453125,2.17237779483204,11.038799473572407,17.141251264830945,0.0,0.0,0.0,0.1371714274088472,0.19616190592446917,0.0,0.0,0.0,0.008890787760416213,0.32444254557290014,0.0,0.0,0.0078582763671871,0.3160196940104006,0.009455362955728686,0.0
C:\Users\Fakhri\OneDrive\Documents\SM 6\Prak PC\klasifikasi_jenis_kain_glcm_knn\dataset\Silk\silk_100.png,Silk,19.249488934517263,10.649343182236876,3.2761372862920966,0.9806396535748597,0.27901524336728656,0.07031848478163404,0.050345772250416566,0.007131079245043665,0.921587210329399,0.043407133222743394,0.002585549074689908,0.0007454008841173173,76.63668823242188,92.76316833496094,94.68318176269531,34.202621222707634,51.128163155196326,41.021018414538425,107.20904541015625,70.83673095703125,102.30018615722656,33.90033162222716,30.65751846501428,46.05828770880198,0.0037333170572914766,0.00016784667968749146,0.0004882812499999751,0.1327921549479099,0.07636006673176694,0.05000813802083079,0.020161946614582305,0.049621582031247474,0.10279846191405727,0.22238159179686368,0.008153279622395418,0.0,0.0698649088541631,0.17113240559894963,0.07739257812499606,0.014943440755207572
C:\Users\Fakhri\OneDrive\Documents\SM 6\Prak PC\klasifikasi_jenis_kain_glcm_knn\dataset\Nylon\nylon_045.png,Nylon,8.971054470273453,3.6511141634860658,2.23996134164854,0.48485001485302337,0.36409234325341466,0.0607067814613789,0.07059887828575294,0.007137993965791041,0.9067513020688502,0.03812371265132372,0.0050351525730622255,0.0010564422116545898,198.4627685546875,201.38914489746094,156.1853485107422,26.63119023827099,28.05140181458318,29.984467509071607,32.01483154296875,58.912353515625,201.5745086669922,1.7530995140586119,12.349301905245563,27.791808427919634,0.0,0.3333282470702955,5.086263020833075e-06,0.0,0.0,0.0,0.0,0.0,0.2147878011067599,0.11854553222655646,0.0,0.0,0.0,0.0003306070963541498,0.11722310384113986,0.21577962239582235
C:\Users\Fakhri\OneDrive\Documents\SM 6\Prak PC\klasifikasi_jenis_kain_glcm_knn\dataset\Cotton\cotton_049.png,Cotton,7.8632444129655354,4.849850367020137,2.0559448217102867,0.7043682984493452,0.3954937951960082,0.09823645882293428,0.08577608331020163,0.013767375759145472,0.8391564237031144,0.09934805929575197,0.007547077103332157,0.002462417104326374,211.53717041015625,218.36744689941406,195.13681030273438,18.65746512351606,19.627648246068727,24.365140784131786,39.886993408203125,27.82220458984375,218.3684539794922,4.513930182429839,9.72005173020342,19.624246548045914,0.0,0.2859141031900896,0.04741414388020592,5.086263020833075e-06,0.0,0.0,0.0,0.0,0.3331553141275872,0.0001780192057291576,0.0,0.0,0.0,1.5258789062499222e-05,0.03411356608072743,0.2992045084635264
C:\Users\Fakhri\OneDrive\Documents\SM 6\Prak PC\klasifikasi_jenis_kain_glcm_knn\dataset\Denim\denim_035.png,Denim,29.715570238894447,20.49216832973936,3.9216071223628552,1.399869245849965,0.2568845367519562,0.0731347186676059,0.0557998065674234,0.008484174429742043,0.7559312441458292,0.16822952269621458,0.0031855996287161567,0.0009819308447838893,59.294525146484375,69.83657836914062,83.60453796386719,29.120584459510507,31.780658908752333,33.7834907369541,107.11079406738281,79.42140197753906,83.6046142578125,2.839713514349306,19.666558314920515,33.783439914384964,0.0,0.0,0.0,1.5258789062499222e-05,0.3216501871744628,0.011662801106770239,5.086263020833075e-06,0.0,0.07110087076822555,0.26034545898436173,0.0018870035807290707,0.0,0.10811360677082783,0.18598937988280304,0.03841145833333138,0.000818888346354125
C:\Users\Fakhri\OneDrive\Documents\SM 6\Prak PC\klasifikasi_jenis_kain_glcm_knn\dataset\Denim\denim_070.png,Denim,28.33263652489886,16.373589550567935,3.7789909620408273,1.2142724017323194,0.27318671869032524,0.07152052292615033,0.06655787462104439,0.009381039632838395,0.693207421125336,0.17706942848835114,0.004517954578663548,0.0012744689237742753,50.674224853515625,59.05070495605469,65.10655212402344,25.937112519630006,27.445731283803177,28.862676974078802,101.48109436035156,61.29347229003906,65.15528869628906,5.8893459734288,20.57977947188584,28.85640249810254,1.5258789062499222e-05,5.086263020833075e-06,0.00012715657552082686,0.009653727213541175,0.3209635416666503,0.0025634765624998695,0.0,5.086263020833075e-06,0.17691548665363682,0.15633138020832538,8.646647135416227e-05,0.0,0.1883239746093654,0.1323801676432224,0.012563069661457694,6.612141927082997e-05
C:\Users\Fakhri\OneDrive\Documents\SM 6\Prak PC\klasifikasi_jenis_kain_glcm_knn\dataset\Wool\wool_109.png,Wool,23.57183658007268,13.701020588384775,3.53499550525863,1.144300823653389,0.2726582217278826,0.07654707820446531,0.046635196743983365,0.007429969778929431,0.854542326713954,0.08475890185255575,0.0022300460262658405,0.0007170614387426095,166.84042358398438,161.70370483398438,153.12890625,34.02159042369039,36.5719323229411,38.92532025881067,23.00848388671875,23.628982543945312,167.03375244140625,18.53299195533832,13.96298868281012,34.276708581066345,0.23717244466144627,0.0785064697265585,0.0072631835937496305,0.003295898437499832,0.0029805501302081817,0.0013020833333332671,0.001083374023437445,0.0017293294270832452,0.3328501383463372,0.0004831949869791421,0.0,0.0,0.0,0.04796346028645589,0.19650777180988582,0.08886210123697465
C:\Users\Fakhri\OneDrive\Documents\SM 6\Prak PC\klasifikasi_jenis_kain_glcm_knn\dataset\Wool\wool_102.png,Wool,48.4776251691575,24.864502251427826,4.831364754833046,1.4368996279577837,0.22775909272326714,0.06282208560307789,0.05919359722479475,0.0075875439046030205,0.5732561499112366,0.21848219321521045,0.0035614527749155077,0.0009271490514912088,73.76409912109375,77.10743713378906,72.93254089355469,29.234563675940425,30.79557302171363,29.026428482784624,62.46144104003906,20.638351440429688,77.59524536132812,29.280883281677312,11.48333166994977,30.600478333968155,0.016189575195311674,0.08262125651041247,0.10511271158853631,0.053176879882809794,0.05868530273437201,0.013534545898436811,0.0026550292968748647,0.0013580322265624308,0.3326466878255039,0.0006866455078124651,0.0,0.0,0.12085978190103551,0.1833546956380115,0.028610229492186043,0.0005086263020833075
C:\Users\Fakhri\OneDrive\Documents\SM 6\Prak PC\klasifikasi_jenis_kain_glcm_knn\dataset\Nylon\nylon_062.png,Nylon,1.8079571230850862,0.4801771395268023,0.9434729046813665,0.15454011546603,0.609903333481482,0.04773688789033843,0.10084373138788483,0.0073065530087219124,0.9894785763026355,0.0027913602752934782,0.010222843877101128,0.001505813992820603,188.47080993652344,126.79945373535156,129.39439392089844,35.81019021024099,37.53009274756792,39.214961279807994,110.02752685546875,87.4112548828125,188.47080993652344,85.91960274770577,19.235523619935112,35.81019021024099,0.12709554036457685,0.0,0.0,0.0,0.0,0.0,0.0,0.2062377929687395,0.05894978841145533,0.274383544921861,0.0,0.0,0.0,6.612141927082997e-05,0.17685953776040766,0.15640767415363788
C:\Users\Fakhri\OneDrive\Documents\SM 6\Prak PC\klasifikasi_jenis_kain_glcm_knn\dataset\Silk\silk_003.png,Silk,52.78116236452516,20.622781944244913,5.407967081799577,1.3070164148893417,0.18990654759959277,0.056038372131564505,0.05329360274180115,0.00583818828403622,0.3072924649798132,0.2698195591449837,0.002874292535640773,0.0006833329686537937,52.95240783691406,65.58937072753906,95.23799133300781,23.098132407265638,24.758533141369586,29.04516584691858,111.04562377929688,117.81585693359375,95.23805236816406,1.72626015850021,22.88684101132102,29.045210001205472,1.5258789062499222e-05,0.0,0.0,2.03450520833323e-05,0.28356424967446475,0.0497334798177058,0.0,0.0,0.007100423177082971,0.21500142415363488,0.11107889811197351,0.00015258789062499222,0.04640706380208097,0.24065653483071692,0.045384724934893525,0.0008850097656249549
C:\Users\Fakhri\OneDrive\Documents\SM 6\Prak PC\klasifikasi_jenis_kain_glcm_knn\dataset\Nylon\nylon_147.png,Nylon,7.487737456017508,4.875748336664368,2.0686651765249735,0.755024363364252,0.3801751568408633,0.10839233552765826,0.09511194296632858,0.01516056988819017,0.7546629709831651,0.15985390296515992,0.009276124574164839,0.002963091697517304,54.153778076171875,55.43841552734375,55.55645751953125,15.182413500345206,15.647787799455555,16.280165204973283,74.04545593261719,11.201980590820312,56.20341491699219,43.018216126918304,7.804800290601303,15.915427459972607,0.06077067057291357,0.023142496744790488,0.029256184895831844,0.05018107096353911,0.11466471354166083,0.04264831542968533,0.008417765299478738,0.00425211588541645,0.333312988281233,2.03450520833323e-05,0.0,0.0,0.22372945149738444,0.10960388183593192,0.0,0.0
C:\Users\Fakhri\OneDrive\Documents\SM 6\Prak PC\klasifikasi_jenis_kain_glcm_knn\dataset\Wool\wool_169.png,Wool,26.88251003968593,14.294319828695803,3.7166767408742327,1.1453109356561428,0.27259832155950775,0.07620714039500365,0.06307692894864411,0.009542884229008836,0.6536448397540695,0.18407383156801765,0.004069765605000563,0.0012657895391465443,82.66117858886719,82.92070007324219,89.14617919921875,24.084815985646664,25.03376713649394,26.584522007203223,119.70970153808594,20.904556274414062,89.17556762695312,15.492090026518776,7.811306548968903,26.55077864051739,0.0024871826171873734,0.0003255208333333168,0.0003000895182291514,0.0007425944010416289,0.06768290201822572,0.22440592447915525,0.034515380859373244,0.002873738606770687,0.3332163492838372,0.00011698404947916071,0.0,0.0,0.04912312825520583,0.2522735595702997,0.031845092773435876,9.155273437499534e-05
C:\Users\Fakhri\OneDrive\Documents\SM 6\Prak PC\klasifikasi_jenis_kain_glcm_knn\dataset\Nylon\nylon_184.png,Nylon,21.95737923287365,17.330460317223856,3.45417466352294,1.6077645312349405,0.2778568523088904,0.13672814941861977,0.05996132951308531,0.013598432830092665,0.8419110717010064,0.125022667231715,0.003780278412411336,0.001866309417233013,179.41146850585938,204.82095336914062,219.24913024902344,33.58648412073497,34.336390130258216,29.10287524581343,99.74343872070312,48.028472900390625,219.54637145996094,5.7722588691554435,14.059862420587702,29.406844928392946,0.0,0.0,0.0,0.026540120442706983,0.3067932128906094,0.0,0.0,0.0,0.29268391927081844,0.04064941406249793,0.0,0.0,0.0,0.0008799235026041219,0.06232198079426766,0.2701314290364446
C:\Users\Fakhri\OneDrive\Documents\SM 6\Prak PC\klasifikasi_jenis_kain_glcm_knn\dataset\Denim\denim_059.png,Denim,10.603278110019476,6.204459484148714,2.14184764589603,0.6616384644977245,0.42939324948853286,0.07832249279433642,0.12426017461146026,0.015851259582831668,0.7960972220897359,0.11947548825957104,0.015691853424832904,0.004008795284216717,28.969985961914062,33.5682373046875,40.0947265625,19.157960087874894,20.48708656653508,23.258325521790592,106.53556823730469,74.81031799316406,40.12237548828125,8.87822060226262,20.99975115781534,23.228136032333843,0.000615437825520802,2.543131510416537e-05,0.00026448567708331987,0.006785074869791321,0.272191365559882,0.053049723307288965,0.00039164225260414674,1.017252604166615e-05,0.09583536783853679,0.23546346028644635,0.00203450520833323,0.0,0.2865651448567562,0.044347127278643574,0.0024210611979165434,0.0
C:\Users\Fakhri\OneDrive\Documents\SM 6\Prak PC\klasifikasi_jenis_kain_glcm_knn\dataset\Wool\wool_153.png,Wool,12.647706422657459,5.785178773184472,2.325330029558047,0.6387571559433038,0.4138164472322268,0.0776121405355162,0.12633876337179292,0.016641666320261025,0.5998985816530263,0.18258151780332255,0.016238428188228803,0.004354346729014721,25.793731689453125,30.649581909179688,32.89312744140625,14.961553341269587,16.060345171255015,17.40725873379724,96.86235046386719,59.94288635253906,33.124359130859375,12.500100868441992,20.149604200391302,17.25881709365006,0.0013783772786457632,0.0006205240885416351,0.0037129720052081444,0.04420979817708108,0.27085367838540286,0.012151082356770215,0.0003356933593749829,7.120768229166304e-05,0.1849670410156156,0.14776611328124248,0.0005900065104166366,1.017252604166615e-05,0.3120422363281091,0.021169026692707257,0.00012207031249999378,0.0
C:\Users\Fakhri\OneDrive\Documents\SM 6\Prak PC\klasifikasi_jenis_kain_glcm_knn\dataset\Cotton\cotton_166.png,Cotton,2.57838094520855,1.2584065521847458,1.1222560820908758,0.3152083034835906,0.5668447492324346,0.08103835587860439,0.16531205265804064,0.019677476276383794,0.7850636176740008,0.10492465283549532,0.027715277826622448,0.006622852750833156,34.035888671875,36.8050537109375,47.34513854980469,9.169987885681396,9.70940329277771,11.814065697386933,113.8218994140625,72.22015380859375,47.34550476074219,4.535822736409842,12.773351264073396,11.81322835346208,1.017252604166615e-05,0.0,0.0,9.155273437499534e-05,0.11557006835936912,0.21754455566405143,0.00011189778645832764,5.086263020833075e-06,0.0765533447265586,0.25677998860675777,0.0,0.0,0.30583699544269277,0.0274963378906236,0.0,0.0
C:\Users\Fakhri\OneDrive\Documents\SM 6\Prak PC\klasifikasi_jenis_kain_glcm_knn\dataset\Denim\denim_097.png,Denim,5.698913981957181,3.190467758588722,1.5072059209935622,0.4792091047774578,0.5238281412120537,0.08741387583082061,0.16051190734971002,0.02097192292902912,0.7852297324813371,0.12026730622747887,0.026203893952383036,0.006852619605370712,22.98553466796875,27.263397216796875,29.799026489257812,13.067473148044819,14.77740892486689,17.21785050125133,95.1241455078125,59.07508850097656,30.124038696289062,18.90620720558998,19.781042301758387,16.94792127861922,0.0052134195963539015,0.0027160644531248617,0.010925292968749443,0.051610310872393206,0.242574055989571,0.01949055989583234,0.0006306966145833012,0.00017293294270832453,0.18440246582030312,0.14878845214842992,0.00014241536458332608,0.0,0.32005818684894205,0.012649536132811856,0.0006052652994791358,2.03450520833323e-05
C:\Users\Fakhri\OneDrive\Documents\SM 6\Prak PC\klasifikasi_jenis_kain_glcm_knn\dataset\Denim\denim_078.png,Denim,16.013729539053397,9.576386122482415,2.7395440076103585,0.9065747972503029,0.3590996023356568,0.08483954211952383,0.10120511967480601,0.014585185108605453,0.7130251450969255,0.1716549522209365,0.010455203873044093,0.0030745507742345308,32.99354553222656,41.159637451171875,50.47474670410156,19.083067265626806,21.436563943319698,24.89513780724038,105.24118041992188,91.6644287109375,50.483184814453125,4.528619087860772,19.635868291231276,24.88438521251952,0.0,0.0,1.017252604166615e-05,0.00210062662760406,0.3251749674479001,0.006042480468749692,5.086263020833075e-06,0.0,0.029891967773435977,0.29550170898435996,0.00793965657552043,0.0,0.2494812011718623,0.08028666178385008,0.0035349527994789865,3.0517578124998445e-05
C:\Users\Fakhri\OneDrive\Documents\SM 6\Prak PC\klasifikasi_jenis_kain_glcm_knn\dataset\Silk\silk_180.png,Silk,34.28454528816079,18.36934216618532,3.76697549730603,1.1283669553220526,0.3415096252207874,0.06170259867262363,0.0828251520077062,0.00836917231557306,0.923305944584648,0.041121362764392065,0.00693004885034739,0.00141057908393927,93.50680541992188,90.49104309082031,102.30596923828125,59.30884356175414,59.059304738303226,65.94686076372507,127.70443725585938,30.612701416015625,102.45584106445312,23.971694450974493,10.964056479005043,65.80698634157108,0.008336385091145409,0.0006459554036458004,0.00036112467447914825,0.00042215983072914516,0.004191080729166454,0.21979268391925963,0.08305867513020411,0.016525268554686657,0.33271789550779557,0.000615437825520802,0.0,0.0,0.13753255208332632,0.07619730631510029,0.07372538248697541,0.04587809244791433
C:\Users\Fakhri\OneDrive\Documents\SM 6\Prak PC\klasifikasi_jenis_kain_glcm_knn\dataset\Wool\wool_079.png,Wool,9.587042274037428,5.078741610813704,2.1849866830753615,0.6474220986082837,0.39524788875767375,0.08132962969834961,0.060464856040865246,0.008336574931265467,0.9680116057713949,0.016937013194585234,0.0037254972976271633,0.0010301977346531452,82.056884765625,94.6400146484375,119.82682800292969,43.970057257934265,49.39538326936807,60.39236404841683,109.81967163085938,83.69828796386719,119.82710266113281,2.7290094660171493,15.636915011676846,60.39194339553714,0.0,0.0,0.0,8.13802083333292e-05,0.3017883300781096,0.03145345052083173,1.017252604166615e-05,0.0,0.028956095377602693,0.30279541015623457,0.001581827799479086,0.0,0.09571838378905763,0.06074015299478858,0.14031982421874287,0.036554972330727305
